Site,Split,Sequence,Secondary,Left Stability,Right Stability,Stability Sum
159,True,MVSKGEEDNMAIIKEFMRFKVHMEGSVNGHEFEIEGEGEGRPYEGTQTAKLKVTKGGPLPFAWDILSPQFMYGSKAYVKHPADIPDYLKLSFPEGFKWERVMNFEDGGVVTVTQDSSLQDGEFIYKVKLRGTNFPSDGPVMQKKTMGWEASSERMYPEDGALKGEIKQRLKLKDGGHYDAEVKTTYKAKKPVQLPGAYNVNIKLDITSHNEDYTIVEQYERAEGRHSTGGMDELYK,CCCCCCCCCCCCCCCCCEEEEEEEEEECCEEEEEEEEEEECCCCEEEEEEEEEECCCCCCCCHHHHHCCCCCCCEECCCCCCCCCHHHHHHCCCCCEEEEEEEECCCCEEEEEEEEEEECCEEEEEEEEEEECCCCCCCCCCCCCCCCCCCEEEEECCCCEEEEEEEEEEEECCCCEEEEEEEEEEECCCCCCCCCCEEEEEEEEECCCCCCEEEEEEEEEEEECCCCCCHHHHCC,5.231825,0.33545357,5.5672784
107,False,MVSKGEEDNMAIIKEFMRFKVHMEGSVNGHEFEIEGEGEGRPYEGTQTAKLKVTKGGPLPFAWDILSPQFMYGSKAYVKHPADIPDYLKLSFPEGFKWERVMNFEDGGVVTVTQDSSLQDGEFIYKVKLRGTNFPSDGPVMQKKTMGWEASSERMYPEDGALKGEIKQRLKLKDGGHYDAEVKTTYKAKKPVQLPGAYNVNIKLDITSHNEDYTIVEQYERAEGRHSTGGMDELYK,CCCCCCCCCCCCCCCCCEEEEEEEEEECCEEEEEEEEEEECCCCEEEEEEEEEECCCCCCCCHHHHHCCCCCCCEECCCCCCCCCHHHHHHCCCCCEEEEEEEECCCCEEEEEEEEEEECCEEEEEEEEEEECCCCCCCCCCCCCCCCCCCEEEEECCCCEEEEEEEEEEEECCCCEEEEEEEEEEECCCCCCCCCCEEEEEEEEECCCCCCEEEEEEEEEEEECCCCCCHHHHCC,3.0262668,5.883794,8.910061
79,False,MVSVIKPEMKMRYYMDGSVNGHEFTIEGEGTGRPYEGHQEMTLRVTMAEGGPMPFAFDLVSHVFCYGHRVFTKYPEEIPDYFKQAFPEGLSWERSLEFEDGGSASVSAHISLRGNTFYHKSKFTGVNFPADGPIMQNQSVDWEPSTEKITASDGVLKGDVTMYLKLEGGGNHKCQMKTTYKAAKEILEMPGDHYIGHRLVRKTEGNITEQVEDAVAHS,CCCCCCCCCEEEEEEEEEECCEEEEEEEEEEECCCCEEEEEEEEEEECCCCCCCCCHHHHHHHHHHCCCCCCCCCCCCCCHHHHHCCCCCEEEEEEEECCCCEEEEEEEEEEECCEEEEEEEEEEECCCCCCCCCCCCCCCCCCCEEEEECCCCEEEEEEEEEEEECCCCEEEEEEEEEEECCCCHHHCCCCCCCEEEEEEECCCCEEEEEEEEEECC,1.0219711,5.860622,6.882593
187,False,MSKGEELFTGVVPILVELDGDVNGHKFSVSGEGEGDATYGKLTLKFICTTGKLPVPWPTLVTTFSYGVQCFSRYPDHMKQHDFFKSAMPEGYVQERTIFFKDDGNYKTRAEVKFEGDTLVNRIELKGIDFKEDGNILGHKLEYNYNSHNVYIMADKQKNGIKVNFKIRHNIEDGSVQLADHYQQNTPIGDGPVLLPDNHYLSTQSALSKDPNEKRDHMVLLEFVTAAGITHGMDELYK,CCCCHHHCCCCCEEEEEEEEEECCEEEEEEEEEEECCCCEEEEEEEEEECCCCCCCHHHHHHHCCCCCEECCCCCCCCCCCCHHHHHCCCCCEEEEEEEEECCCEEEEEEEEEEECCEEEEEEEEEEECCCCCCCCCCCCCCCCCCCCCEEEEECCCCCCEEEEEEEEEECCCCCEEEEEEECCCCCCCCCCCCCCCCEEEEEEEEECCCCCCCCCCEEEEEEHHHCCCCCCCCCCCC,10.677658,0.2479504,10.925609
154,True,MVSKGEELFTGVVPILVELDGDVNGHKFSVSGEGEGDATYGKLTLKFICTTGKLPVPWPTLVTTLTWGVQCFARYPDHMKQHDFFKSAMPEGYVQERTIFFKDDGNYKTRAEVKFEGDTLVNRIELKGIDFKEDGNILGHKLEYNYISHNVYITADKQKNGIKANFKIRHNIEDGGVQLADHYQQNTPIGDGPVLLPDNHYLSTQSKLSKDPNEKRDHMVLLEFVTAAGITLGMDELYK,CCCCHHHHCCCCCCEEEEEEEEECCEEEEEEEEEEECCCCEEEEEEEEEECCCCCCCHHHHHHHHCCCCCCCCCCCCCCCCCCHHHHHCCCCEEEEEEEEEECCCEEEEEEEEEEECCEEEEEEEEEEECCCCCCCCCCCCCCCCCCCCCEEEEECCCCCEEEEEEEEEEEECCCCEEEEEEEEEEEECCCCCCCCCCCEEEEEEEEECCCCCCCCCCEEEEEHHHHCCCCCCCCCCCC,9.369656,1.7973996,11.167055
157,True,MSKGEELFTGVVPILVELDGDVNGHKFSVSGEGEGDATYGKLTLKFICTTGKLPVPWPTLVTTFSYGVQCFSRYPDHMKQHDFFKSAMPEGYVQERTIFFKDDGNYKTRAEVKFEGDTLVNRIELKGIDFKEDGNILGHKLEYNYNSHNVYIMADKQKNGIKVNFKIRHNIEDGSVQLADHYQQNTPIGDGPVLLPDNHYLSTQSALSKDPNEKRDHMVLLEFVTAAGITHGMDELYK,CCCCHHHCCCCCEEEEEEEEEECCEEEEEEEEEEECCCCEEEEEEEEEECCCCCCCHHHHHHHCCCCCEECCCCCCCCCCCCHHHHHCCCCCEEEEEEEEECCCEEEEEEEEEEECCEEEEEEEEEEECCCCCCCCCCCCCCCCCCCCCEEEEECCCCCCEEEEEEEEEECCCCCEEEEEEECCCCCCCCCCCCCCCCEEEEEEEEECCCCCCCCCCEEEEEEHHHCCCCCCCCCCCC,8.215739,0.78302836,8.998768
172,True,MSKGEELFTGVVPILVELDGDVNGHKFSVSGEGEGDATYGKLTLKFICTTGKLPVPWPTLVTTFSHGVQCFSRYPDHMKRHDFFKSAMPEGYVQERTIFFKDDGNYKTRAEVKFEGDTLVNRIELKGIDFKEDGNILGHKLEYNFNSHNVYIMADKQKNGIKVNFKIRHNIEDGSVQLADHYQQNTPIGDGPVLLPDNHYLSTQSALSKDPNEKRDHMVLLEFVTAAGITHGMDELYK,CCCCHHHCCCCCEEEEEEEEEECCEEEEEEEEEEECCCCEEEEEEEEEECCCCCCCHHHHHCCCCCCCEECCCCCCCCCCCCHHHHHCCCCCEEEEEEEEECCCEEEEEEEEEEECCEEEEEEEEEEECCCCCCCCCCCCCCCCCCCCCEEEECCCCCCCEEEEEEEEEECCCCCEEEEEEECCCCCCCCCCCCCCCCEEEEEEEEECCCCCCCCCEEEEEEEEHHCCCCCCCCCCCC,8.853666,0.81920063,9.672867
160,True,MVSKGEEDNMAIIKEFMRFKVHMEGSVNGHEFEIEGEGEGRPYEGTQTAKLKVTKGGPLPFAWDILSPQFMYGSKAYVKHPADIPDYLKLSFPEGFKWERVMNFEDGGVVTVTQDSSLQDGEFIYKVKLRGTNFPSDGPVMQKKTMGWEASSERMYPEDGALKGEIKQRLKLKDGGHYDAEVKTTYKAKKPVQLPGAYNVNIKLDITSHNEDYTIVEQYERAEGRHSTGGMDELYK,CCCCCCCCCCCCCCCCCEEEEEEEEEECCEEEEEEEEEEECCCCEEEEEEEEEECCCCCCCCHHHHHCCCCCCCEECCCCCCCCCHHHHHHCCCCCEEEEEEEECCCCEEEEEEEEEEECCEEEEEEEEEEECCCCCCCCCCCCCCCCCCCEEEEECCCCEEEEEEEEEEEECCCCEEEEEEEEEEECCCCCCCCCCEEEEEEEEECCCCCCEEEEEEEEEEEECCCCCCHHHHCC,5.0719233,2.1750574,7.2469807
142,False,MSVIKPDMKIKLRMEGAVNGHPFAIEGVGLGKPFEGKQSMDLKVKEGGPLPFAYDILTTVFCYGNRVFAKYPENIVDYFKQSFPEGYSWERSMNYEDGGICNATNDITLDGDCYIYEIRFDGVNFPANGPVMQKRTVKWEPSTEKLYVRDGVLKGDVNMALSLEGGGHYRCDFKTTYKAKKVVQLPDYHFVDHHIEIKSHDKDYSNVNLHEHAEAHSELPRQAK,CCCCCCCCEEEEEEEEEECCEEEEEEEEEEECCCCCEEEEEEEEECCCCCCCCHHHHHCHHCCCCEECCCCCCCCCCHHHHHCCCCEEEEEEEEECCCCEEEEEEEEEEECCEEEEEEEEEEECCCCCCCCCCCCCCCCCCCEEEEEECCCEEEEEEEEEEEECCCCEEEEEEECEEECCCCCCCCCCEEEEEEEEEEEECCCCCEEEEEEEEEEECCCCCCCC,7.9544864,0.6030438,8.55753
72,False,MVSKGEELFTGVVPILVELDGDVNGHKFSVSGEGEGDATYGKLTLKFICTTGKLPVPWPTLVTTLTWGVQCFARYPDHMKQHDFFKSAMPEGYVQERTIFFKDDGNYKTRAEVKFEGDTLVNRIELKGIDFKEDGNILGHKLEYNYISHNVYITADKQKNGIKANFKIRHNIEDGGVQLADHYQQNTPIGDGPVLLPDNHYLSTQSKLSKDPNEKRDHMVLLEFVTAAGITLGMDELYK,CCCCHHHHCCCCCCEEEEEEEEECCEEEEEEEEEEECCCCEEEEEEEEEECCCCCCCHHHHHHHHCCCCCCCCCCCCCCCCCCHHHHHCCCCEEEEEEEEEECCCEEEEEEEEEEECCEEEEEEEEEEECCCCCCCCCCCCCCCCCCCCCEEEEECCCCCEEEEEEEEEEEECCCCEEEEEEEEEEEECCCCCCCCCCCEEEEEEEEECCCCCCCCCCEEEEEHHHHCCCCCCCCCCCC,0.7623075,6.387421,7.149729
212,True,MSKGEELFTGVVPILVELDGDVNGHKFSVSGEGEGDATYGKLTLKFICTTGKLPVPWPTLVTTFSYGVQCFSRYPDHMKQHDFFKSAMPEGYVQERTIFFKDDGNYKTRAEVKFEGDTLVNRIELKGIDFKEDGNILGHKLEYNYNSHNVYIMADKQKNGIKVNFKIRHNIEDGSVQLADHYQQNTPIGDGPVLLPDNHYLSTQSALSKDPNEKRDHMVLLEFVTAAGITHGMDELYK,CCCCHHHCCCCCEEEEEEEEEECCEEEEEEEEEEECCCCEEEEEEEEEECCCCCCCHHHHHHHCCCCCEECCCCCCCCCCCCHHHHHCCCCCEEEEEEEEECCCEEEEEEEEEEECCEEEEEEEEEEECCCCCCCCCCCCCCCCCCCCCEEEEECCCCCCEEEEEEEEEECCCCCEEEEEEECCCCCCCCCCCCCCCCEEEEEEEEECCCCCCCCCCEEEEEEHHHCCCCCCCCCCCC,10.683212,0.21535376,10.898566
59,True,EEDNNAIIKEFMRFKVHMEGSVNGHEFEIEGEGEGHPYEGTQTAKLKVTKGGPLPFAWDILSPQFMYGSKAYVKHPADIPDYLKLSFPEGFTWERVMNFEDGGVVTVTQDSSLQDGEFIYKVKLLGTNFPSDGPVMQKKTNGWEASTERMYPEDGALKGEINQRLKLKDGGHYDAEVKTTYKAKKPVQLPGAYNVDIKLDITSHNEDYTIVEQYERAEGRHSTGG,CCCCCCCCCCCCEEEEEEEEEECCEEEEEEEEEEECCCCEEEEEEEEEECCCCCCCCHHHHHCHHCCCCEECCCCCCCCCHHHHHHCCCCEEEEEEEEECCCCEEEEEEEEEEECCEEEEEEEEEEECCCCCCCCCCCCCCCCCCCEEEEECCCCEEEEEEEEEEEECCCCEEEEEEEEEEECCCCCCCCCCEEEEEEEEECCCCCCCEEEEEEEEEEEEECCCC,0.16169886,7.176877,7.338576
156,True,MVSKGEELFTGVVPILVELDGDVNGHKFSVSGEGEGDATYGKLTLKFICTTGKLPVPWPTLVTTLTWGVQCFARYPDHMKQHDFFKSAMPEGYVQERTIFFKDDGNYKTRAEVKFEGDTLVNRIELKGIDFKEDGNILGHKLEYNYISHNVYITADKQKNGIKANFKIRHNIEDGGVQLADHYQQNTPIGDGPVLLPDNHYLSTQSKLSKDPNEKRDHMVLLEFVTAAGITLGMDELYK,CCCCHHHHCCCCCCEEEEEEEEECCEEEEEEEEEEECCCCEEEEEEEEEECCCCCCCHHHHHHHHCCCCCCCCCCCCCCCCCCHHHHHCCCCEEEEEEEEEECCCEEEEEEEEEEECCEEEEEEEEEEECCCCCCCCCCCCCCCCCCCCCEEEEECCCCCEEEEEEEEEEEECCCCEEEEEEEEEEEECCCCCCCCCCCEEEEEEEEECCCCCCCCCCEEEEEHHHHCCCCCCCCCCCC,8.4946785,1.4614661,9.956144
169,True,MVSVIKPEMKMRYYMDGSVNGHEFTIEGEGTGRPYEGHQEMTLRVTMAEGGPMPFAFDLVSHVFCYGHRVFTKYPEEIPDYFKQAFPEGLSWERSLEFEDGGSASVSAHISLRGNTFYHKSKFTGVNFPADGPIMQNQSVDWEPSTEKITASDGVLKGDVTMYLKLEGGGNHKCQMKTTYKAAKEILEMPGDHYIGHRLVRKTEGNITEQVEDAVAHS,CCCCCCCCCEEEEEEEEEECCEEEEEEEEEEECCCCEEEEEEEEEEECCCCCCCCCHHHHHHHHHHCCCCCCCCCCCCCCHHHHHCCCCCEEEEEEEECCCCEEEEEEEEEEECCEEEEEEEEEEECCCCCCCCCCCCCCCCCCCEEEEECCCCEEEEEEEEEEEECCCCEEEEEEEEEEECCCCHHHCCCCCCCEEEEEEECCCCEEEEEEEEEECC,4.5136213,0.2062636,4.719885
85,False,MVSKGEEDNMAIIKEFMRFKVHMEGSVNGHEFEIEGEGEGRPYEGTQTAKLKVTKGGPLPFAWDILSPQFMYGSKAYVKHPADIPDYLKLSFPEGFKWERVMNFEDGGVVTVTQDSSLQDGEFIYKVKLRGTNFPSDGPVMQKKTMGWEASSERMYPEDGALKGEIKQRLKLKDGGHYDAEVKTTYKAKKPVQLPGAYNVNIKLDITSHNEDYTIVEQYERAEGRHSTGGMDELYK,CCCCCCCCCCCCCCCCCEEEEEEEEEECCEEEEEEEEEEECCCCEEEEEEEEEECCCCCCCCHHHHHCCCCCCCEECCCCCCCCCHHHHHHCCCCCEEEEEEEECCCCEEEEEEEEEEECCEEEEEEEEEEECCCCCCCCCCCCCCCCCCCEEEEECCCCEEEEEEEEEEEECCCCEEEEEEEEEEECCCCCCCCCCEEEEEEEEECCCCCCEEEEEEEEEEEECCCCCCHHHHCC,0.46483374,4.128308,4.5931416
165,False,MVSVIKPEMKMRYYMDGSVNGHEFTIEGEGTGRPYEGHQEMTLRVTMAEGGPMPFAFDLVSHVFCYGHRVFTKYPEEIPDYFKQAFPEGLSWERSLEFEDGGSASVSAHISLRGNTFYHKSKFTGVNFPADGPIMQNQSVDWEPSTEKITASDGVLKGDVTMYLKLEGGGNHKCQMKTTYKAAKEILEMPGDHYIGHRLVRKTEGNITEQVEDAVAHS,CCCCCCCCCEEEEEEEEEECCEEEEEEEEEEECCCCEEEEEEEEEEECCCCCCCCCHHHHHHHHHHCCCCCCCCCCCCCCHHHHHCCCCCEEEEEEEECCCCEEEEEEEEEEECCEEEEEEEEEEECCCCCCCCCCCCCCCCCCCEEEEECCCCEEEEEEEEEEEECCCCEEEEEEEEEEECCCCHHHCCCCCCCEEEEEEECCCCEEEEEEEEEECC,5.4920716,0.12528852,5.61736
122,True,MVAGHASGSPAFGTASHSNCEHEEIHLAGSIQPHGALLVVSEHDHRVIQASANAAEFLNLGSVLGVPLAEIDGDLLIKILPHLDPTAEGMPVAVRCRIGNPSTEYCGLMHRPPEGGLIIELERAGPSIDLSGTLAPALERIRTAGSLRALCDDTVLLFQQCTGYDRVMVYRFDEQGHGLVFSECHVPGLESYFGNRYPSSTVPQMARQLYVRQRVRVLVDVTYQPVPLEPRLSPLTGRDLDMSGCFLRSMSPCHLQFLKDMGVRATLAVSLVVGGKLWGLVVCHHYLPRFIRFELRAICKRLAERIATRITALES,CCCCCCCCCCCCCCCCCCHHHCCCCCCCCCCCCCEEEEEEECCCCEEEEEECCHHHHCCCHHHCCCCHHHHCCHHHHHHHHCCCCCCCCCCCEEEEEECCCCCEEEEEEEECCCCEEEEEEEECCCCCCHHHHHHHHHHHHHHCCCHHHHHHHHHHHHHHHHCCCCEEEEEECCCCCEEEEEEEECCCCCCCCCCCCCCCCCCHHHHHHHHHCCCEEECCCCCCCCCCCCCCCCCCCCCCCCCCCCCCCCCHHHHHHHHHCCCCCEEEEEEEECCEEEEEEECCCCCCCCCCHHHHHHHHHHHHHHHHHHHHHHC,6.1855407,5.8453836,12.030924
26,False,MVSVIKPEMKMRYYMDGSVNGHEFTIEGEGTGRPYEGHQEMTLRVTMAEGGPMPFAFDLVSHVFCYGHRVFTKYPEEIPDYFKQAFPEGLSWERSLEFEDGGSASVSAHISLRGNTFYHKSKFTGVNFPADGPIMQNQSVDWEPSTEKITASDGVLKGDVTMYLKLEGGGNHKCQMKTTYKAAKEILEMPGDHYIGHRLVRKTEGNITEQVEDAVAHS,CCCCCCCCCEEEEEEEEEECCEEEEEEEEEEECCCCEEEEEEEEEEECCCCCCCCCHHHHHHHHHHCCCCCCCCCCCCCCHHHHHCCCCCEEEEEEEECCCCEEEEEEEEEEECCEEEEEEEEEEECCCCCCCCCCCCCCCCCCCEEEEECCCCEEEEEEEEEEEECCCCEEEEEEEEEEECCCCHHHCCCCCCCEEEEEEECCCCEEEEEEEEEECC,0.29781953,2.0106072,2.3084269
156,True,MVSKGEELFTGVVPILVELDGDVNGHKFSVSGEGEGDATYGKLTLKFICTTGKLPVPWPTLVTTLTWGVQCFSRYPDHMKQHDFFKSAMPEGYVQERTIFFKDDGNYKTRAEVKFEGDTLVNRIELKGIDFKEDGNILGHKLEYNYISHNVYITADKQKNGIKANFKIRHNIEDGSVQLADHYQQNTPIGDGPVLLPDNHYLSTQSALSKDPNEKRDHMVLLEFVTAAGITLGMDELYK,CCCCHHHHCCCCCCEEEEEEEEECCEEEEEEEEEEECCCCEEEEEEEEEECCCCCCCHHHHHHHCCCCCCCCCCCCCCCCCCCHHHHHCCCCCEEEEEEEEECCCEEEEEEEEEEECCEEEEEEEEEEECCCCCCCCCCCCCCCCCCCCCEEEEECCCCCCEEEEEEEEEECCCCCEEEEEEECCCCCCCCCCCCCCCCEEEEEEEEECCCCCCCCCCEEEEEEHHHCCCCCCCCCCCC,8.816635,1.301167,10.117802
188,True,MVSELIKENMPMKLYMEGTVNNHHFKCTSEGEGKPYEGTQTMRIKVVEGGPLPFAFDILATSFMYGSRTFIKHPPGIPDFFKQSFPEGFTWERVTTYEDGGVLTATQDTSLQDGCLIYNVKVRGVNFPANGPVMQKKTLGWEASTETMYPADGGLEGACDMALKLVGGGHLICNLETTYRSKKPATNLKMPGVYNVDHRLERIKEADDETYVEQHEVAVARYSTGGAGDGGK,CCCCCCCCCCCEEEEEEEEECCEEEEEEEEEEECCCCCEEEEEEEEECCCCCCCCHHHHHCHHCCCCCCCCCCCCCCCCHHHHHCCCCCEEEEEEEECCCCEEEEEEEEEEECCEEEEEEEEEEECCCCCCCCCCCCCCCCCCCEEEEECCCCEEEEEEEEEEEECCCCEEEEEEEEEEEECCCCCCCCCCCCCEEEEEEEEEECCCCCCEEEEEEEEEEECCCCCCCCCCC,2.7941804,-0.055861562,2.738319
208,True,EEDNNAIIKEFMRFKVHMEGSVNGHEFEIEGEGEGHPYEGTQTAKLKVTKGGPLPFAWDILSPQFMYGSKAYVKHPADIPDYLKLSFPEGFTWERVMNFEDGGVVTVTQDSSLQDGEFIYKVKLLGTNFPSDGPVMQKKTNGWEASTERMYPEDGALKGEINQRLKLKDGGHYDAEVKTTYKAKKPVQLPGAYNVDIKLDITSHNEDYTIVEQYERAEGRHSTGG,CCCCCCCCCCCCEEEEEEEEEECCEEEEEEEEEEECCCCEEEEEEEEEECCCCCCCCHHHHHCHHCCCCEECCCCCCCCCHHHHHHCCCCEEEEEEEEECCCCEEEEEEEEEEECCEEEEEEEEEEECCCCCCCCCCCCCCCCCCCEEEEECCCCEEEEEEEEEEEECCCCEEEEEEEEEEECCCCCCCCCCEEEEEEEEECCCCCCCEEEEEEEEEEEEECCCC,8.493872,0.18241565,8.676288
507,True,MSKGEELFTGVVPILVELDGDVNGHKFSVSGEGEGDATYGKLTLKFICTTGKLPVPWPTLVTTFSYGVQCFSRYPDHMKQHDFFKSAMPEGYVQERTIFFKDDGNYKTRAEVKFEGDTLVNRIELKGIDFKEDGNILGHKLEYNYNSHNVYIMADKQKNGIKVNFKIRHNIEDGSVQLADHYQQNTPIGDGPVLLPDNHYLSTQSALSKDPNEKRDHMVLLEFVTAAGITHGMDELYK,CCCCHHHCCCCCEEEEEEEEEECCEEEEEEEEEEECCCCEEEEEEEEEECCCCCCCHHHHHHHCCCCCEECCCCCCCCCCCCHHHHHCCCCCEEEEEEEEECCCEEEEEEEEEEECCEEEEEEEEEEECCCCCCCCCCCCCCCCCCCCCEEEEECCCCCCEEEEEEEEEECCCCCEEEEEEECCCCCCCCCCCCCCCCEEEEEEEEECCCCCCCCCCEEEEEEHHHCCCCCCCCCCCC,11.796337,0.40984982,12.206187
71,False,MSKGEELFTGVVPILVELDGDVNGHKFSVSGEGEGDATYGKLTLKFICTTGKLPVPWPTLVTTFSYGVQCFSRYPDHMKQHDFFKSAMPEGYVQERTIFFKDDGNYKTRAEVKFEGDTLVNRIELKGIDFKEDGNILGHKLEYNYNSHNVYIMADKQKNGIKVNFKIRHNIEDGSVQLADHYQQNTPIGDGPVLLPDNHYLSTQSALSKDPNEKRDHMVLLEFVTAAGITHGMDELYK,CCCCHHHCCCCCEEEEEEEEEECCEEEEEEEEEEECCCCEEEEEEEEEECCCCCCCHHHHHHHCCCCCEECCCCCCCCCCCCHHHHHCCCCCEEEEEEEEECCCEEEEEEEEEEECCEEEEEEEEEEECCCCCCCCCCCCCCCCCCCCCEEEEECCCCCCEEEEEEEEEECCCCCEEEEEEECCCCCCCCCCCCCCCCEEEEEEEEECCCCCCCCCCEEEEEEHHHCCCCCCCCCCCC,0.38868338,6.066833,6.4555163
155,True,MVSKGEELFTGVVPILVELDGDVNGHKFSVSGEGEGDATYGKLTLKFICTTGKLPVPWPTLVTTLTWGVQCFARYPDHMKQHDFFKSAMPEGYVQERTIFFKDDGNYKTRAEVKFEGDTLVNRIELKGIDFKEDGNILGHKLEYNYISHNVYITADKQKNGIKANFKIRHNIEDGGVQLADHYQQNTPIGDGPVLLPDNHYLSTQSKLSKDPNEKRDHMVLLEFVTAAGITLGMDELYK,CCCCHHHHCCCCCCEEEEEEEEECCEEEEEEEEEEECCCCEEEEEEEEEECCCCCCCHHHHHHHHCCCCCCCCCCCCCCCCCCHHHHHCCCCEEEEEEEEEECCCEEEEEEEEEEECCEEEEEEEEEEECCCCCCCCCCCCCCCCCCCCCEEEEECCCCCEEEEEEEEEEEECCCCEEEEEEEEEEEECCCCCCCCCCCEEEEEEEEECCCCCCCCCCEEEEEHHHHCCCCCCCCCCCC,9.828112,0.4434392,10.271551
167,False,MVSKGEELFTGVVPILVELDGDVNGHKFSVSGEGEGDATYGKLTLKFICTTGKLPVPWPTLVTTFGYGLQCFARYPDHMKQHDFFKSAMPEGYVQERTIFFKDDGNYKTRAEVKFEGDTLVNRIELKGIDFKEDGNILGHKLEYNYNSHNVYIMADKQKNGIKVNFKIRHNIEDGSVQLADHYQQNTPIGDGPVLLPDNHYLSYQSALSKDPNEKRDHMVLLEFVTAAGITLGMDELYK,CCCCHHHHCCCCCCEEEEEEEEECCEEEEEEEEEEECCCCEEEEEEEEEECCCCCCCHHHHHCCCCCCCEEECCCCCCCCCCCHHHHHCCCCCEEEEEEEEECCCEEEEEEEEEEECCEEEEEEEEEEECCCCCCCCCCCEEEECCCCCCEEEECCCCCCCEEEEEEEEEECCCCCEEEEEEECCCCCCCCCCCCCCCCEEEEEEEEECCCCCCCCCCEEEEEEHHHCCCCCCCCCCCC,5.505393,0.19028981,5.695683
140,False,MVSKGEELFTGVVPILVELDGDVNGHKFSVSGEGEGDATYGKLTLKFICTTGKLPVPWPTLVTTFGYGLQCFARYPDHMKQHDFFKSAMPEGYVQERTIFFKDDGNYKTRAEVKFEGDTLVNRIELKGIDFKEDGNILGHKLEYNYNSHNVYIMADKQKNGIKVNFKIRHNIEDGSVQLADHYQQNTPIGDGPVLLPDNHYLSYQSALSKDPNEKRDHMVLLEFVTAAGITLGMDELYK,CCCCHHHHCCCCCCEEEEEEEEECCEEEEEEEEEEECCCCEEEEEEEEEECCCCCCCHHHHHCCCCCCCEEECCCCCCCCCCCHHHHHCCCCCEEEEEEEEECCCEEEEEEEEEEECCEEEEEEEEEEECCCCCCCCCCCEEEECCCCCCEEEECCCCCCCEEEEEEEEEECCCCCEEEEEEECCCCCCCCCCCCCCCCEEEEEEEEECCCCCCCCCCEEEEEEHHHCCCCCCCCCCCC,7.81284,3.0550902,10.86793
181,True,MSVIKPDMKIKLRMEGAVNGHPFAIEGVGLGKPFEGKQSMDLKVKEGGPLPFAYDILTTVFCYGNRVFAKYPENIVDYFKQSFPEGYSWERSMNYEDGGICNATNDITLDGDCYIYEIRFDGVNFPANGPVMQKRTVKWEPSTEKLYVRDGVLKGDVNMALSLEGGGHYRCDFKTTYKAKKVVQLPDYHFVDHHIEIKSHDKDYSNVNLHEHAEAHSELPRQAK,CCCCCCCCEEEEEEEEEECCEEEEEEEEEEECCCCCEEEEEEEEECCCCCCCCHHHHHCHHCCCCEECCCCCCCCCCHHHHHCCCCEEEEEEEEECCCCEEEEEEEEEEECCEEEEEEEEEEECCCCCCCCCCCCCCCCCCCEEEEEECCCEEEEEEEEEEEECCCCEEEEEEECEEECCCCCCCCCCEEEEEEEEEEEECCCCCEEEEEEEEEEECCCCCCCC,3.3295937,0.07841853,3.4080122
144,False,EEDNNAIIKEFMRFKVHMEGSVNGHEFEIEGEGEGHPYEGTQTAKLKVTKGGPLPFAWDILSPQFMYGSKAYVKHPADIPDYLKLSFPEGFTWERVMNFEDGGVVTVTQDSSLQDGEFIYKVKLLGTNFPSDGPVMQKKTNGWEASTERMYPEDGALKGEINQRLKLKDGGHYDAEVKTTYKAKKPVQLPGAYNVDIKLDITSHNEDYTIVEQYERAEGRHSTGG,CCCCCCCCCCCCEEEEEEEEEECCEEEEEEEEEEECCCCEEEEEEEEEECCCCCCCCHHHHHCHHCCCCEECCCCCCCCCHHHHHHCCCCEEEEEEEEECCCCEEEEEEEEEEECCEEEEEEEEEEECCCCCCCCCCCCCCCCCCCEEEEECCCCEEEEEEEEEEEECCCCEEEEEEEEEEECCCCCCCCCCEEEEEEEEECCCCCCCEEEEEEEEEEEEECCCC,6.923672,2.9863064,9.909979
213,True,MSKGEELFTGVVPILVELDGDVNGHKFSVSGEGEGDATYGKLTLKFICTTGKLPVPWPTLVTTFSYGVQCFSRYPDHMKQHDFFKSAMPEGYVQERTIFFKDDGNYKTRAEVKFEGDTLVNRIELKGIDFKEDGNILGHKLEYNYNSHNVYIMADKQKNGIKVNFKIRHNIEDGSVQLADHYQQNTPIGDGPVLLPDNHYLSTQSALSKDPNEKRDHMVLLEFVTAAGITHGMDELYK,CCCCHHHCCCCCEEEEEEEEEECCEEEEEEEEEEECCCCEEEEEEEEEECCCCCCCHHHHHHHCCCCCEECCCCCCCCCCCCHHHHHCCCCCEEEEEEEEECCCEEEEEEEEEEECCEEEEEEEEEEECCCCCCCCCCCCCCCCCCCCCEEEEECCCCCCEEEEEEEEEECCCCCEEEEEEECCCCCCCCCCCCCCCCEEEEEEEEECCCCCCCCCCEEEEEEHHHCCCCCCCCCCCC,9.884756,0.06862646,9.9533825
110,False,MSKGEELFTGVVPILVELDGDVNGHKFSVSGEGEGDATYGKLTLKFICTTGKLPVPWPTLVTTFSYGVQCFSRYPDHMKQHDFFKSAMPEGYVQERTIFFKDDGNYKTRAEVKFEGDTLVNRIELKGIDFKEDGNILGHKLEYNYNSHNVYIMADKQKNGIKVNFKIRHNIEDGSVQLADHYQQNTPIGDGPVLLPDNHYLSTQSALSKDPNEKRDHMVLLEFVTAAGITHGMDELYK,CCCCHHHCCCCCEEEEEEEEEECCEEEEEEEEEEECCCCEEEEEEEEEECCCCCCCHHHHHHHCCCCCEECCCCCCCCCCCCHHHHHCCCCCEEEEEEEEECCCEEEEEEEEEEECCEEEEEEEEEEECCCCCCCCCCCCCCCCCCCCCEEEEECCCCCCEEEEEEEEEECCCCCEEEEEEECCCCCCCCCCCCCCCCEEEEEEEEECCCCCCCCCCEEEEEEHHHCCCCCCCCCCCC,2.059281,3.7674575,5.8267384
170,False,MSKGEELFTGVVPILVELDGDVNGHKFSVSGEGEGDATYGKLTLKFICTTGKLPVPWPTLVTTFSHGVQCFSRYPDHMKRHDFFKSAMPEGYVQERTIFFKDDGNYKTRAEVKFEGDTLVNRIELKGIDFKEDGNILGHKLEYNFNSHNVYIMADKQKNGIKVNFKIRHNIEDGSVQLADHYQQNTPIGDGPVLLPDNHYLSTQSALSKDPNEKRDHMVLLEFVTAAGITHGMDELYK,CCCCHHHCCCCCEEEEEEEEEECCEEEEEEEEEEECCCCEEEEEEEEEECCCCCCCHHHHHCCCCCCCEECCCCCCCCCCCCHHHHHCCCCCEEEEEEEEECCCEEEEEEEEEEECCEEEEEEEEEEECCCCCCCCCCCCCCCCCCCCCEEEECCCCCCCEEEEEEEEEECCCCCEEEEEEECCCCCCCCCCCCCCCCEEEEEEEEECCCCCCCCCEEEEEEEEHHCCCCCCCCCCCC,8.141559,0.4283232,8.569881
138,True,EEDNNAIIKEFMRFKVHMEGSVNGHEFEIEGEGEGHPYEGTQTAKLKVTKGGPLPFAWDILSPQFMYGSKAYVKHPADIPDYLKLSFPEGFTWERVMNFEDGGVVTVTQDSSLQDGEFIYKVKLLGTNFPSDGPVMQKKTNGWEASTERMYPEDGALKGEINQRLKLKDGGHYDAEVKTTYKAKKPVQLPGAYNVDIKLDITSHNEDYTIVEQYERAEGRHSTGG,CCCCCCCCCCCCEEEEEEEEEECCEEEEEEEEEEECCCCEEEEEEEEEECCCCCCCCHHHHHCHHCCCCEECCCCCCCCCHHHHHHCCCCEEEEEEEEECCCCEEEEEEEEEEECCEEEEEEEEEEECCCCCCCCCCCCCCCCCCCEEEEECCCCEEEEEEEEEEEECCCCEEEEEEEEEEECCCCCCCCCCEEEEEEEEECCCCCCCEEEEEEEEEEEEECCCC,7.016396,0.66220814,7.678604
92,True,EEDNNAIIKEFMRFKVHMEGSVNGHEFEIEGEGEGHPYEGTQTAKLKVTKGGPLPFAWDILSPQFMYGSKAYVKHPADIPDYLKLSFPEGFTWERVMNFEDGGVVTVTQDSSLQDGEFIYKVKLLGTNFPSDGPVMQKKTNGWEASTERMYPEDGALKGEINQRLKLKDGGHYDAEVKTTYKAKKPVQLPGAYNVDIKLDITSHNEDYTIVEQYERAEGRHSTGG,CCCCCCCCCCCCEEEEEEEEEECCEEEEEEEEEEECCCCEEEEEEEEEECCCCCCCCHHHHHCHHCCCCEECCCCCCCCCHHHHHHCCCCEEEEEEEEECCCCEEEEEEEEEEECCEEEEEEEEEEECCCCCCCCCCCCCCCCCCCEEEEECCCCEEEEEEEEEEEECCCCEEEEEEEEEEECCCCCCCCCCEEEEEEEEECCCCCCCEEEEEEEEEEEEECCCC,2.2292662,5.1338773,7.3631434
172,True,MVSKGEELFTGVVPILVELDGDVNGHKFSVSGEGEGDATYGKLTLKFICTTGKLPVPWPTLVTTLTWGVQCFSRYPDHMKQHDFFKSAMPEGYVQERTIFFKDDGNYKTRAEVKFEGDTLVNRIELKGIDFKEDGNILGHKLEYNYISHNVYITADKQKNGIKANFKIRHNIEDGSVQLADHYQQNTPIGDGPVLLPDNHYLSTQSALSKDPNEKRDHMVLLEFVTAAGITLGMDELYK,CCCCHHHHCCCCCCEEEEEEEEECCEEEEEEEEEEECCCCEEEEEEEEEECCCCCCCHHHHHHHCCCCCCCCCCCCCCCCCCCHHHHHCCCCCEEEEEEEEECCCEEEEEEEEEEECCEEEEEEEEEEECCCCCCCCCCCCCCCCCCCCCEEEEECCCCCCEEEEEEEEEECCCCCEEEEEEECCCCCCCCCCCCCCCCEEEEEEEEECCCCCCCCCCEEEEEEHHHCCCCCCCCCCCC,5.5640984,1.2832221,6.8473206
71,False,MVSELIKENMPMKLYMEGTVNNHHFKCTSEGEGKPYEGTQTMRIKVVEGGPLPFAFDILATSFMYGSRTFIKHPPGIPDFFKQSFPEGFTWERVTTYEDGGVLTATQDTSLQDGCLIYNVKVRGVNFPANGPVMQKKTLGWEASTETMYPADGGLEGACDMALKLVGGGHLICNLETTYRSKKPATNLKMPGVYNVDHRLERIKEADDETYVEQHEVAVARYSTGGAGDGGK,CCCCCCCCCCCEEEEEEEEECCEEEEEEEEEEECCCCCEEEEEEEEECCCCCCCCHHHHHCHHCCCCCCCCCCCCCCCCHHHHHCCCCCEEEEEEEECCCCEEEEEEEEEEECCEEEEEEEEEEECCCCCCCCCCCCCCCCCCCEEEEECCCCEEEEEEEEEEEECCCCEEEEEEEEEEEECCCCCCCCCCCCCEEEEEEEEEECCCCCCEEEEEEEEEEECCCCCCCCCCC,0.22226012,8.457034,8.679295
91,True,EEDNNAIIKEFMRFKVHMEGSVNGHEFEIEGEGEGHPYEGTQTAKLKVTKGGPLPFAWDILSPQFMYGSKAYVKHPADIPDYLKLSFPEGFTWERVMNFEDGGVVTVTQDSSLQDGEFIYKVKLLGTNFPSDGPVMQKKTNGWEASTERMYPEDGALKGEINQRLKLKDGGHYDAEVKTTYKAKKPVQLPGAYNVDIKLDITSHNEDYTIVEQYERAEGRHSTGG,CCCCCCCCCCCCEEEEEEEEEECCEEEEEEEEEEECCCCEEEEEEEEEECCCCCCCCHHHHHCHHCCCCEECCCCCCCCCHHHHHHCCCCEEEEEEEEECCCCEEEEEEEEEEECCEEEEEEEEEEECCCCCCCCCCCCCCCCCCCEEEEECCCCEEEEEEEEEEEECCCCEEEEEEEEEEECCCCCCCCCCEEEEEEEEECCCCCCCEEEEEEEEEEEEECCCC,1.953612,6.7390013,8.692614
215,True,MSKGEELFTGVVPILVELDGDVNGHKFSVSGEGEGDATYGKLTLKFICTTGKLPVPWPTLVTTFSYGVQCFSRYPDHMKQHDFFKSAMPEGYVQERTIFFKDDGNYKTRAEVKFEGDTLVNRIELKGIDFKEDGNILGHKLEYNYNSHNVYIMADKQKNGIKVNFKIRHNIEDGSVQLADHYQQNTPIGDGPVLLPDNHYLSTQSALSKDPNEKRDHMVLLEFVTAAGITHGMDELYK,CCCCHHHCCCCCEEEEEEEEEECCEEEEEEEEEEECCCCEEEEEEEEEECCCCCCCHHHHHHHCCCCCEECCCCCCCCCCCCHHHHHCCCCCEEEEEEEEECCCEEEEEEEEEEECCEEEEEEEEEEECCCCCCCCCCCCCCCCCCCCCEEEEECCCCCCEEEEEEEEEECCCCCEEEEEEECCCCCCCCCCCCCCCCEEEEEEEEECCCCCCCCCCEEEEEEHHHCCCCCCCCCCCC,11.334184,0.09878553,11.432969
189,True,MVSELIKENMPMKLYMEGTVNNHHFKCTSEGEGKPYEGTQTMRIKVVEGGPLPFAFDILATSFMYGSRTFIKHPPGIPDFFKQSFPEGFTWERVTTYEDGGVLTATQDTSLQDGCLIYNVKVRGVNFPANGPVMQKKTLGWEASTETMYPADGGLEGACDMALKLVGGGHLICNLETTYRSKKPATNLKMPGVYNVDHRLERIKEADDETYVEQHEVAVARYSTGGAGDGGK,CCCCCCCCCCCEEEEEEEEECCEEEEEEEEEEECCCCCEEEEEEEEECCCCCCCCHHHHHCHHCCCCCCCCCCCCCCCCHHHHHCCCCCEEEEEEEECCCCEEEEEEEEEEECCEEEEEEEEEEECCCCCCCCCCCCCCCCCCCEEEEECCCCEEEEEEEEEEEECCCCEEEEEEEEEEEECCCCCCCCCCCCCEEEEEEEEEECCCCCCEEEEEEEEEEECCCCCCCCCCC,2.7850919,-0.0139182955,2.7711735
69,False,MHHHHHHGSLLPATHELHIFGSINSLEFDLVGRGTGNPKEGYEELHLKSTKSALQFSPWILVPQIGYGFYQYLPFPDGAMSPFQAAMNDGSGYQVHRTMQFEDGATLTGIYRYTYEGTHIKGEFQVIGTGFPADGPVMTNSLTAADWCVTKIVYPNENTIIDKFDWTYTTTSGKRYQSNVRSNFTFAKPIAANILQKQPMFVFRKTELKHSKTELNFKEWQTAFSDVM,CCCCCCCCCCCCCCEEEEEEEEECCEEEEEEEEEEECCCCCEEEEEEEECCCCCCCCHHHHHHHHCCCCCCCCCCCCCCCCHHHHHHCCCCCEEEEEEEEECCCCEEEEEEEEEEECCEEEEEEEEEEECCCCCCCCCCCCCCCCCCCEEEEEECCCCEEEEEEEEEEEECCCCEEEEEEEEEEEECCCCCCHHCCCCCCCEEEEEEEEEEECCCCCEEEEEHHCCCC,0.45482928,7.309612,7.764441
164,True,MSVIKPDMKIKLRMEGAVNGHPFAIEGVGLGKPFEGKQSMDLKVKEGGPLPFAYDILTTVFCYGNRVFAKYPENIVDYFKQSFPEGYSWERSMNYEDGGICNATNDITLDGDCYIYEIRFDGVNFPANGPVMQKRTVKWEPSTEKLYVRDGVLKGDVNMALSLEGGGHYRCDFKTTYKAKKVVQLPDYHFVDHHIEIKSHDKDYSNVNLHEHAEAHSELPRQAK,CCCCCCCCEEEEEEEEEECCEEEEEEEEEEECCCCCEEEEEEEEECCCCCCCCHHHHHCHHCCCCEECCCCCCCCCCHHHHHCCCCEEEEEEEEECCCCEEEEEEEEEEECCEEEEEEEEEEECCCCCCCCCCCCCCCCCCCEEEEEECCCEEEEEEEEEEEECCCCEEEEEEECEEECCCCCCCCCCEEEEEEEEEEEECCCCCEEEEEEEEEEECCCCCCCC,2.9873135,0.22880891,3.2161224
155,True,MVSKGEELFTGVVPILVELDGDVNGHKFSVSGEGEGDATYGKLTLKFICTTGKLPVPWPTLVTTFGYGLQCFARYPDHMKQHDFFKSAMPEGYVQERTIFFKDDGNYKTRAEVKFEGDTLVNRIELKGIDFKEDGNILGHKLEYNYNSHNVYIMADKQKNGIKVNFKIRHNIEDGSVQLADHYQQNTPIGDGPVLLPDNHYLSYQSALSKDPNEKRDHMVLLEFVTAAGITLGMDELYK,CCCCHHHHCCCCCCEEEEEEEEECCEEEEEEEEEEECCCCEEEEEEEEEECCCCCCCHHHHHCCCCCCCEEECCCCCCCCCCCHHHHHCCCCCEEEEEEEEECCCEEEEEEEEEEECCEEEEEEEEEEECCCCCCCCCCCEEEECCCCCCEEEECCCCCCCEEEEEEEEEECCCCCEEEEEEECCCCCCCCCCCCCCCCEEEEEEEEECCCCCCCCCCEEEEEEHHHCCCCCCCCCCCC,11.358677,0.6904959,12.049172
83,False,MVSKGEELFTGVVPILVELDGDVNGHKFSVSGEGEGDATYGKLTLKFICTTGKLPVPWPTLVTTFGYGLQCFARYPDHMKQHDFFKSAMPEGYVQERTIFFKDDGNYKTRAEVKFEGDTLVNRIELKGIDFKEDGNILGHKLEYNYNSHNVYIMADKQKNGIKVNFKIRHNIEDGSVQLADHYQQNTPIGDGPVLLPDNHYLSYQSALSKDPNEKRDHMVLLEFVTAAGITLGMDELYK,CCCCHHHHCCCCCCEEEEEEEEECCEEEEEEEEEEECCCCEEEEEEEEEECCCCCCCHHHHHCCCCCCCEEECCCCCCCCCCCHHHHHCCCCCEEEEEEEEECCCEEEEEEEEEEECCEEEEEEEEEEECCCCCCCCCCCEEEECCCCCCEEEECCCCCCCEEEEEEEEEECCCCCEEEEEEECCCCCCCCCCCCCCCCEEEEEEEEECCCCCCCCCCEEEEEEHHHCCCCCCCCCCCC,2.4291427,7.210411,9.639554
168,True,MVSVIKPEMKMRYYMDGSVNGHEFTIEGEGTGRPYEGHQEMTLRVTMAEGGPMPFAFDLVSHVFAYGHRVFTKYPEEIPDYFKQAFPEGLSWERSLEFEDGGSASVSAHISLRGNTFYHKSKFTGVNFPADGPIMQNQSVDWEPSTEKITASDGVLKGDVTMYLKLEGGGNHKCQFKTTYKAAKEILEMPGDHYIGHRLVRKTEGNITELVEDAVAHS,CCCCCCCCCEEEEEEEEEECCEEEEEEEEEEECCCCEEEEEEEEEEECCCCCCCCCHHHHHHHHHHCCCCCCCCCCCCCCHHHHHCCCCCEEEEEEEECCCCEEEEEEEEEEECCEEEEEEEEEEECCCCCCCCCCCCCCCCCCCEEEEECCCCEEEEEEEEEEEECCCCEEEEEEEEEEECCCCHHHCCCCCCCEEEEEEECCCCEEEEEEEEEECC,4.3666835,0.17969131,4.546375
10,False,MVSVIKPEMKMRYYMDGSVNGHEFTIEGEGTGRPYEGHQEMTLRVTMAEGGPMPFAFDLVSHVFAYGHRVFTKYPEEIPDYFKQAFPEGLSWERSLEFEDGGSASVSAHISLRGNTFYHKSKFTGVNFPADGPIMQNQSVDWEPSTEKITASDGVLKGDVTMYLKLEGGGNHKCQFKTTYKAAKEILEMPGDHYIGHRLVRKTEGNITELVEDAVAHS,CCCCCCCCCEEEEEEEEEECCEEEEEEEEEEECCCCEEEEEEEEEEECCCCCCCCCHHHHHHHHHHCCCCCCCCCCCCCCHHHHHCCCCCEEEEEEEECCCCEEEEEEEEEEECCEEEEEEEEEEECCCCCCCCCCCCCCCCCCCEEEEECCCCEEEEEEEEEEEECCCCEEEEEEEEEEECCCCHHHCCCCCCCEEEEEEECCCCEEEEEEEEEECC,0.1284526,10.8244705,10.952923
172,True,MVSKGEELFTGVVPILVELDGDVNGHKFSVSGEGEGDATYGKLTLKFICTTGKLPVPWPTLVTTLTWGVQCFARYPDHMKQHDFFKSAMPEGYVQERTIFFKDDGNYKTRAEVKFEGDTLVNRIELKGIDFKEDGNILGHKLEYNYISHNVYITADKQKNGIKANFKIRHNIEDGGVQLADHYQQNTPIGDGPVLLPDNHYLSTQSKLSKDPNEKRDHMVLLEFVTAAGITLGMDELYK,CCCCHHHHCCCCCCEEEEEEEEECCEEEEEEEEEEECCCCEEEEEEEEEECCCCCCCHHHHHHHHCCCCCCCCCCCCCCCCCCHHHHHCCCCEEEEEEEEEECCCEEEEEEEEEEECCEEEEEEEEEEECCCCCCCCCCCCCCCCCCCCCEEEEECCCCCEEEEEEEEEEEECCCCEEEEEEEEEEEECCCCCCCCCCCEEEEEEEEECCCCCCCCCCEEEEEHHHHCCCCCCCCCCCC,4.9110084,1.7346416,6.64565
213,True,MHHHHHHGSLLPATHELHIFGSINSLEFDLVGRGTGNPKEGYEELHLKSTKSALQFSPWILVPQIGYGFYQYLPFPDGAMSPFQAAMNDGSGYQVHRTMQFEDGATLTGIYRYTYEGTHIKGEFQVIGTGFPADGPVMTNSLTAADWCVTKIVYPNENTIIDKFDWTYTTTSGKRYQSNVRSNFTFAKPIAANILQKQPMFVFRKTELKHSKTELNFKEWQTAFSDVM,CCCCCCCCCCCCCCEEEEEEEEECCEEEEEEEEEEECCCCCEEEEEEEECCCCCCCCHHHHHHHHCCCCCCCCCCCCCCCCHHHHHHCCCCCEEEEEEEEECCCCEEEEEEEEEEECCEEEEEEEEEEECCCCCCCCCCCCCCCCCCCEEEEEECCCCEEEEEEEEEEEECCCCEEEEEEEEEEEECCCCCCHHCCCCCCCEEEEEEEEEEECCCCCEEEEEHHCCCC,4.1740704,0.113711126,4.2877817
194,True,MSKGEELFTGVVPILVELDGDVNGHKFSVSGEGEGDATYGKLTLKFICTTGKLPVPWPTLVTTFSYGVQCFSRYPDHMKQHDFFKSAMPEGYVQERTIFFKDDGNYKTRAEVKFEGDTLVNRIELKGIDFKEDGNILGHKLEYNYNSHNVYIMADKQKNGIKVNFKIRHNIEDGSVQLADHYQQNTPIGDGPVLLPDNHYLSTQSALSKDPNEKRDHMVLLEFVTAAGITHGMDELYK,CCCCHHHCCCCCEEEEEEEEEECCEEEEEEEEEEECCCCEEEEEEEEEECCCCCCCHHHHHHHCCCCCEECCCCCCCCCCCCHHHHHCCCCCEEEEEEEEECCCEEEEEEEEEEECCEEEEEEEEEEECCCCCCCCCCCCCCCCCCCCCEEEEECCCCCCEEEEEEEEEECCCCCEEEEEEECCCCCCCCCCCCCCCCEEEEEEEEECCCCCCCCCCEEEEEEHHHCCCCCCCCCCCC,8.371201,0.22312428,8.594325
156,True,MSKGEELFTGVVPILVELDGDVNGHKFSVSGEGEGDATYGKLTLKFICTTGKLPVPWPTLVTTFSHGVQCFSRYPDHMKRHDFFKSAMPEGYVQERTIFFKDDGNYKTRAEVKFEGDTLVNRIELKGIDFKEDGNILGHKLEYNFNSHNVYIMADKQKNGIKVNFKIRHNIEDGSVQLADHYQQNTPIGDGPVLLPDNHYLSTQSALSKDPNEKRDHMVLLEFVTAAGITHGMDELYK,CCCCHHHCCCCCEEEEEEEEEECCEEEEEEEEEEECCCCEEEEEEEEEECCCCCCCHHHHHCCCCCCCEECCCCCCCCCCCCHHHHHCCCCCEEEEEEEEECCCEEEEEEEEEEECCEEEEEEEEEEECCCCCCCCCCCCCCCCCCCCCEEEECCCCCCCEEEEEEEEEECCCCCEEEEEEECCCCCCCCCCCCCCCCEEEEEEEEECCCCCCCCCEEEEEEEEHHCCCCCCCCCCCC,8.833349,0.4314264,9.264775
137,True,EEDNNAIIKEFMRFKVHMEGSVNGHEFEIEGEGEGHPYEGTQTAKLKVTKGGPLPFAWDILSPQFMYGSKAYVKHPADIPDYLKLSFPEGFTWERVMNFEDGGVVTVTQDSSLQDGEFIYKVKLLGTNFPSDGPVMQKKTNGWEASTERMYPEDGALKGEINQRLKLKDGGHYDAEVKTTYKAKKPVQLPGAYNVDIKLDITSHNEDYTIVEQYERAEGRHSTGG,CCCCCCCCCCCCEEEEEEEEEECCEEEEEEEEEEECCCCEEEEEEEEEECCCCCCCCHHHHHCHHCCCCEECCCCCCCCCHHHHHHCCCCEEEEEEEEECCCCEEEEEEEEEEECCEEEEEEEEEEECCCCCCCCCCCCCCCCCCCEEEEECCCCEEEEEEEEEEEECCCCEEEEEEEEEEECCCCCCCCCCEEEEEEEEECCCCCCCEEEEEEEEEEEEECCCC,7.367622,1.6155002,8.983122
485,True,MSKGEELFTGVVPILVELDGDVNGHKFSVSGEGEGDATYGKLTLKFICTTGKLPVPWPTLVTTFSYGVQCFSRYPDHMKQHDFFKSAMPEGYVQERTIFFKDDGNYKTRAEVKFEGDTLVNRIELKGIDFKEDGNILGHKLEYNYNSHNVYIMADKQKNGIKVNFKIRHNIEDGSVQLADHYQQNTPIGDGPVLLPDNHYLSTQSALSKDPNEKRDHMVLLEFVTAAGITHGMDELYK,CCCCHHHCCCCCEEEEEEEEEECCEEEEEEEEEEECCCCEEEEEEEEEECCCCCCCHHHHHHHCCCCCEECCCCCCCCCCCCHHHHHCCCCCEEEEEEEEECCCEEEEEEEEEEECCEEEEEEEEEEECCCCCCCCCCCCCCCCCCCCCEEEEECCCCCCEEEEEEEEEECCCCCEEEEEEECCCCCCCCCCCCCCCCEEEEEEEEECCCCCCCCCCEEEEEEHHHCCCCCCCCCCCC,11.796337,0.40984982,12.206187
168,False,MVSKGEEDNMASLPATHELHIFGSINGVDFDMVGQGTGNPNDGYEELNLKSTKGDLQFSPWILVPHIGYGFHQYLPYPDGMSPFQAAMVDGSGYQVHRTMQFEDGASLTVNYRYTYEGSHIKGEAQVKGTGFPADGPVMTNSLTAADWCRSKKTYPNDKTIISTFKWSYTTGNGKRYRSTARTTYTFAKPMAANYLKNQPMYVFRKTELKHSKTELNFKEWQKAFTDVMGMDELYK,CCCCCCHHCCCCCCEEEEEEEEEEECCEEEEEEEEEEECCCCCEEEEEEEECCCCCCCCHHHHHCHHCCCCCCCCCCCCCCCHHHHHHCCCCCCEEEEEEEECCCCEEEEEEEEEEECCEEEEEEEEEEECCCCCCCCCCCCCCCCCCCCCEEEECCCCEEEEEEEEEEEECCCCEEEEEEEEEEEECCCCCCHHHCCCCCCEEEEEEEEEECCCCCCEEEEEHHCCCCCCCCCCC,1.2490373,0.3404176,1.5894549
214,True,MSKGEELFTGVVPILVELDGDVNGHKFSVSGEGEGDATYGKLTLKFICTTGKLPVPWPTLVTTFSYGVQCFSRYPDHMKQHDFFKSAMPEGYVQERTIFFKDDGNYKTRAEVKFEGDTLVNRIELKGIDFKEDGNILGHKLEYNYNSHNVYIMADKQKNGIKVNFKIRHNIEDGSVQLADHYQQNTPIGDGPVLLPDNHYLSTQSALSKDPNEKRDHMVLLEFVTAAGITHGMDELYK,CCCCHHHCCCCCEEEEEEEEEECCEEEEEEEEEEECCCCEEEEEEEEEECCCCCCCHHHHHHHCCCCCEECCCCCCCCCCCCHHHHHCCCCCEEEEEEEEECCCEEEEEEEEEEECCEEEEEEEEEEECCCCCCCCCCCCCCCCCCCCCEEEEECCCCCCEEEEEEEEEECCCCCEEEEEEECCCCCCCCCCCCCCCCEEEEEEEEECCCCCCCCCCEEEEEEHHHCCCCCCCCCCCC,11.670522,0.19039103,11.860912
94,True,EEDNNAIIKEFMRFKVHMEGSVNGHEFEIEGEGEGHPYEGTQTAKLKVTKGGPLPFAWDILSPQFMYGSKAYVKHPADIPDYLKLSFPEGFTWERVMNFEDGGVVTVTQDSSLQDGEFIYKVKLLGTNFPSDGPVMQKKTNGWEASTERMYPEDGALKGEINQRLKLKDGGHYDAEVKTTYKAKKPVQLPGAYNVDIKLDITSHNEDYTIVEQYERAEGRHSTGG,CCCCCCCCCCCCEEEEEEEEEECCEEEEEEEEEEECCCCEEEEEEEEEECCCCCCCCHHHHHCHHCCCCEECCCCCCCCCHHHHHHCCCCEEEEEEEEECCCCEEEEEEEEEEECCEEEEEEEEEEECCCCCCCCCCCCCCCCCCCEEEEECCCCEEEEEEEEEEEECCCCEEEEEEEEEEECCCCCCCCCCEEEEEEEEECCCCCCCEEEEEEEEEEEEECCCC,2.2509847,2.8344214,5.0854063
43,False,MVSKGEEDNMAIIKEFMRFKVHMEGSVNGHEFEIEGEGEGRPYEGTQTAKLKVTKGGPLPFAWDILSPQFMYGSKAYVKHPADIPDYLKLSFPEGFKWERVMNFEDGGVVTVTQDSSLQDGEFIYKVKLRGTNFPSDGPVMQKKTMGWEASSERMYPEDGALKGEIKQRLKLKDGGHYDAEVKTTYKAKKPVQLPGAYNVNIKLDITSHNEDYTIVEQYERAEGRHSTGGMDELYK,CCCCCCCCCCCCCCCCCEEEEEEEEEECCEEEEEEEEEEECCCCEEEEEEEEEECCCCCCCCHHHHHCCCCCCCEECCCCCCCCCHHHHHHCCCCCEEEEEEEECCCCEEEEEEEEEEECCEEEEEEEEEEECCCCCCCCCCCCCCCCCCCEEEEECCCCEEEEEEEEEEEECCCCEEEEEEEEEEECCCCCCCCCCEEEEEEEEECCCCCCEEEEEEEEEEEECCCCCCHHHHCC,0.058082588,2.7223594,2.780442
22,False,MSKGEELFTGVVPILVELDGDVNGHKFSVSGEGEGDATYGKLTLKFICTTGKLPVPWPTLVTTFSHGVQCFSRYPDHMKRHDFFKSAMPEGYVQERTIFFKDDGNYKTRAEVKFEGDTLVNRIELKGIDFKEDGNILGHKLEYNFNSHNVYIMADKQKNGIKVNFKIRHNIEDGSVQLADHYQQNTPIGDGPVLLPDNHYLSTQSALSKDPNEKRDHMVLLEFVTAAGITHGMDELYK,CCCCHHHCCCCCEEEEEEEEEECCEEEEEEEEEEECCCCEEEEEEEEEECCCCCCCHHHHHCCCCCCCEECCCCCCCCCCCCHHHHHCCCCCEEEEEEEEECCCEEEEEEEEEEECCEEEEEEEEEEECCCCCCCCCCCCCCCCCCCCCEEEECCCCCCCEEEEEEEEEECCCCCEEEEEEECCCCCCCCCCCCCCCCEEEEEEEEECCCCCCCCCEEEEEEEEHHCCCCCCCCCCCC,0.083692156,5.7170615,5.8007536
150,False,MSVIKPDMKIKLRMEGAVNGHPFAIEGVGLGKPFEGKQSMDLKVKEGGPLPFAYDILTTVFCYGNRVFAKYPENIVDYFKQSFPEGYSWERSMNYEDGGICNATNDITLDGDCYIYEIRFDGVNFPANGPVMQKRTVKWEPSTEKLYVRDGVLKGDVNMALSLEGGGHYRCDFKTTYKAKKVVQLPDYHFVDHHIEIKSHDKDYSNVNLHEHAEAHSELPRQAK,CCCCCCCCEEEEEEEEEECCEEEEEEEEEEECCCCCEEEEEEEEECCCCCCCCHHHHHCHHCCCCEECCCCCCCCCCHHHHHCCCCEEEEEEEEECCCCEEEEEEEEEEECCEEEEEEEEEEECCCCCCCCCCCCCCCCCCCEEEEEECCCEEEEEEEEEEEECCCCEEEEEEECEEECCCCCCCCCCEEEEEEEEEEEECCCCCEEEEEEEEEEECCCCCCCC,7.029191,0.20811191,7.237303
141,False,MVSVIKPEMKMRYYMDGSVNGHEFTIEGEGTGRPYEGHQEMTLRVTMAEGGPMPFAFDLVSHVFCYGHRVFTKYPEEIPDYFKQAFPEGLSWERSLEFEDGGSASVSAHISLRGNTFYHKSKFTGVNFPADGPIMQNQSVDWEPSTEKITASDGVLKGDVTMYLKLEGGGNHKCQMKTTYKAAKEILEMPGDHYIGHRLVRKTEGNITEQVEDAVAHS,CCCCCCCCCEEEEEEEEEECCEEEEEEEEEEECCCCEEEEEEEEEEECCCCCCCCCHHHHHHHHHHCCCCCCCCCCCCCCHHHHHCCCCCEEEEEEEECCCCEEEEEEEEEEECCEEEEEEEEEEECCCCCCCCCCCCCCCCCCCEEEEECCCCEEEEEEEEEEEECCCCEEEEEEEEEEECCCCHHHCCCCCCCEEEEEEECCCCEEEEEEEEEECC,7.8085017,3.4402542,11.248756
209,True,EEDNNAIIKEFMRFKVHMEGSVNGHEFEIEGEGEGHPYEGTQTAKLKVTKGGPLPFAWDILSPQFMYGSKAYVKHPADIPDYLKLSFPEGFTWERVMNFEDGGVVTVTQDSSLQDGEFIYKVKLLGTNFPSDGPVMQKKTNGWEASTERMYPEDGALKGEINQRLKLKDGGHYDAEVKTTYKAKKPVQLPGAYNVDIKLDITSHNEDYTIVEQYERAEGRHSTGG,CCCCCCCCCCCCEEEEEEEEEECCEEEEEEEEEEECCCCEEEEEEEEEECCCCCCCCHHHHHCHHCCCCEECCCCCCCCCHHHHHHCCCCEEEEEEEEECCCCEEEEEEEEEEECCEEEEEEEEEEECCCCCCCCCCCCCCCCCCCEEEEECCCCEEEEEEEEEEEECCCCEEEEEEEEEEECCCCCCCCCCEEEEEEEEECCCCCCCEEEEEEEEEEEEECCCC,8.386056,0.09880864,8.484864
474,False,MSKGEELFTGVVPILVELDGDVNGHKFSVSGEGEGDATYGKLTLKFICTTGKLPVPWPTLVTTFSYGVQCFSRYPDHMKQHDFFKSAMPEGYVQERTIFFKDDGNYKTRAEVKFEGDTLVNRIELKGIDFKEDGNILGHKLEYNYNSHNVYIMADKQKNGIKVNFKIRHNIEDGSVQLADHYQQNTPIGDGPVLLPDNHYLSTQSALSKDPNEKRDHMVLLEFVTAAGITHGMDELYK,CCCCHHHCCCCCEEEEEEEEEECCEEEEEEEEEEECCCCEEEEEEEEEECCCCCCCHHHHHHHCCCCCEECCCCCCCCCCCCHHHHHCCCCCEEEEEEEEECCCEEEEEEEEEEECCEEEEEEEEEEECCCCCCCCCCCCCCCCCCCCCEEEEECCCCCCEEEEEEEEEECCCCCEEEEEEECCCCCCCCCCCCCCCCEEEEEEEEECCCCCCCCCCEEEEEEHHHCCCCCCCCCCCC,11.796337,0.40984982,12.206187
330,False,MSKGEELFTGVVPILVELDGDVNGHKFSVSGEGEGDATYGKLTLKFICTTGKLPVPWPTLVTTFSYGVQCFSRYPDHMKQHDFFKSAMPEGYVQERTIFFKDDGNYKTRAEVKFEGDTLVNRIELKGIDFKEDGNILGHKLEYNYNSHNVYIMADKQKNGIKVNFKIRHNIEDGSVQLADHYQQNTPIGDGPVLLPDNHYLSTQSALSKDPNEKRDHMVLLEFVTAAGITHGMDELYK,CCCCHHHCCCCCEEEEEEEEEECCEEEEEEEEEEECCCCEEEEEEEEEECCCCCCCHHHHHHHCCCCCEECCCCCCCCCCCCHHHHHCCCCCEEEEEEEEECCCEEEEEEEEEEECCEEEEEEEEEEECCCCCCCCCCCCCCCCCCCCCEEEEECCCCCCEEEEEEEEEECCCCCEEEEEEECCCCCCCCCCCCCCCCEEEEEEEEECCCCCCCCCCEEEEEEHHHCCCCCCCCCCCC,11.796337,0.40984982,12.206187
47,False,MVEKFVGTWKIADSHNFGEYLKAIGAPKELSDGGDATTPTLYISQKDGDKMTVKIENGPPTFLDTQVKFKLGEEFDEFPSDRRKGVKSVVNLVGEKLVYVQKWDGKETTYVREIKDGKLVVTLTMGDVVAVRSYRRATE,CCCCCCEEEEECEECCHHHHHHHCCCCHHHHHHHHHCCCEEEEEEECCCEEEEEEEECCCCEEEEEEEEECCCEEEEECCCCCCEEEEEEEEECCEEEEEEECCCCEEEEEEEEECCEEEEEEEECCEEEEEEEEECCC,0.42037678,2.006036,2.4264128
122,False,MVSKGEEDNMASLPATHELHIFGSINGVDFDMVGQGTGNPNDGYEELNLKSTKGDLQFSPWILVPHIGYGFHQYLPYPDGMSPFQAAMVDGSGYQVHRTMQFEDGASLTVNYRYTYEGSHIKGEAQVKGTGFPADGPVMTNSLTAADWCRSKKTYPNDKTIISTFKWSYTTGNGKRYRSTARTTYTFAKPMAANYLKNQPMYVFRKTELKHSKTELNFKEWQKAFTDVMGMDELYK,CCCCCCHHCCCCCCEEEEEEEEEEECCEEEEEEEEEEECCCCCEEEEEEEECCCCCCCCHHHHHCHHCCCCCCCCCCCCCCCHHHHHHCCCCCCEEEEEEEECCCCEEEEEEEEEEECCEEEEEEEEEEECCCCCCCCCCCCCCCCCCCCCEEEECCCCEEEEEEEEEEEECCCCEEEEEEEEEEEECCCCCCHHHCCCCCCEEEEEEEEEECCCCCCEEEEEHHCCCCCCCCCCC,0.6264357,1.0425721,1.6690078
58,True,EEDNNAIIKEFMRFKVHMEGSVNGHEFEIEGEGEGHPYEGTQTAKLKVTKGGPLPFAWDILSPQFMYGSKAYVKHPADIPDYLKLSFPEGFTWERVMNFEDGGVVTVTQDSSLQDGEFIYKVKLLGTNFPSDGPVMQKKTNGWEASTERMYPEDGALKGEINQRLKLKDGGHYDAEVKTTYKAKKPVQLPGAYNVDIKLDITSHNEDYTIVEQYERAEGRHSTGG,CCCCCCCCCCCCEEEEEEEEEECCEEEEEEEEEEECCCCEEEEEEEEEECCCCCCCCHHHHHCHHCCCCEECCCCCCCCCHHHHHHCCCCEEEEEEEEECCCCEEEEEEEEEEECCEEEEEEEEEEECCCCCCCCCCCCCCCCCCCEEEEECCCCEEEEEEEEEEEECCCCEEEEEEEEEEECCCCCCCCCCEEEEEEEEECCCCCCCEEEEEEEEEEEEECCCC,0.14770265,6.1608286,6.3085313
201,False,MSKGEELFTGVVPILVELDGDVNGHKFSVSGEGEGDATYGKLTLKFICTTGKLPVPWPTLVTTFSYGVQCFSRYPDHMKQHDFFKSAMPEGYVQERTIFFKDDGNYKTRAEVKFEGDTLVNRIELKGIDFKEDGNILGHKLEYNYNSHNVYIMADKQKNGIKVNFKIRHNIEDGSVQLADHYQQNTPIGDGPVLLPDNHYLSTQSALSKDPNEKRDHMVLLEFVTAAGITHGMDELYK,CCCCHHHCCCCCEEEEEEEEEECCEEEEEEEEEEECCCCEEEEEEEEEECCCCCCCHHHHHHHCCCCCEECCCCCCCCCCCCHHHHHCCCCCEEEEEEEEECCCEEEEEEEEEEECCEEEEEEEEEEECCCCCCCCCCCCCCCCCCCCCEEEEECCCCCCEEEEEEEEEECCCCCEEEEEEECCCCCCCCCCCCCCCCEEEEEEEEECCCCCCCCCCEEEEEEHHHCCCCCCCCCCCC,12.865767,0.07727348,12.94304
137,False,MHHHHHHGSLLPATHELHIFGSINSLEFDLVGRGTGNPKEGYEELHLKSTKSALQFSPWILVPQIGYGFYQYLPFPDGAMSPFQAAMNDGSGYQVHRTMQFEDGATLTGIYRYTYEGTHIKGEFQVIGTGFPADGPVMTNSLTAADWCVTKIVYPNENTIIDKFDWTYTTTSGKRYQSNVRSNFTFAKPIAANILQKQPMFVFRKTELKHSKTELNFKEWQTAFSDVM,CCCCCCCCCCCCCCEEEEEEEEECCEEEEEEEEEEECCCCCEEEEEEEECCCCCCCCHHHHHHHHCCCCCCCCCCCCCCCCHHHHHHCCCCCEEEEEEEEECCCCEEEEEEEEEEECCEEEEEEEEEEECCCCCCCCCCCCCCCCCCCEEEEEECCCCEEEEEEEEEEEECCCCEEEEEEEEEEEECCCCCCHHCCCCCCCEEEEEEEEEEECCCCCEEEEEHHCCCC,8.62419,0.315529,8.939719
95,True,EEDNNAIIKEFMRFKVHMEGSVNGHEFEIEGEGEGHPYEGTQTAKLKVTKGGPLPFAWDILSPQFMYGSKAYVKHPADIPDYLKLSFPEGFTWERVMNFEDGGVVTVTQDSSLQDGEFIYKVKLLGTNFPSDGPVMQKKTNGWEASTERMYPEDGALKGEINQRLKLKDGGHYDAEVKTTYKAKKPVQLPGAYNVDIKLDITSHNEDYTIVEQYERAEGRHSTGG,CCCCCCCCCCCCEEEEEEEEEECCEEEEEEEEEEECCCCEEEEEEEEEECCCCCCCCHHHHHCHHCCCCEECCCCCCCCCHHHHHHCCCCEEEEEEEEECCCCEEEEEEEEEEECCEEEEEEEEEEECCCCCCCCCCCCCCCCCCCEEEEECCCCEEEEEEEEEEEECCCCEEEEEEEEEEECCCCCCCCCCEEEEEEEEECCCCCCCEEEEEEEEEEEEECCCC,1.8473904,2.8844955,4.731886
84,True,MVEKFVGTWKIADSHNFGEYLKAIGAPKELSDGGDATTPTLYISQKDGDKMTVKIENGPPTFLDTQVKFKLGEEFDEFPSDRRKGVKSVVNLVGEKLVYVQKWDGKETTYVREIKDGKLVVTLTMGDVVAVRSYRRATE,CCCCCCEEEEECEECCHHHHHHHCCCCHHHHHHHHHCCCEEEEEEECCCEEEEEEEECCCCEEEEEEEEECCCEEEEECCCCCCEEEEEEEEECCEEEEEEECCCCEEEEEEEEECCEEEEEEEECCEEEEEEEEECCC,2.4026873,-0.007301867,2.3953855
158,True,MSKGEELFTGVVPILVELDGDVNGHKFSVSGEGEGDATYGKLTLKFICTTGKLPVPWPTLVTTFSYGVQCFSRYPDHMKQHDFFKSAMPEGYVQERTIFFKDDGNYKTRAEVKFEGDTLVNRIELKGIDFKEDGNILGHKLEYNYNSHNVYIMADKQKNGIKVNFKIRHNIEDGSVQLADHYQQNTPIGDGPVLLPDNHYLSTQSALSKDPNEKRDHMVLLEFVTAAGITHGMDELYK,CCCCHHHCCCCCEEEEEEEEEECCEEEEEEEEEEECCCCEEEEEEEEEECCCCCCCHHHHHHHCCCCCEECCCCCCCCCCCCHHHHHCCCCCEEEEEEEEECCCEEEEEEEEEEECCEEEEEEEEEEECCCCCCCCCCCCCCCCCCCCCEEEEECCCCCCEEEEEEEEEECCCCCEEEEEEECCCCCCCCCCCCCCCCEEEEEEEEECCCCCCCCCCEEEEEEHHHCCCCCCCCCCCC,8.104566,0.25122514,8.355791
68,False,EEDNNAIIKEFMRFKVHMEGSVNGHEFEIEGEGEGHPYEGTQTAKLKVTKGGPLPFAWDILSPQFMYGSKAYVKHPADIPDYLKLSFPEGFTWERVMNFEDGGVVTVTQDSSLQDGEFIYKVKLLGTNFPSDGPVMQKKTNGWEASTERMYPEDGALKGEINQRLKLKDGGHYDAEVKTTYKAKKPVQLPGAYNVDIKLDITSHNEDYTIVEQYERAEGRHSTGG,CCCCCCCCCCCCEEEEEEEEEECCEEEEEEEEEEECCCCEEEEEEEEEECCCCCCCCHHHHHCHHCCCCEECCCCCCCCCHHHHHHCCCCEEEEEEEEECCCCEEEEEEEEEEECCEEEEEEEEEEECCCCCCCCCCCCCCCCCCCEEEEECCCCEEEEEEEEEEEECCCCEEEEEEEEEEECCCCCCCCCCEEEEEEEEECCCCCCCEEEEEEEEEEEEECCCC,0.24519259,6.943611,7.1888037
172,True,MVSKGEELFTGVVPILVELDGDVNGHKFSVSGEGEGDATYGKLTLKFICTTGKLPVPWPTLVTTFGYGLQCFARYPDHMKQHDFFKSAMPEGYVQERTIFFKDDGNYKTRAEVKFEGDTLVNRIELKGIDFKEDGNILGHKLEYNYNSHNVYIMADKQKNGIKVNFKIRHNIEDGSVQLADHYQQNTPIGDGPVLLPDNHYLSYQSALSKDPNEKRDHMVLLEFVTAAGITLGMDELYK,CCCCHHHHCCCCCCEEEEEEEEECCEEEEEEEEEEECCCCEEEEEEEEEECCCCCCCHHHHHCCCCCCCEEECCCCCCCCCCCHHHHHCCCCCEEEEEEEEECCCEEEEEEEEEEECCEEEEEEEEEEECCCCCCCCCCCEEEECCCCCCEEEECCCCCCCEEEEEEEEEECCCCCEEEEEEECCCCCCCCCCCCCCCCEEEEEEEEECCCCCCCCCCEEEEEEHHHCCCCCCCCCCCC,6.8676844,1.1676538,8.035338
193,True,MSKGEELFTGVVPILVELDGDVNGHKFSVSGEGEGDATYGKLTLKFICTTGKLPVPWPTLVTTFSYGVQCFSRYPDHMKQHDFFKSAMPEGYVQERTIFFKDDGNYKTRAEVKFEGDTLVNRIELKGIDFKEDGNILGHKLEYNYNSHNVYIMADKQKNGIKVNFKIRHNIEDGSVQLADHYQQNTPIGDGPVLLPDNHYLSTQSALSKDPNEKRDHMVLLEFVTAAGITHGMDELYK,CCCCHHHCCCCCEEEEEEEEEECCEEEEEEEEEEECCCCEEEEEEEEEECCCCCCCHHHHHHHCCCCCEECCCCCCCCCCCCHHHHHCCCCCEEEEEEEEECCCEEEEEEEEEEECCEEEEEEEEEEECCCCCCCCCCCCCCCCCCCCCEEEEECCCCCCEEEEEEEEEECCCCCEEEEEEECCCCCCCCCCCCCCCCEEEEEEEEECCCCCCCCCCEEEEEEHHHCCCCCCCCCCCC,8.390618,0.04467036,8.435288
213,True,MVSKGEEDNMASLPATHELHIFGSINGVDFDMVGQGTGNPNDGYEELNLKSTKGDLQFSPWILVPHIGYGFHQYLPYPDGMSPFQAAMVDGSGYQVHRTMQFEDGASLTVNYRYTYEGSHIKGEAQVKGTGFPADGPVMTNSLTAADWCRSKKTYPNDKTIISTFKWSYTTGNGKRYRSTARTTYTFAKPMAANYLKNQPMYVFRKTELKHSKTELNFKEWQKAFTDVMGMDELYK,CCCCCCHHCCCCCCEEEEEEEEEEECCEEEEEEEEEEECCCCCEEEEEEEECCCCCCCCHHHHHCHHCCCCCCCCCCCCCCCHHHHHHCCCCCCEEEEEEEECCCCEEEEEEEEEEECCEEEEEEEEEEECCCCCCCCCCCCCCCCCCCCCEEEECCCCEEEEEEEEEEEECCCCEEEEEEEEEEEECCCCCCHHHCCCCCCEEEEEEEEEECCCCCCEEEEEHHCCCCCCCCCCC,2.092028,0.06787895,2.1599069
54,False,MVAGHASGSPAFGTASHSNCEHEEIHLAGSIQPHGALLVVSEHDHRVIQASANAAEFLNLGSVLGVPLAEIDGDLLIKILPHLDPTAEGMPVAVRCRIGNPSTEYCGLMHRPPEGGLIIELERAGPSIDLSGTLAPALERIRTAGSLRALCDDTVLLFQQCTGYDRVMVYRFDEQGHGLVFSECHVPGLESYFGNRYPSSTVPQMARQLYVRQRVRVLVDVTYQPVPLEPRLSPLTGRDLDMSGCFLRSMSPCHLQFLKDMGVRATLAVSLVVGGKLWGLVVCHHYLPRFIRFELRAICKRLAERIATRITALES,CCCCCCCCCCCCCCCCCCHHHCCCCCCCCCCCCCEEEEEEECCCCEEEEEECCHHHHCCCHHHCCCCHHHHCCHHHHHHHHCCCCCCCCCCCEEEEEECCCCCEEEEEEEECCCCEEEEEEEECCCCCCHHHHHHHHHHHHHHCCCHHHHHHHHHHHHHHHHCCCCEEEEEECCCCCEEEEEEEECCCCCCCCCCCCCCCCCCHHHHHHHHHCCCEEECCCCCCCCCCCCCCCCCCCCCCCCCCCCCCCCCHHHHHHHHHCCCCCEEEEEEEECCEEEEEEECCCCCCCCCCHHHHHHHHHHHHHHHHHHHHHHC,0.58586556,15.593968,16.179834
48,False,MVSELIKENMPMKLYMEGTVNNHHFKCTSEGEGKPYEGTQTMRIKVVEGGPLPFAFDILATSFMYGSRTFIKHPPGIPDFFKQSFPEGFTWERVTTYEDGGVLTATQDTSLQDGCLIYNVKVRGVNFPANGPVMQKKTLGWEASTETMYPADGGLEGACDMALKLVGGGHLICNLETTYRSKKPATNLKMPGVYNVDHRLERIKEADDETYVEQHEVAVARYSTGGAGDGGK,CCCCCCCCCCCEEEEEEEEECCEEEEEEEEEEECCCCCEEEEEEEEECCCCCCCCHHHHHCHHCCCCCCCCCCCCCCCCHHHHHCCCCCEEEEEEEECCCCEEEEEEEEEEECCEEEEEEEEEEECCCCCCCCCCCCCCCCCCCEEEEECCCCEEEEEEEEEEEECCCCEEEEEEEEEEEECCCCCCCCCCCCCEEEEEEEEEECCCCCCEEEEEEEEEEECCCCCCCCCCC,0.0509865,3.891786,3.9427726
323,False,MSKGEELFTGVVPILVELDGDVNGHKFSVSGEGEGDATYGKLTLKFICTTGKLPVPWPTLVTTFSYGVQCFSRYPDHMKQHDFFKSAMPEGYVQERTIFFKDDGNYKTRAEVKFEGDTLVNRIELKGIDFKEDGNILGHKLEYNYNSHNVYIMADKQKNGIKVNFKIRHNIEDGSVQLADHYQQNTPIGDGPVLLPDNHYLSTQSALSKDPNEKRDHMVLLEFVTAAGITHGMDELYK,CCCCHHHCCCCCEEEEEEEEEECCEEEEEEEEEEECCCCEEEEEEEEEECCCCCCCHHHHHHHCCCCCEECCCCCCCCCCCCHHHHHCCCCCEEEEEEEEECCCEEEEEEEEEEECCEEEEEEEEEEECCCCCCCCCCCCCCCCCCCCCEEEEECCCCCCEEEEEEEEEECCCCCEEEEEEECCCCCCCCCCCCCCCCEEEEEEEEECCCCCCCCCCEEEEEEHHHCCCCCCCCCCCC,11.796337,0.40984982,12.206187
307,False,MSKGEELFTGVVPILVELDGDVNGHKFSVSGEGEGDATYGKLTLKFICTTGKLPVPWPTLVTTFSYGVQCFSRYPDHMKQHDFFKSAMPEGYVQERTIFFKDDGNYKTRAEVKFEGDTLVNRIELKGIDFKEDGNILGHKLEYNYNSHNVYIMADKQKNGIKVNFKIRHNIEDGSVQLADHYQQNTPIGDGPVLLPDNHYLSTQSALSKDPNEKRDHMVLLEFVTAAGITHGMDELYK,CCCCHHHCCCCCEEEEEEEEEECCEEEEEEEEEEECCCCEEEEEEEEEECCCCCCCHHHHHHHCCCCCEECCCCCCCCCCCCHHHHHCCCCCEEEEEEEEECCCEEEEEEEEEEECCEEEEEEEEEEECCCCCCCCCCCCCCCCCCCCCEEEEECCCCCCEEEEEEEEEECCCCCEEEEEEECCCCCCCCCCCCCCCCEEEEEEEEECCCCCCCCCCEEEEEEHHHCCCCCCCCCCCC,11.796337,0.40984982,12.206187
156,True,MVSKGEELFTGVVPILVELDGDVNGHKFSVSGEGEGDATYGKLTLKFICTTGKLPVPWPTLVTTFGYGLQCFARYPDHMKQHDFFKSAMPEGYVQERTIFFKDDGNYKTRAEVKFEGDTLVNRIELKGIDFKEDGNILGHKLEYNYNSHNVYIMADKQKNGIKVNFKIRHNIEDGSVQLADHYQQNTPIGDGPVLLPDNHYLSYQSALSKDPNEKRDHMVLLEFVTAAGITLGMDELYK,CCCCHHHHCCCCCCEEEEEEEEECCEEEEEEEEEEECCCCEEEEEEEEEECCCCCCCHHHHHCCCCCCCEEECCCCCCCCCCCHHHHHCCCCCEEEEEEEEECCCEEEEEEEEEEECCEEEEEEEEEEECCCCCCCCCCCEEEECCCCCCEEEECCCCCCCEEEEEEEEEECCCCCEEEEEEECCCCCCCCCCCCCCCCEEEEEEEEECCCCCCCCCCEEEEEEHHHCCCCCCCCCCCC,9.259989,0.8691296,10.129118
150,False,MSKGEELFTGVVPILVELDGDVNGHKFSVSGEGEGDATYGKLTLKFICTTGKLPVPWPTLVTTFSYGVQCFSRYPDHMKQHDFFKSAMPEGYVQERTIFFKDDGNYKTRAEVKFEGDTLVNRIELKGIDFKEDGNILGHKLEYNYNSHNVYIMADKQKNGIKVNFKIRHNIEDGSVQLADHYQQNTPIGDGPVLLPDNHYLSTQSALSKDPNEKRDHMVLLEFVTAAGITHGMDELYK,CCCCHHHCCCCCEEEEEEEEEECCEEEEEEEEEEECCCCEEEEEEEEEECCCCCCCHHHHHHHCCCCCEECCCCCCCCCCCCHHHHHCCCCCEEEEEEEEECCCEEEEEEEEEEECCEEEEEEEEEEECCCCCCCCCCCCCCCCCCCCCEEEEECCCCCCEEEEEEEEEECCCCCEEEEEEECCCCCCCCCCCCCCCCEEEEEEEEECCCCCCCCCCEEEEEEHHHCCCCCCCCCCCC,6.254135,0.66820776,6.922343
214,True,MVSKGEELFTGVVPILVELDGDVNGHKFSVSGEGEGDATYGKLTLKFICTTGKLPVPWPTLVTTLTWGVQCFARYPDHMKQHDFFKSAMPEGYVQERTIFFKDDGNYKTRAEVKFEGDTLVNRIELKGIDFKEDGNILGHKLEYNYISHNVYITADKQKNGIKANFKIRHNIEDGGVQLADHYQQNTPIGDGPVLLPDNHYLSTQSKLSKDPNEKRDHMVLLEFVTAAGITLGMDELYK,CCCCHHHHCCCCCCEEEEEEEEECCEEEEEEEEEEECCCCEEEEEEEEEECCCCCCCHHHHHHHHCCCCCCCCCCCCCCCCCCHHHHHCCCCEEEEEEEEEECCCEEEEEEEEEEECCEEEEEEEEEEECCCCCCCCCCCCCCCCCCCCCEEEEECCCCCEEEEEEEEEEEECCCCEEEEEEEEEEEECCCCCCCCCCCEEEEEEEEECCCCCCCCCCEEEEEHHHHCCCCCCCCCCCC,6.8072715,0.06522337,6.8724947
101,False,MVSKGEEDNMASLPATHELHIFGSINGVDFDMVGQGTGNPNDGYEELNLKSTKGDLQFSPWILVPHIGYGFHQYLPYPDGMSPFQAAMVDGSGYQVHRTMQFEDGASLTVNYRYTYEGSHIKGEAQVKGTGFPADGPVMTNSLTAADWCRSKKTYPNDKTIISTFKWSYTTGNGKRYRSTARTTYTFAKPMAANYLKNQPMYVFRKTELKHSKTELNFKEWQKAFTDVMGMDELYK,CCCCCCHHCCCCCCEEEEEEEEEEECCEEEEEEEEEEECCCCCEEEEEEEECCCCCCCCHHHHHCHHCCCCCCCCCCCCCCCHHHHHHCCCCCCEEEEEEEECCCCEEEEEEEEEEECCEEEEEEEEEEECCCCCCCCCCCCCCCCCCCCCEEEECCCCEEEEEEEEEEEECCCCEEEEEEEEEEEECCCCCCHHHCCCCCCEEEEEEEEEECCCCCCEEEEEHHCCCCCCCCCCC,0.4696296,5.5177107,5.9873405
169,False,MSKGEELFTGVVPILVELDGDVNGHKFSVSGEGEGDATYGKLTLKFICTTGKLPVPWPTLVTTFSYGVQCFSRYPDHMKQHDFFKSAMPEGYVQERTIFFKDDGNYKTRAEVKFEGDTLVNRIELKGIDFKEDGNILGHKLEYNYNSHNVYIMADKQKNGIKVNFKIRHNIEDGSVQLADHYQQNTPIGDGPVLLPDNHYLSTQSALSKDPNEKRDHMVLLEFVTAAGITHGMDELYK,CCCCHHHCCCCCEEEEEEEEEECCEEEEEEEEEEECCCCEEEEEEEEEECCCCCCCHHHHHHHCCCCCEECCCCCCCCCCCCHHHHHCCCCCEEEEEEEEECCCEEEEEEEEEEECCEEEEEEEEEEECCCCCCCCCCCCCCCCCCCCCEEEEECCCCCCEEEEEEEEEECCCCCEEEEEEECCCCCCCCCCCCCCCCEEEEEEEEECCCCCCCCCCEEEEEEHHHCCCCCCCCCCCC,7.8142624,0.71617115,8.530434
