,Site,Split,Sequence,Secondary
0,159,True,MVSKGEEDNMAIIKEFMRFKVHMEGSVNGHEFEIEGEGEGRPYEGTQTAKLKVTKGGPLPFAWDILSPQFMYGSKAYVKHPADIPDYLKLSFPEGFKWERVMNFEDGGVVTVTQDSSLQDGEFIYKVKLRGTNFPSDGPVMQKKTMGWEASSERMYPEDGALKGEIKQRLKLKDGGHYDAEVKTTYKAKKPVQLPGAYNVNIKLDITSHNEDYTIVEQYERAEGRHSTGGMDELYK,CCCCCCCCCCCCCCCCCEEEEEEEEEECCEEEEEEEEEEECCCCEEEEEEEEEECCCCCCCCHHHHHCCCCCCCEECCCCCCCCCHHHHHHCCCCCEEEEEEEECCCCEEEEEEEEEEECCEEEEEEEEEEECCCCCCCCCCCCCCCCCCCEEEEECCCCEEEEEEEEEEEECCCCEEEEEEEEEEECCCCCCCCCCEEEEEEEEECCCCCCEEEEEEEEEEEECCCCCCHHHHCC
1,107,False,MVSKGEEDNMAIIKEFMRFKVHMEGSVNGHEFEIEGEGEGRPYEGTQTAKLKVTKGGPLPFAWDILSPQFMYGSKAYVKHPADIPDYLKLSFPEGFKWERVMNFEDGGVVTVTQDSSLQDGEFIYKVKLRGTNFPSDGPVMQKKTMGWEASSERMYPEDGALKGEIKQRLKLKDGGHYDAEVKTTYKAKKPVQLPGAYNVNIKLDITSHNEDYTIVEQYERAEGRHSTGGMDELYK,CCCCCCCCCCCCCCCCCEEEEEEEEEECCEEEEEEEEEEECCCCEEEEEEEEEECCCCCCCCHHHHHCCCCCCCEECCCCCCCCCHHHHHHCCCCCEEEEEEEECCCCEEEEEEEEEEECCEEEEEEEEEEECCCCCCCCCCCCCCCCCCCEEEEECCCCEEEEEEEEEEEECCCCEEEEEEEEEEECCCCCCCCCCEEEEEEEEECCCCCCEEEEEEEEEEEECCCCCCHHHHCC
2,79,False,MVSVIKPEMKMRYYMDGSVNGHEFTIEGEGTGRPYEGHQEMTLRVTMAEGGPMPFAFDLVSHVFCYGHRVFTKYPEEIPDYFKQAFPEGLSWERSLEFEDGGSASVSAHISLRGNTFYHKSKFTGVNFPADGPIMQNQSVDWEPSTEKITASDGVLKGDVTMYLKLEGGGNHKCQMKTTYKAAKEILEMPGDHYIGHRLVRKTEGNITEQVEDAVAHS,CCCCCCCCCEEEEEEEEEECCEEEEEEEEEEECCCCEEEEEEEEEEECCCCCCCCCHHHHHHHHHHCCCCCCCCCCCCCCHHHHHCCCCCEEEEEEEECCCCEEEEEEEEEEECCEEEEEEEEEEECCCCCCCCCCCCCCCCCCCEEEEECCCCEEEEEEEEEEEECCCCEEEEEEEEEEECCCCHHHCCCCCCCEEEEEEECCCCEEEEEEEEEECC
3,253,False,MSKLEKFTNCYSLSKTLRFKAIPVGKTQENIDNKRLLVEDEKRAEDYKGVKKLLDRYYLSFINDVLHSIKLKNLNNYISLFRKKTRTEKENKELENLEINLRKEIAKAFKGNEGYKSLFKKDIIETILPEFLDDKDEIALVNSFNGFTTAFTGFFDNRENMFSEEAKSTSIAFRCINENLTRYISNMDIFEKVDAIFDKHEVQEIKEKILNSDYDVEDFFEGEFFNFVLTQEGIDVYNAIIGGFVTESGEKIKGLNEYINLYNQKTKQKLPKFKPLYKQVLSDRESLSFYGEGYTSDEEVLEVFRNTLNKNSEIFSSIKKLEKLFKNFDEYSSAGIFVKNGPAISTISKDIFGEWNVIRDKWNAEYDDIHLKKKAVVTEKYEDDRRKSFKKIGSFSLEQLQEYADADLSVVEKLKEIIIQKVDEIYKVYGSSEKLFDADFVLEKSLKKNDAVVAIMKDLLDSVKSFENYIKAFFGEGKETNRDESFYGDFVLAYDILLKVDHIYDAIRNYVTQKPYSKDKFKLYFQNPQFMGGWDKDKETDYRATILRYGSKYYLAIMDKKYAKCLQKIDKDDVNGNYEKINYKLLPGPNKMLPKVFFSKKWMAYYNPSEDIQKIYKNGTFKKGDMFNLNDCHKLIDFFKDSISRYPKWSNAYDFNFSETEKYKDIAGFYREVEEQGYKVSFESASKKEVDKLVEEGKLYMFQIYNKDFSDKSHGTPNLHTMYFKLLFDENNHGQIRLSGGAELFMRRASLKKEELVVHPANSPIANKNPDNPKKTTTLSYDVYKDKRFSEDQYELHIPIAINKCPKNIFKINTEVRVLLKHDDNPYVIGIDRGERNLLYIVVVDGKGNIVEQYSLNEIINNFNGIRIKTDYHSLLDKKEKERFEARQNWTSIENIKELKAGYISQVVHKICELVEKYDAVIALEDLNSGFKNSRVKVEKQVYQKFEKMLIDKLNYMVDKKSNPCATGGALKGYQITNKFESFKSMSTQNGFIFYIPAWLTSKIDPSTGFVNLLKTKYTSIADSKKFISSFDRIMYVPEEDLFEFALDYKNFSRTDADYIKKWKLYSYGNRIRIFRNPKKNNVFDWEEVCLTSAYKELFNKYGINYQQGDIRALLCEQSDKAFYSSFMALMSLMLQMRNSITGRTDVDFLISPVKNSDGIFYDSRNYEAQENAILPKNADANGAYNIARKVLWAIGQFKKAEDEKLDKVKIAISNKEWLEYAQTSVKH,CCHHHHHCCCCCCCCEEEEEEEECCCHHHHHHHCCCCHHHHHHHHHHHHHHHHHHHHHHHHHHHHHHCCCCCCHHHHHHHHHHHCCCHHHHHHHHHHHHHHHHHHHHHHCCCCCCHHHCCHHHHHHHHHHCCCCHHHHHHHHHHCCCCHHHHHHHHHHHHCCCCCHHHHCHHHHHHHHHHHHHHHHHHHHHHHHHHCCHHHHHHHHHHHHCCCCCHHHHCCHHHHHHCCCHHCHHHHHHHHCCCCCCCCCCCCCHHHHHHHHHHHCCCCCCCCHHHHCCCCCCCCCCCCCCCCCCCHHHHHHHHHHHHHHHHHHHHHHHHHHHHHHHHHHCCCCCEEEECCHHHHHHHHHHHCCHHHHHHHHHHHHHHHHHCCHHHCCCCCHHHHHHHHCCCCCCCHHHHHHHHHHCHHHHHHHHHHHHHHHHHHHHHHHHHHHHHCCCHHHHHHHCCCHHHHHHHHHHHHHHHHHHHHHHHHHCCCCCCCCCCCCCCCHHHHHHHHHHHHHHHHHHHHHCCCCCCCCCCEECCCCCCCCCCCCCCCCCCCCEEEEEEECCEEEEEEEEHHHHHHHHHHCCCCCCCCEEEEEHHHCCCCCCCCCEEECCHHHHHHCCCCHHHHHHHHCCCCCCCCCCCHHHHHHHHHHHHHHHHHCCHHHHHCCCCCCCCHHCCCHHHHHHHHHHCCEEEEEEECCHHHHHHHHHCCCEEEEEEEECCCCCCCCCCCCCHHHHHHHHHCCCCCCCCCCCCCCEEEEECHHCCCCCCCCCCCCCCCCCCCCCCCCCCCCCCCCCCCCCCCCCCEEEEEEEEEECCCCCCCCCCCCHHHHHCCCCCCCCEEEEECCCCCEEEEEEECCCCCEECCCCHHHHHCCCCHHHHHHHHHHHHHHHHCCCHHHHHHHHHHHHHHHHHHHHHHHHHHHHHHHHHHHCCEEEEECCCCCCCCHHHHHHHHHHHHHHHHHHHHHHHHCCCCCCCCCCCCCCHHHHHHCCHHHHHHHHHCCCEEEEECHHHCCCCCCCCCCCCCCCCCCCCHHHHHHHHHCCCCEEEECCCCEEEEEECHHHCCCCCCCCCCCEEEEECCCEEEEEECCCCCCCCCCEEECHHHHHHHHHHHCCCCCCCCCHHHHHHHCCCHHHHHHHHHHHHHHHHHHCCCCCCCCCCEEECCEECCCCCCCCCCCHHHHCCCCCCCCCCCCHHHHHHHHHHHHHHHHHHCCCCCCCCCCEEECHHHHHHHHHHHHCC
4,508,True,IEKKKSFAKGMGVKSTLVSGSKVYMTTFAEGSDARLEKIVEGDSIRSVNEGEAFSAEMADKNAGYKIGNAKFSHPKGYAVVANNPLYTGPVQQDMLGLKETLEKRYFGESADGNDNICIQVIHNILDIEKILAEYITNAAYAVNNISGLDKDIIGFGKFSTVYTYDEFKDPEHHRAAFNNNDKLINAIKAQYDEFDNFLDNPRLGYFGQAFFSKEGRNYIINYGNECYDILALLSGLRHWVVHNNEEESRISRTWLYNLDKNLDNEYISTLNYLYDRITNELTNSFSKNSAANVNYIAETLGINPAEFAEQYFRFSIMKEQKNLGFNITKLREVMLDRKDMSEIRKNHKVFDSIRTKVYTMMDFVIYRYYIEEDAKVAAANKSLPDNEKSLSEKDIFVINLRGSFNDDQKDALYYDEANRIWRKLENIMHNIKEFRGNKTREYKKKDAPRLPRILPAGRDVSAFSKLMYALTMFLDGKEINDLLTTLINKFDNIQSFLKVMPLIGVNAKFVEEYAFFKDSAKIADELRLIKSFARMGEPIADARRAMYIDAIRILGTNLSYDELKALADTFSLDENGNKLKKGKHGMRNFIINNVISNKRFHYLIRYGDPAHLHEIAKNEAVVKFVLGRIADIQKKQGQNGKNQIDRYYETCIGKDKGKSVSEKVDALTKIITGMNYDQFDKKRSVIEDTGRENAEREKFKKIISLYLTVIYHILKNIVNINARYVIGFHCVERDAQLYKEKGYDINLKKLEEKGFSSVTKLCAGIDETAPDKRKDVEKEMAERAKESIDSLESANPKLYANYIKYSDEKKAEEFTRQINREKAKTALNAYLRNTKWNVIIREDLLRIDNKTCTLFRNKAVHLEVARYVHAYINDIAEVNSYFQLYHYIMQRIIMNERYEKSSGKVSEYFDAVNDEKKYNDRLLKLLCVPFGYCIPRFKNLSIEALFDRNEAAKFDKEKKKVSGNS,CCHHHHHHHHCCCEEEEEECCEEEEEEECCCCCCEEEEEECCCCCCCCCCCCHHHHHHHHHHCCCCCCCCCCCCCCCEEEECCCCCCCCCCCCCCCCCHHHHHHHHHCCCCCCCCCEEEEHHHHHHCHHHHHHHHHHHHHHHHHCCCCCCCCCCHHCCCEEEECCCCCCCHHHHHCCCCCCHHHHHHHHHHHHHHHHHHCCCCCCHHHHHEEECCCCCCEECCCCHHHHHHHHHHCCCEEEECCCCCCCCCCHHHHHHCCCCCCHHHHHHHHHHHHHHHHHHHHHHHHCCHHHHHHHHHHHCCCHHHHHHHHHHHHHHHHHCCCCCCHHHHHHHHHHCCCCCHHHHHHHCHHHHHHHHHHHHHHHHHHHHHHHHHHHHHHCCCCCCCCCCCCHHHHHHHHHHHCCCHHHCCHHHHHHHHHHHHHHHHHHHHHHHHCCHHHHHHHHHCCCCCCCCCCCCCCHHHHHHHHHHHHHHHCCHHHHHHHHHHHHHHHCHHHHHHHHHHHCCCEEEECCHHHCCCHHHHHHHHHHHHHHHHCCCCCHHHHHHHHHHHHHHHCCCCCHHHHHHHHHHCCCCCCCCCCCCCCCCCCCHHHHCEECCCCEEEEEECCCHHHHHHHHCCCHHHHHHHCCCCHHHHHCCCCCCCHHHHHHHHHCCCCCCCCHHHHHHHHHHHHHCCCHHHHCCCCCHHHCCCCHHHHHHHHHHHHHHHHHHHHHHHHHHHCCCCCEEEEEEEHHHCHHHHHHHCHHHHHHHHHHCCCCHHHHHHHHCCCCCCCCCHHHHHHHHHHHHHCHHCHHHCCHHHHHCCCCCCCHHHHHHHHHHHCHHHHHHHHHHHHHHCCCCEEHHHHHHHCCCHHHHHHHHHHHHHHHHHHHHHHHHHHHHHHHHHHHHHHHHHHHHHHHCHHHHCCCHHHHHHHHHHHCCHHHHHHHHHCCCCCCCCCCCCCCCHHHHCCCCCCCCCCHHHHCCCCCC
5,187,False,MSKGEELFTGVVPILVELDGDVNGHKFSVSGEGEGDATYGKLTLKFICTTGKLPVPWPTLVTTFSYGVQCFSRYPDHMKQHDFFKSAMPEGYVQERTIFFKDDGNYKTRAEVKFEGDTLVNRIELKGIDFKEDGNILGHKLEYNYNSHNVYIMADKQKNGIKVNFKIRHNIEDGSVQLADHYQQNTPIGDGPVLLPDNHYLSTQSALSKDPNEKRDHMVLLEFVTAAGITHGMDELYK,CCCCHHHCCCCCEEEEEEEEEECCEEEEEEEEEEECCCCEEEEEEEEEECCCCCCCHHHHHHHCCCCCEECCCCCCCCCCCCHHHHHCCCCCEEEEEEEEECCCEEEEEEEEEEECCEEEEEEEEEEECCCCCCCCCCCCCCCCCCCCCEEEEECCCCCCEEEEEEEEEECCCCCEEEEEEECCCCCCCCCCCCCCCCEEEEEEEEECCCCCCCCCCEEEEEEHHHCCCCCCCCCCCC
6,117,False,MSKLEKFTNCYSLSKTLRFKAIPVGKTQENIDNKRLLVEDEKRAEDYKGVKKLLDRYYLSFINDVLHSIKLKNLNNYISLFRKKTRTEKENKELENLEINLRKEIAKAFKGNEGYKSLFKKDIIETILPEFLDDKDEIALVNSFNGFTTAFTGFFDNRENMFSEEAKSTSIAFRCINENLTRYISNMDIFEKVDAIFDKHEVQEIKEKILNSDYDVEDFFEGEFFNFVLTQEGIDVYNAIIGGFVTESGEKIKGLNEYINLYNQKTKQKLPKFKPLYKQVLSDRESLSFYGEGYTSDEEVLEVFRNTLNKNSEIFSSIKKLEKLFKNFDEYSSAGIFVKNGPAISTISKDIFGEWNVIRDKWNAEYDDIHLKKKAVVTEKYEDDRRKSFKKIGSFSLEQLQEYADADLSVVEKLKEIIIQKVDEIYKVYGSSEKLFDADFVLEKSLKKNDAVVAIMKDLLDSVKSFENYIKAFFGEGKETNRDESFYGDFVLAYDILLKVDHIYDAIRNYVTQKPYSKDKFKLYFQNPQFMGGWDKDKETDYRATILRYGSKYYLAIMDKKYAKCLQKIDKDDVNGNYEKINYKLLPGPNKMLPKVFFSKKWMAYYNPSEDIQKIYKNGTFKKGDMFNLNDCHKLIDFFKDSISRYPKWSNAYDFNFSETEKYKDIAGFYREVEEQGYKVSFESASKKEVDKLVEEGKLYMFQIYNKDFSDKSHGTPNLHTMYFKLLFDENNHGQIRLSGGAELFMRRASLKKEELVVHPANSPIANKNPDNPKKTTTLSYDVYKDKRFSEDQYELHIPIAINKCPKNIFKINTEVRVLLKHDDNPYVIGIDRGERNLLYIVVVDGKGNIVEQYSLNEIINNFNGIRIKTDYHSLLDKKEKERFEARQNWTSIENIKELKAGYISQVVHKICELVEKYDAVIALEDLNSGFKNSRVKVEKQVYQKFEKMLIDKLNYMVDKKSNPCATGGALKGYQITNKFESFKSMSTQNGFIFYIPAWLTSKIDPSTGFVNLLKTKYTSIADSKKFISSFDRIMYVPEEDLFEFALDYKNFSRTDADYIKKWKLYSYGNRIRIFRNPKKNNVFDWEEVCLTSAYKELFNKYGINYQQGDIRALLCEQSDKAFYSSFMALMSLMLQMRNSITGRTDVDFLISPVKNSDGIFYDSRNYEAQENAILPKNADANGAYNIARKVLWAIGQFKKAEDEKLDKVKIAISNKEWLEYAQTSVKH,CCHHHHHCCCCCCCCEEEEEEEECCCHHHHHHHCCCCHHHHHHHHHHHHHHHHHHHHHHHHHHHHHHCCCCCCHHHHHHHHHHHCCCHHHHHHHHHHHHHHHHHHHHHHCCCCCCHHHCCHHHHHHHHHHCCCCHHHHHHHHHHCCCCHHHHHHHHHHHHCCCCCHHHHCHHHHHHHHHHHHHHHHHHHHHHHHHHCCHHHHHHHHHHHHCCCCCHHHHCCHHHHHHCCCHHCHHHHHHHHCCCCCCCCCCCCCHHHHHHHHHHHCCCCCCCCHHHHCCCCCCCCCCCCCCCCCCCHHHHHHHHHHHHHHHHHHHHHHHHHHHHHHHHHHCCCCCEEEECCHHHHHHHHHHHCCHHHHHHHHHHHHHHHHHCCHHHCCCCCHHHHHHHHCCCCCCCHHHHHHHHHHCHHHHHHHHHHHHHHHHHHHHHHHHHHHHHCCCHHHHHHHCCCHHHHHHHHHHHHHHHHHHHHHHHHHCCCCCCCCCCCCCCCHHHHHHHHHHHHHHHHHHHHHCCCCCCCCCCEECCCCCCCCCCCCCCCCCCCCEEEEEEECCEEEEEEEEHHHHHHHHHHCCCCCCCCEEEEEHHHCCCCCCCCCEEECCHHHHHHCCCCHHHHHHHHCCCCCCCCCCCHHHHHHHHHHHHHHHHHCCHHHHHCCCCCCCCHHCCCHHHHHHHHHHCCEEEEEEECCHHHHHHHHHCCCEEEEEEEECCCCCCCCCCCCCHHHHHHHHHCCCCCCCCCCCCCCEEEEECHHCCCCCCCCCCCCCCCCCCCCCCCCCCCCCCCCCCCCCCCCCCEEEEEEEEEECCCCCCCCCCCCHHHHHCCCCCCCCEEEEECCCCCEEEEEEECCCCCEECCCCHHHHHCCCCHHHHHHHHHHHHHHHHCCCHHHHHHHHHHHHHHHHHHHHHHHHHHHHHHHHHHHCCEEEEECCCCCCCCHHHHHHHHHHHHHHHHHHHHHHHHCCCCCCCCCCCCCCHHHHHHCCHHHHHHHHHCCCEEEEECHHHCCCCCCCCCCCCCCCCCCCCHHHHHHHHHCCCCEEEECCCCEEEEEECHHHCCCCCCCCCCCEEEEECCCEEEEEECCCCCCCCCCEEECHHHHHHHHHHHCCCCCCCCCHHHHHHHCCCHHHHHHHHHHHHHHHHHHCCCCCCCCCCEEECCEECCCCCCCCCCCHHHHCCCCCCCCCCCCHHHHHHHHHHHHHHHHHHCCCCCCCCCCEEECHHHHHHHHHHHHCC
7,406,True,MSKLEKFTNCYSLSKTLRFKAIPVGKTQENIDNKRLLVEDEKRAEDYKGVKKLLDRYYLSFINDVLHSIKLKNLNNYISLFRKKTRTEKENKELENLEINLRKEIAKAFKGNEGYKSLFKKDIIETILPEFLDDKDEIALVNSFNGFTTAFTGFFDNRENMFSEEAKSTSIAFRCINENLTRYISNMDIFEKVDAIFDKHEVQEIKEKILNSDYDVEDFFEGEFFNFVLTQEGIDVYNAIIGGFVTESGEKIKGLNEYINLYNQKTKQKLPKFKPLYKQVLSDRESLSFYGEGYTSDEEVLEVFRNTLNKNSEIFSSIKKLEKLFKNFDEYSSAGIFVKNGPAISTISKDIFGEWNVIRDKWNAEYDDIHLKKKAVVTEKYEDDRRKSFKKIGSFSLEQLQEYADADLSVVEKLKEIIIQKVDEIYKVYGSSEKLFDADFVLEKSLKKNDAVVAIMKDLLDSVKSFENYIKAFFGEGKETNRDESFYGDFVLAYDILLKVDHIYDAIRNYVTQKPYSKDKFKLYFQNPQFMGGWDKDKETDYRATILRYGSKYYLAIMDKKYAKCLQKIDKDDVNGNYEKINYKLLPGPNKMLPKVFFSKKWMAYYNPSEDIQKIYKNGTFKKGDMFNLNDCHKLIDFFKDSISRYPKWSNAYDFNFSETEKYKDIAGFYREVEEQGYKVSFESASKKEVDKLVEEGKLYMFQIYNKDFSDKSHGTPNLHTMYFKLLFDENNHGQIRLSGGAELFMRRASLKKEELVVHPANSPIANKNPDNPKKTTTLSYDVYKDKRFSEDQYELHIPIAINKCPKNIFKINTEVRVLLKHDDNPYVIGIDRGERNLLYIVVVDGKGNIVEQYSLNEIINNFNGIRIKTDYHSLLDKKEKERFEARQNWTSIENIKELKAGYISQVVHKICELVEKYDAVIALEDLNSGFKNSRVKVEKQVYQKFEKMLIDKLNYMVDKKSNPCATGGALKGYQITNKFESFKSMSTQNGFIFYIPAWLTSKIDPSTGFVNLLKTKYTSIADSKKFISSFDRIMYVPEEDLFEFALDYKNFSRTDADYIKKWKLYSYGNRIRIFRNPKKNNVFDWEEVCLTSAYKELFNKYGINYQQGDIRALLCEQSDKAFYSSFMALMSLMLQMRNSITGRTDVDFLISPVKNSDGIFYDSRNYEAQENAILPKNADANGAYNIARKVLWAIGQFKKAEDEKLDKVKIAISNKEWLEYAQTSVKH,CCHHHHHCCCCCCCCEEEEEEEECCCHHHHHHHCCCCHHHHHHHHHHHHHHHHHHHHHHHHHHHHHHCCCCCCHHHHHHHHHHHCCCHHHHHHHHHHHHHHHHHHHHHHCCCCCCHHHCCHHHHHHHHHHCCCCHHHHHHHHHHCCCCHHHHHHHHHHHHCCCCCHHHHCHHHHHHHHHHHHHHHHHHHHHHHHHHCCHHHHHHHHHHHHCCCCCHHHHCCHHHHHHCCCHHCHHHHHHHHCCCCCCCCCCCCCHHHHHHHHHHHCCCCCCCCHHHHCCCCCCCCCCCCCCCCCCCHHHHHHHHHHHHHHHHHHHHHHHHHHHHHHHHHHCCCCCEEEECCHHHHHHHHHHHCCHHHHHHHHHHHHHHHHHCCHHHCCCCCHHHHHHHHCCCCCCCHHHHHHHHHHCHHHHHHHHHHHHHHHHHHHHHHHHHHHHHCCCHHHHHHHCCCHHHHHHHHHHHHHHHHHHHHHHHHHCCCCCCCCCCCCCCCHHHHHHHHHHHHHHHHHHHHHCCCCCCCCCCEECCCCCCCCCCCCCCCCCCCCEEEEEEECCEEEEEEEEHHHHHHHHHHCCCCCCCCEEEEEHHHCCCCCCCCCEEECCHHHHHHCCCCHHHHHHHHCCCCCCCCCCCHHHHHHHHHHHHHHHHHCCHHHHHCCCCCCCCHHCCCHHHHHHHHHHCCEEEEEEECCHHHHHHHHHCCCEEEEEEEECCCCCCCCCCCCCHHHHHHHHHCCCCCCCCCCCCCCEEEEECHHCCCCCCCCCCCCCCCCCCCCCCCCCCCCCCCCCCCCCCCCCCEEEEEEEEEECCCCCCCCCCCCHHHHHCCCCCCCCEEEEECCCCCEEEEEEECCCCCEECCCCHHHHHCCCCHHHHHHHHHHHHHHHHCCCHHHHHHHHHHHHHHHHHHHHHHHHHHHHHHHHHHHCCEEEEECCCCCCCCHHHHHHHHHHHHHHHHHHHHHHHHCCCCCCCCCCCCCCHHHHHHCCHHHHHHHHHCCCEEEEECHHHCCCCCCCCCCCCCCCCCCCCHHHHHHHHHCCCCEEEECCCCEEEEEECHHHCCCCCCCCCCCEEEEECCCEEEEEECCCCCCCCCCEEECHHHHHHHHHHHCCCCCCCCCHHHHHHHCCCHHHHHHHHHHHHHHHHHHCCCCCCCCCCEEECCEECCCCCCCCCCCHHHHCCCCCCCCCCCCHHHHHHHHHHHHHHHHHHCCCCCCCCCCEEECHHHHHHHHHHHHCC
8,154,True,MVSKGEELFTGVVPILVELDGDVNGHKFSVSGEGEGDATYGKLTLKFICTTGKLPVPWPTLVTTLTWGVQCFARYPDHMKQHDFFKSAMPEGYVQERTIFFKDDGNYKTRAEVKFEGDTLVNRIELKGIDFKEDGNILGHKLEYNYISHNVYITADKQKNGIKANFKIRHNIEDGGVQLADHYQQNTPIGDGPVLLPDNHYLSTQSKLSKDPNEKRDHMVLLEFVTAAGITLGMDELYK,CCCCHHHHCCCCCCEEEEEEEEECCEEEEEEEEEEECCCCEEEEEEEEEECCCCCCCHHHHHHHHCCCCCCCCCCCCCCCCCCHHHHHCCCCEEEEEEEEEECCCEEEEEEEEEEECCEEEEEEEEEEECCCCCCCCCCCCCCCCCCCCCEEEEECCCCCEEEEEEEEEEEECCCCEEEEEEEEEEEECCCCCCCCCCCEEEEEEEEECCCCCCCCCCEEEEEHHHHCCCCCCCCCCCC
9,157,True,MSKGEELFTGVVPILVELDGDVNGHKFSVSGEGEGDATYGKLTLKFICTTGKLPVPWPTLVTTFSYGVQCFSRYPDHMKQHDFFKSAMPEGYVQERTIFFKDDGNYKTRAEVKFEGDTLVNRIELKGIDFKEDGNILGHKLEYNYNSHNVYIMADKQKNGIKVNFKIRHNIEDGSVQLADHYQQNTPIGDGPVLLPDNHYLSTQSALSKDPNEKRDHMVLLEFVTAAGITHGMDELYK,CCCCHHHCCCCCEEEEEEEEEECCEEEEEEEEEEECCCCEEEEEEEEEECCCCCCCHHHHHHHCCCCCEECCCCCCCCCCCCHHHHHCCCCCEEEEEEEEECCCEEEEEEEEEEECCEEEEEEEEEEECCCCCCCCCCCCCCCCCCCCCEEEEECCCCCCEEEEEEEEEECCCCCEEEEEEECCCCCCCCCCCCCCCCEEEEEEEEECCCCCCCCCCEEEEEEHHHCCCCCCCCCCCC
10,172,True,MSKGEELFTGVVPILVELDGDVNGHKFSVSGEGEGDATYGKLTLKFICTTGKLPVPWPTLVTTFSHGVQCFSRYPDHMKRHDFFKSAMPEGYVQERTIFFKDDGNYKTRAEVKFEGDTLVNRIELKGIDFKEDGNILGHKLEYNFNSHNVYIMADKQKNGIKVNFKIRHNIEDGSVQLADHYQQNTPIGDGPVLLPDNHYLSTQSALSKDPNEKRDHMVLLEFVTAAGITHGMDELYK,CCCCHHHCCCCCEEEEEEEEEECCEEEEEEEEEEECCCCEEEEEEEEEECCCCCCCHHHHHCCCCCCCEECCCCCCCCCCCCHHHHHCCCCCEEEEEEEEECCCEEEEEEEEEEECCEEEEEEEEEEECCCCCCCCCCCCCCCCCCCCCEEEECCCCCCCEEEEEEEEEECCCCCEEEEEEECCCCCCCCCCCCCCCCEEEEEEEEECCCCCCCCCEEEEEEEEHHCCCCCCCCCCCC
11,160,True,MVSKGEEDNMAIIKEFMRFKVHMEGSVNGHEFEIEGEGEGRPYEGTQTAKLKVTKGGPLPFAWDILSPQFMYGSKAYVKHPADIPDYLKLSFPEGFKWERVMNFEDGGVVTVTQDSSLQDGEFIYKVKLRGTNFPSDGPVMQKKTMGWEASSERMYPEDGALKGEIKQRLKLKDGGHYDAEVKTTYKAKKPVQLPGAYNVNIKLDITSHNEDYTIVEQYERAEGRHSTGGMDELYK,CCCCCCCCCCCCCCCCCEEEEEEEEEECCEEEEEEEEEEECCCCEEEEEEEEEECCCCCCCCHHHHHCCCCCCCEECCCCCCCCCHHHHHHCCCCCEEEEEEEECCCCEEEEEEEEEEECCEEEEEEEEEEECCCCCCCCCCCCCCCCCCCEEEEECCCCEEEEEEEEEEEECCCCEEEEEEEEEEECCCCCCCCCCEEEEEEEEECCCCCCEEEEEEEEEEEECCCCCCHHHHCC
12,530,False,MSKLEKFTNCYSLSKTLRFKAIPVGKTQENIDNKRLLVEDEKRAEDYKGVKKLLDRYYLSFINDVLHSIKLKNLNNYISLFRKKTRTEKENKELENLEINLRKEIAKAFKGNEGYKSLFKKDIIETILPEFLDDKDEIALVNSFNGFTTAFTGFFDNRENMFSEEAKSTSIAFRCINENLTRYISNMDIFEKVDAIFDKHEVQEIKEKILNSDYDVEDFFEGEFFNFVLTQEGIDVYNAIIGGFVTESGEKIKGLNEYINLYNQKTKQKLPKFKPLYKQVLSDRESLSFYGEGYTSDEEVLEVFRNTLNKNSEIFSSIKKLEKLFKNFDEYSSAGIFVKNGPAISTISKDIFGEWNVIRDKWNAEYDDIHLKKKAVVTEKYEDDRRKSFKKIGSFSLEQLQEYADADLSVVEKLKEIIIQKVDEIYKVYGSSEKLFDADFVLEKSLKKNDAVVAIMKDLLDSVKSFENYIKAFFGEGKETNRDESFYGDFVLAYDILLKVDHIYDAIRNYVTQKPYSKDKFKLYFQNPQFMGGWDKDKETDYRATILRYGSKYYLAIMDKKYAKCLQKIDKDDVNGNYEKINYKLLPGPNKMLPKVFFSKKWMAYYNPSEDIQKIYKNGTFKKGDMFNLNDCHKLIDFFKDSISRYPKWSNAYDFNFSETEKYKDIAGFYREVEEQGYKVSFESASKKEVDKLVEEGKLYMFQIYNKDFSDKSHGTPNLHTMYFKLLFDENNHGQIRLSGGAELFMRRASLKKEELVVHPANSPIANKNPDNPKKTTTLSYDVYKDKRFSEDQYELHIPIAINKCPKNIFKINTEVRVLLKHDDNPYVIGIDRGERNLLYIVVVDGKGNIVEQYSLNEIINNFNGIRIKTDYHSLLDKKEKERFEARQNWTSIENIKELKAGYISQVVHKICELVEKYDAVIALEDLNSGFKNSRVKVEKQVYQKFEKMLIDKLNYMVDKKSNPCATGGALKGYQITNKFESFKSMSTQNGFIFYIPAWLTSKIDPSTGFVNLLKTKYTSIADSKKFISSFDRIMYVPEEDLFEFALDYKNFSRTDADYIKKWKLYSYGNRIRIFRNPKKNNVFDWEEVCLTSAYKELFNKYGINYQQGDIRALLCEQSDKAFYSSFMALMSLMLQMRNSITGRTDVDFLISPVKNSDGIFYDSRNYEAQENAILPKNADANGAYNIARKVLWAIGQFKKAEDEKLDKVKIAISNKEWLEYAQTSVKH,CCHHHHHCCCCCCCCEEEEEEEECCCHHHHHHHCCCCHHHHHHHHHHHHHHHHHHHHHHHHHHHHHHCCCCCCHHHHHHHHHHHCCCHHHHHHHHHHHHHHHHHHHHHHCCCCCCHHHCCHHHHHHHHHHCCCCHHHHHHHHHHCCCCHHHHHHHHHHHHCCCCCHHHHCHHHHHHHHHHHHHHHHHHHHHHHHHHCCHHHHHHHHHHHHCCCCCHHHHCCHHHHHHCCCHHCHHHHHHHHCCCCCCCCCCCCCHHHHHHHHHHHCCCCCCCCHHHHCCCCCCCCCCCCCCCCCCCHHHHHHHHHHHHHHHHHHHHHHHHHHHHHHHHHHCCCCCEEEECCHHHHHHHHHHHCCHHHHHHHHHHHHHHHHHCCHHHCCCCCHHHHHHHHCCCCCCCHHHHHHHHHHCHHHHHHHHHHHHHHHHHHHHHHHHHHHHHCCCHHHHHHHCCCHHHHHHHHHHHHHHHHHHHHHHHHHCCCCCCCCCCCCCCCHHHHHHHHHHHHHHHHHHHHHCCCCCCCCCCEECCCCCCCCCCCCCCCCCCCCEEEEEEECCEEEEEEEEHHHHHHHHHHCCCCCCCCEEEEEHHHCCCCCCCCCEEECCHHHHHHCCCCHHHHHHHHCCCCCCCCCCCHHHHHHHHHHHHHHHHHCCHHHHHCCCCCCCCHHCCCHHHHHHHHHHCCEEEEEEECCHHHHHHHHHCCCEEEEEEEECCCCCCCCCCCCCHHHHHHHHHCCCCCCCCCCCCCCEEEEECHHCCCCCCCCCCCCCCCCCCCCCCCCCCCCCCCCCCCCCCCCCCEEEEEEEEEECCCCCCCCCCCCHHHHHCCCCCCCCEEEEECCCCCEEEEEEECCCCCEECCCCHHHHHCCCCHHHHHHHHHHHHHHHHCCCHHHHHHHHHHHHHHHHHHHHHHHHHHHHHHHHHHHCCEEEEECCCCCCCCHHHHHHHHHHHHHHHHHHHHHHHHCCCCCCCCCCCCCCHHHHHHCCHHHHHHHHHCCCEEEEECHHHCCCCCCCCCCCCCCCCCCCCHHHHHHHHHCCCCEEEECCCCEEEEEECHHHCCCCCCCCCCCEEEEECCCEEEEEECCCCCCCCCCEEECHHHHHHHHHHHCCCCCCCCCHHHHHHHCCCHHHHHHHHHHHHHHHHHHCCCCCCCCCCEEECCEECCCCCCCCCCCHHHHCCCCCCCCCCCCHHHHHHHHHHHHHHHHHHCCCCCCCCCCEEECHHHHHHHHHHHHCC
13,142,False,MSVIKPDMKIKLRMEGAVNGHPFAIEGVGLGKPFEGKQSMDLKVKEGGPLPFAYDILTTVFCYGNRVFAKYPENIVDYFKQSFPEGYSWERSMNYEDGGICNATNDITLDGDCYIYEIRFDGVNFPANGPVMQKRTVKWEPSTEKLYVRDGVLKGDVNMALSLEGGGHYRCDFKTTYKAKKVVQLPDYHFVDHHIEIKSHDKDYSNVNLHEHAEAHSELPRQAK,CCCCCCCCEEEEEEEEEECCEEEEEEEEEEECCCCCEEEEEEEEECCCCCCCCHHHHHCHHCCCCEECCCCCCCCCCHHHHHCCCCEEEEEEEEECCCCEEEEEEEEEEECCEEEEEEEEEEECCCCCCCCCCCCCCCCCCCEEEEEECCCEEEEEEEEEEEECCCCEEEEEEECEEECCCCCCCCCCEEEEEEEEEEEECCCCCEEEEEEEEEEECCCCCCCC
14,72,False,MVSKGEELFTGVVPILVELDGDVNGHKFSVSGEGEGDATYGKLTLKFICTTGKLPVPWPTLVTTLTWGVQCFARYPDHMKQHDFFKSAMPEGYVQERTIFFKDDGNYKTRAEVKFEGDTLVNRIELKGIDFKEDGNILGHKLEYNYISHNVYITADKQKNGIKANFKIRHNIEDGGVQLADHYQQNTPIGDGPVLLPDNHYLSTQSKLSKDPNEKRDHMVLLEFVTAAGITLGMDELYK,CCCCHHHHCCCCCCEEEEEEEEECCEEEEEEEEEEECCCCEEEEEEEEEECCCCCCCHHHHHHHHCCCCCCCCCCCCCCCCCCHHHHHCCCCEEEEEEEEEECCCEEEEEEEEEEECCEEEEEEEEEEECCCCCCCCCCCCCCCCCCCCCEEEEECCCCCEEEEEEEEEEEECCCCEEEEEEEEEEEECCCCCCCCCCCEEEEEEEEECCCCCCCCCCEEEEEHHHHCCCCCCCCCCCC
15,212,True,MSKGEELFTGVVPILVELDGDVNGHKFSVSGEGEGDATYGKLTLKFICTTGKLPVPWPTLVTTFSYGVQCFSRYPDHMKQHDFFKSAMPEGYVQERTIFFKDDGNYKTRAEVKFEGDTLVNRIELKGIDFKEDGNILGHKLEYNYNSHNVYIMADKQKNGIKVNFKIRHNIEDGSVQLADHYQQNTPIGDGPVLLPDNHYLSTQSALSKDPNEKRDHMVLLEFVTAAGITHGMDELYK,CCCCHHHCCCCCEEEEEEEEEECCEEEEEEEEEEECCCCEEEEEEEEEECCCCCCCHHHHHHHCCCCCEECCCCCCCCCCCCHHHHHCCCCCEEEEEEEEECCCEEEEEEEEEEECCEEEEEEEEEEECCCCCCCCCCCCCCCCCCCCCEEEEECCCCCCEEEEEEEEEECCCCCEEEEEEECCCCCCCCCCCCCCCCEEEEEEEEECCCCCCCCCCEEEEEEHHHCCCCCCCCCCCC
16,195,False,IEKKKSFAKGMGVKSTLVSGSKVYMTTFAEGSDARLEKIVEGDSIRSVNEGEAFSAEMADKNAGYKIGNAKFSHPKGYAVVANNPLYTGPVQQDMLGLKETLEKRYFGESADGNDNICIQVIHNILDIEKILAEYITNAAYAVNNISGLDKDIIGFGKFSTVYTYDEFKDPEHHRAAFNNNDKLINAIKAQYDEFDNFLDNPRLGYFGQAFFSKEGRNYIINYGNECYDILALLSGLRHWVVHNNEEESRISRTWLYNLDKNLDNEYISTLNYLYDRITNELTNSFSKNSAANVNYIAETLGINPAEFAEQYFRFSIMKEQKNLGFNITKLREVMLDRKDMSEIRKNHKVFDSIRTKVYTMMDFVIYRYYIEEDAKVAAANKSLPDNEKSLSEKDIFVINLRGSFNDDQKDALYYDEANRIWRKLENIMHNIKEFRGNKTREYKKKDAPRLPRILPAGRDVSAFSKLMYALTMFLDGKEINDLLTTLINKFDNIQSFLKVMPLIGVNAKFVEEYAFFKDSAKIADELRLIKSFARMGEPIADARRAMYIDAIRILGTNLSYDELKALADTFSLDENGNKLKKGKHGMRNFIINNVISNKRFHYLIRYGDPAHLHEIAKNEAVVKFVLGRIADIQKKQGQNGKNQIDRYYETCIGKDKGKSVSEKVDALTKIITGMNYDQFDKKRSVIEDTGRENAEREKFKKIISLYLTVIYHILKNIVNINARYVIGFHCVERDAQLYKEKGYDINLKKLEEKGFSSVTKLCAGIDETAPDKRKDVEKEMAERAKESIDSLESANPKLYANYIKYSDEKKAEEFTRQINREKAKTALNAYLRNTKWNVIIREDLLRIDNKTCTLFRNKAVHLEVARYVHAYINDIAEVNSYFQLYHYIMQRIIMNERYEKSSGKVSEYFDAVNDEKKYNDRLLKLLCVPFGYCIPRFKNLSIEALFDRNEAAKFDKEKKKVSGNS,CCHHHHHHHHCCCEEEEEECCEEEEEEECCCCCCEEEEEECCCCCCCCCCCCHHHHHHHHHHCCCCCCCCCCCCCCCEEEECCCCCCCCCCCCCCCCCHHHHHHHHHCCCCCCCCCEEEEHHHHHHCHHHHHHHHHHHHHHHHHCCCCCCCCCCHHCCCEEEECCCCCCCHHHHHCCCCCCHHHHHHHHHHHHHHHHHHCCCCCCHHHHHEEECCCCCCEECCCCHHHHHHHHHHCCCEEEECCCCCCCCCCHHHHHHCCCCCCHHHHHHHHHHHHHHHHHHHHHHHHCCHHHHHHHHHHHCCCHHHHHHHHHHHHHHHHHCCCCCCHHHHHHHHHHCCCCCHHHHHHHCHHHHHHHHHHHHHHHHHHHHHHHHHHHHHHCCCCCCCCCCCCHHHHHHHHHHHCCCHHHCCHHHHHHHHHHHHHHHHHHHHHHHHCCHHHHHHHHHCCCCCCCCCCCCCCHHHHHHHHHHHHHHHCCHHHHHHHHHHHHHHHCHHHHHHHHHHHCCCEEEECCHHHCCCHHHHHHHHHHHHHHHHCCCCCHHHHHHHHHHHHHHHCCCCCHHHHHHHHHHCCCCCCCCCCCCCCCCCCCHHHHCEECCCCEEEEEECCCHHHHHHHHCCCHHHHHHHCCCCHHHHHCCCCCCCHHHHHHHHHCCCCCCCCHHHHHHHHHHHHHCCCHHHHCCCCCHHHCCCCHHHHHHHHHHHHHHHHHHHHHHHHHHHCCCCCEEEEEEEHHHCHHHHHHHCHHHHHHHHHHCCCCHHHHHHHHCCCCCCCCCHHHHHHHHHHHHHCHHCHHHCCHHHHHCCCCCCCHHHHHHHHHHHCHHHHHHHHHHHHHHCCCCEEHHHHHHHCCCHHHHHHHHHHHHHHHHHHHHHHHHHHHHHHHHHHHHHHHHHHHHHHHCHHHHCCCHHHHHHHHHHHCCHHHHHHHHHCCCCCCCCCCCCCCCHHHHCCCCCCCCCCHHHHCCCCCC
17,59,True,EEDNNAIIKEFMRFKVHMEGSVNGHEFEIEGEGEGHPYEGTQTAKLKVTKGGPLPFAWDILSPQFMYGSKAYVKHPADIPDYLKLSFPEGFTWERVMNFEDGGVVTVTQDSSLQDGEFIYKVKLLGTNFPSDGPVMQKKTNGWEASTERMYPEDGALKGEINQRLKLKDGGHYDAEVKTTYKAKKPVQLPGAYNVDIKLDITSHNEDYTIVEQYERAEGRHSTGG,CCCCCCCCCCCCEEEEEEEEEECCEEEEEEEEEEECCCCEEEEEEEEEECCCCCCCCHHHHHCHHCCCCEECCCCCCCCCHHHHHHCCCCEEEEEEEEECCCCEEEEEEEEEEECCEEEEEEEEEEECCCCCCCCCCCCCCCCCCCEEEEECCCCEEEEEEEEEEEECCCCEEEEEEEEEEECCCCCCCCCCEEEEEEEEECCCCCCCEEEEEEEEEEEEECCCC
18,156,True,MVSKGEELFTGVVPILVELDGDVNGHKFSVSGEGEGDATYGKLTLKFICTTGKLPVPWPTLVTTLTWGVQCFARYPDHMKQHDFFKSAMPEGYVQERTIFFKDDGNYKTRAEVKFEGDTLVNRIELKGIDFKEDGNILGHKLEYNYISHNVYITADKQKNGIKANFKIRHNIEDGGVQLADHYQQNTPIGDGPVLLPDNHYLSTQSKLSKDPNEKRDHMVLLEFVTAAGITLGMDELYK,CCCCHHHHCCCCCCEEEEEEEEECCEEEEEEEEEEECCCCEEEEEEEEEECCCCCCCHHHHHHHHCCCCCCCCCCCCCCCCCCHHHHHCCCCEEEEEEEEEECCCEEEEEEEEEEECCEEEEEEEEEEECCCCCCCCCCCCCCCCCCCCCEEEEECCCCCEEEEEEEEEEEECCCCEEEEEEEEEEEECCCCCCCCCCCEEEEEEEEECCCCCCCCCCEEEEEHHHHCCCCCCCCCCCC
19,169,True,MVSVIKPEMKMRYYMDGSVNGHEFTIEGEGTGRPYEGHQEMTLRVTMAEGGPMPFAFDLVSHVFCYGHRVFTKYPEEIPDYFKQAFPEGLSWERSLEFEDGGSASVSAHISLRGNTFYHKSKFTGVNFPADGPIMQNQSVDWEPSTEKITASDGVLKGDVTMYLKLEGGGNHKCQMKTTYKAAKEILEMPGDHYIGHRLVRKTEGNITEQVEDAVAHS,CCCCCCCCCEEEEEEEEEECCEEEEEEEEEEECCCCEEEEEEEEEEECCCCCCCCCHHHHHHHHHHCCCCCCCCCCCCCCHHHHHCCCCCEEEEEEEECCCCEEEEEEEEEEECCEEEEEEEEEEECCCCCCCCCCCCCCCCCCCEEEEECCCCEEEEEEEEEEEECCCCEEEEEEEEEEECCCCHHHCCCCCCCEEEEEEECCCCEEEEEEEEEECC
20,85,False,MVSKGEEDNMAIIKEFMRFKVHMEGSVNGHEFEIEGEGEGRPYEGTQTAKLKVTKGGPLPFAWDILSPQFMYGSKAYVKHPADIPDYLKLSFPEGFKWERVMNFEDGGVVTVTQDSSLQDGEFIYKVKLRGTNFPSDGPVMQKKTMGWEASSERMYPEDGALKGEIKQRLKLKDGGHYDAEVKTTYKAKKPVQLPGAYNVNIKLDITSHNEDYTIVEQYERAEGRHSTGGMDELYK,CCCCCCCCCCCCCCCCCEEEEEEEEEECCEEEEEEEEEEECCCCEEEEEEEEEECCCCCCCCHHHHHCCCCCCCEECCCCCCCCCHHHHHHCCCCCEEEEEEEECCCCEEEEEEEEEEECCEEEEEEEEEEECCCCCCCCCCCCCCCCCCCEEEEECCCCEEEEEEEEEEEECCCCEEEEEEEEEEECCCCCCCCCCEEEEEEEEECCCCCCEEEEEEEEEEEECCCCCCHHHHCC
21,165,False,MVSVIKPEMKMRYYMDGSVNGHEFTIEGEGTGRPYEGHQEMTLRVTMAEGGPMPFAFDLVSHVFCYGHRVFTKYPEEIPDYFKQAFPEGLSWERSLEFEDGGSASVSAHISLRGNTFYHKSKFTGVNFPADGPIMQNQSVDWEPSTEKITASDGVLKGDVTMYLKLEGGGNHKCQMKTTYKAAKEILEMPGDHYIGHRLVRKTEGNITEQVEDAVAHS,CCCCCCCCCEEEEEEEEEECCEEEEEEEEEEECCCCEEEEEEEEEEECCCCCCCCCHHHHHHHHHHCCCCCCCCCCCCCCHHHHHCCCCCEEEEEEEECCCCEEEEEEEEEEECCEEEEEEEEEEECCCCCCCCCCCCCCCCCCCEEEEECCCCEEEEEEEEEEEECCCCEEEEEEEEEEECCCCHHHCCCCCCCEEEEEEECCCCEEEEEEEEEECC
22,122,True,MVAGHASGSPAFGTASHSNCEHEEIHLAGSIQPHGALLVVSEHDHRVIQASANAAEFLNLGSVLGVPLAEIDGDLLIKILPHLDPTAEGMPVAVRCRIGNPSTEYCGLMHRPPEGGLIIELERAGPSIDLSGTLAPALERIRTAGSLRALCDDTVLLFQQCTGYDRVMVYRFDEQGHGLVFSECHVPGLESYFGNRYPSSTVPQMARQLYVRQRVRVLVDVTYQPVPLEPRLSPLTGRDLDMSGCFLRSMSPCHLQFLKDMGVRATLAVSLVVGGKLWGLVVCHHYLPRFIRFELRAICKRLAERIATRITALES,CCCCCCCCCCCCCCCCCCHHHCCCCCCCCCCCCCEEEEEEECCCCEEEEEECCHHHHCCCHHHCCCCHHHHCCHHHHHHHHCCCCCCCCCCCEEEEEECCCCCEEEEEEEECCCCEEEEEEEECCCCCCHHHHHHHHHHHHHHCCCHHHHHHHHHHHHHHHHCCCCEEEEEECCCCCEEEEEEEECCCCCCCCCCCCCCCCCCHHHHHHHHHCCCEEECCCCCCCCCCCCCCCCCCCCCCCCCCCCCCCCCHHHHHHHHHCCCCCEEEEEEEECCEEEEEEECCCCCCCCCCHHHHHHHHHHHHHHHHHHHHHHC
23,319,False,MSKLEKFTNCYSLSKTLRFKAIPVGKTQENIDNKRLLVEDEKRAEDYKGVKKLLDRYYLSFINDVLHSIKLKNLNNYISLFRKKTRTEKENKELENLEINLRKEIAKAFKGNEGYKSLFKKDIIETILPEFLDDKDEIALVNSFNGFTTAFTGFFDNRENMFSEEAKSTSIAFRCINENLTRYISNMDIFEKVDAIFDKHEVQEIKEKILNSDYDVEDFFEGEFFNFVLTQEGIDVYNAIIGGFVTESGEKIKGLNEYINLYNQKTKQKLPKFKPLYKQVLSDRESLSFYGEGYTSDEEVLEVFRNTLNKNSEIFSSIKKLEKLFKNFDEYSSAGIFVKNGPAISTISKDIFGEWNVIRDKWNAEYDDIHLKKKAVVTEKYEDDRRKSFKKIGSFSLEQLQEYADADLSVVEKLKEIIIQKVDEIYKVYGSSEKLFDADFVLEKSLKKNDAVVAIMKDLLDSVKSFENYIKAFFGEGKETNRDESFYGDFVLAYDILLKVDHIYDAIRNYVTQKPYSKDKFKLYFQNPQFMGGWDKDKETDYRATILRYGSKYYLAIMDKKYAKCLQKIDKDDVNGNYEKINYKLLPGPNKMLPKVFFSKKWMAYYNPSEDIQKIYKNGTFKKGDMFNLNDCHKLIDFFKDSISRYPKWSNAYDFNFSETEKYKDIAGFYREVEEQGYKVSFESASKKEVDKLVEEGKLYMFQIYNKDFSDKSHGTPNLHTMYFKLLFDENNHGQIRLSGGAELFMRRASLKKEELVVHPANSPIANKNPDNPKKTTTLSYDVYKDKRFSEDQYELHIPIAINKCPKNIFKINTEVRVLLKHDDNPYVIGIDRGERNLLYIVVVDGKGNIVEQYSLNEIINNFNGIRIKTDYHSLLDKKEKERFEARQNWTSIENIKELKAGYISQVVHKICELVEKYDAVIALEDLNSGFKNSRVKVEKQVYQKFEKMLIDKLNYMVDKKSNPCATGGALKGYQITNKFESFKSMSTQNGFIFYIPAWLTSKIDPSTGFVNLLKTKYTSIADSKKFISSFDRIMYVPEEDLFEFALDYKNFSRTDADYIKKWKLYSYGNRIRIFRNPKKNNVFDWEEVCLTSAYKELFNKYGINYQQGDIRALLCEQSDKAFYSSFMALMSLMLQMRNSITGRTDVDFLISPVKNSDGIFYDSRNYEAQENAILPKNADANGAYNIARKVLWAIGQFKKAEDEKLDKVKIAISNKEWLEYAQTSVKH,CCHHHHHCCCCCCCCEEEEEEEECCCHHHHHHHCCCCHHHHHHHHHHHHHHHHHHHHHHHHHHHHHHCCCCCCHHHHHHHHHHHCCCHHHHHHHHHHHHHHHHHHHHHHCCCCCCHHHCCHHHHHHHHHHCCCCHHHHHHHHHHCCCCHHHHHHHHHHHHCCCCCHHHHCHHHHHHHHHHHHHHHHHHHHHHHHHHCCHHHHHHHHHHHHCCCCCHHHHCCHHHHHHCCCHHCHHHHHHHHCCCCCCCCCCCCCHHHHHHHHHHHCCCCCCCCHHHHCCCCCCCCCCCCCCCCCCCHHHHHHHHHHHHHHHHHHHHHHHHHHHHHHHHHHCCCCCEEEECCHHHHHHHHHHHCCHHHHHHHHHHHHHHHHHCCHHHCCCCCHHHHHHHHCCCCCCCHHHHHHHHHHCHHHHHHHHHHHHHHHHHHHHHHHHHHHHHCCCHHHHHHHCCCHHHHHHHHHHHHHHHHHHHHHHHHHCCCCCCCCCCCCCCCHHHHHHHHHHHHHHHHHHHHHCCCCCCCCCCEECCCCCCCCCCCCCCCCCCCCEEEEEEECCEEEEEEEEHHHHHHHHHHCCCCCCCCEEEEEHHHCCCCCCCCCEEECCHHHHHHCCCCHHHHHHHHCCCCCCCCCCCHHHHHHHHHHHHHHHHHCCHHHHHCCCCCCCCHHCCCHHHHHHHHHHCCEEEEEEECCHHHHHHHHHCCCEEEEEEEECCCCCCCCCCCCCHHHHHHHHHCCCCCCCCCCCCCCEEEEECHHCCCCCCCCCCCCCCCCCCCCCCCCCCCCCCCCCCCCCCCCCCEEEEEEEEEECCCCCCCCCCCCHHHHHCCCCCCCCEEEEECCCCCEEEEEEECCCCCEECCCCHHHHHCCCCHHHHHHHHHHHHHHHHCCCHHHHHHHHHHHHHHHHHHHHHHHHHHHHHHHHHHHCCEEEEECCCCCCCCHHHHHHHHHHHHHHHHHHHHHHHHCCCCCCCCCCCCCCHHHHHHCCHHHHHHHHHCCCEEEEECHHHCCCCCCCCCCCCCCCCCCCCHHHHHHHHHCCCCEEEECCCCEEEEEECHHHCCCCCCCCCCCEEEEECCCEEEEEECCCCCCCCCCEEECHHHHHHHHHHHCCCCCCCCCHHHHHHHCCCHHHHHHHHHHHHHHHHHHCCCCCCCCCCEEECCEECCCCCCCCCCCHHHHCCCCCCCCCCCCHHHHHHHHHHHHHHHHHHCCCCCCCCCCEEECHHHHHHHHHHHHCC
24,507,True,IEKKKSFAKGMGVKSTLVSGSKVYMTTFAEGSDARLEKIVEGDSIRSVNEGEAFSAEMADKNAGYKIGNAKFSHPKGYAVVANNPLYTGPVQQDMLGLKETLEKRYFGESADGNDNICIQVIHNILDIEKILAEYITNAAYAVNNISGLDKDIIGFGKFSTVYTYDEFKDPEHHRAAFNNNDKLINAIKAQYDEFDNFLDNPRLGYFGQAFFSKEGRNYIINYGNECYDILALLSGLRHWVVHNNEEESRISRTWLYNLDKNLDNEYISTLNYLYDRITNELTNSFSKNSAANVNYIAETLGINPAEFAEQYFRFSIMKEQKNLGFNITKLREVMLDRKDMSEIRKNHKVFDSIRTKVYTMMDFVIYRYYIEEDAKVAAANKSLPDNEKSLSEKDIFVINLRGSFNDDQKDALYYDEANRIWRKLENIMHNIKEFRGNKTREYKKKDAPRLPRILPAGRDVSAFSKLMYALTMFLDGKEINDLLTTLINKFDNIQSFLKVMPLIGVNAKFVEEYAFFKDSAKIADELRLIKSFARMGEPIADARRAMYIDAIRILGTNLSYDELKALADTFSLDENGNKLKKGKHGMRNFIINNVISNKRFHYLIRYGDPAHLHEIAKNEAVVKFVLGRIADIQKKQGQNGKNQIDRYYETCIGKDKGKSVSEKVDALTKIITGMNYDQFDKKRSVIEDTGRENAEREKFKKIISLYLTVIYHILKNIVNINARYVIGFHCVERDAQLYKEKGYDINLKKLEEKGFSSVTKLCAGIDETAPDKRKDVEKEMAERAKESIDSLESANPKLYANYIKYSDEKKAEEFTRQINREKAKTALNAYLRNTKWNVIIREDLLRIDNKTCTLFRNKAVHLEVARYVHAYINDIAEVNSYFQLYHYIMQRIIMNERYEKSSGKVSEYFDAVNDEKKYNDRLLKLLCVPFGYCIPRFKNLSIEALFDRNEAAKFDKEKKKVSGNS,CCHHHHHHHHCCCEEEEEECCEEEEEEECCCCCCEEEEEECCCCCCCCCCCCHHHHHHHHHHCCCCCCCCCCCCCCCEEEECCCCCCCCCCCCCCCCCHHHHHHHHHCCCCCCCCCEEEEHHHHHHCHHHHHHHHHHHHHHHHHCCCCCCCCCCHHCCCEEEECCCCCCCHHHHHCCCCCCHHHHHHHHHHHHHHHHHHCCCCCCHHHHHEEECCCCCCEECCCCHHHHHHHHHHCCCEEEECCCCCCCCCCHHHHHHCCCCCCHHHHHHHHHHHHHHHHHHHHHHHHCCHHHHHHHHHHHCCCHHHHHHHHHHHHHHHHHCCCCCCHHHHHHHHHHCCCCCHHHHHHHCHHHHHHHHHHHHHHHHHHHHHHHHHHHHHHCCCCCCCCCCCCHHHHHHHHHHHCCCHHHCCHHHHHHHHHHHHHHHHHHHHHHHHCCHHHHHHHHHCCCCCCCCCCCCCCHHHHHHHHHHHHHHHCCHHHHHHHHHHHHHHHCHHHHHHHHHHHCCCEEEECCHHHCCCHHHHHHHHHHHHHHHHCCCCCHHHHHHHHHHHHHHHCCCCCHHHHHHHHHHCCCCCCCCCCCCCCCCCCCHHHHCEECCCCEEEEEECCCHHHHHHHHCCCHHHHHHHCCCCHHHHHCCCCCCCHHHHHHHHHCCCCCCCCHHHHHHHHHHHHHCCCHHHHCCCCCHHHCCCCHHHHHHHHHHHHHHHHHHHHHHHHHHHCCCCCEEEEEEEHHHCHHHHHHHCHHHHHHHHHHCCCCHHHHHHHHCCCCCCCCCHHHHHHHHHHHHHCHHCHHHCCHHHHHCCCCCCCHHHHHHHHHHHCHHHHHHHHHHHHHHCCCCEEHHHHHHHCCCHHHHHHHHHHHHHHHHHHHHHHHHHHHHHHHHHHHHHHHHHHHHHHHCHHHHCCCHHHHHHHHHHHCCHHHHHHHHHCCCCCCCCCCCCCCCHHHHCCCCCCCCCCHHHHCCCCCC
25,26,False,MVSVIKPEMKMRYYMDGSVNGHEFTIEGEGTGRPYEGHQEMTLRVTMAEGGPMPFAFDLVSHVFCYGHRVFTKYPEEIPDYFKQAFPEGLSWERSLEFEDGGSASVSAHISLRGNTFYHKSKFTGVNFPADGPIMQNQSVDWEPSTEKITASDGVLKGDVTMYLKLEGGGNHKCQMKTTYKAAKEILEMPGDHYIGHRLVRKTEGNITEQVEDAVAHS,CCCCCCCCCEEEEEEEEEECCEEEEEEEEEEECCCCEEEEEEEEEEECCCCCCCCCHHHHHHHHHHCCCCCCCCCCCCCCHHHHHCCCCCEEEEEEEECCCCEEEEEEEEEEECCEEEEEEEEEEECCCCCCCCCCCCCCCCCCCEEEEECCCCEEEEEEEEEEEECCCCEEEEEEEEEEECCCCHHHCCCCCCCEEEEEEECCCCEEEEEEEEEECC
26,156,True,MVSKGEELFTGVVPILVELDGDVNGHKFSVSGEGEGDATYGKLTLKFICTTGKLPVPWPTLVTTLTWGVQCFSRYPDHMKQHDFFKSAMPEGYVQERTIFFKDDGNYKTRAEVKFEGDTLVNRIELKGIDFKEDGNILGHKLEYNYISHNVYITADKQKNGIKANFKIRHNIEDGSVQLADHYQQNTPIGDGPVLLPDNHYLSTQSALSKDPNEKRDHMVLLEFVTAAGITLGMDELYK,CCCCHHHHCCCCCCEEEEEEEEECCEEEEEEEEEEECCCCEEEEEEEEEECCCCCCCHHHHHHHCCCCCCCCCCCCCCCCCCCHHHHHCCCCCEEEEEEEEECCCEEEEEEEEEEECCEEEEEEEEEEECCCCCCCCCCCCCCCCCCCCCEEEEECCCCCCEEEEEEEEEECCCCCEEEEEEECCCCCCCCCCCCCCCCEEEEEEEEECCCCCCCCCCEEEEEEHHHCCCCCCCCCCCC
27,188,True,MVSELIKENMPMKLYMEGTVNNHHFKCTSEGEGKPYEGTQTMRIKVVEGGPLPFAFDILATSFMYGSRTFIKHPPGIPDFFKQSFPEGFTWERVTTYEDGGVLTATQDTSLQDGCLIYNVKVRGVNFPANGPVMQKKTLGWEASTETMYPADGGLEGACDMALKLVGGGHLICNLETTYRSKKPATNLKMPGVYNVDHRLERIKEADDETYVEQHEVAVARYSTGGAGDGGK,CCCCCCCCCCCEEEEEEEEECCEEEEEEEEEEECCCCCEEEEEEEEECCCCCCCCHHHHHCHHCCCCCCCCCCCCCCCCHHHHHCCCCCEEEEEEEECCCCEEEEEEEEEEECCEEEEEEEEEEECCCCCCCCCCCCCCCCCCCEEEEECCCCEEEEEEEEEEEECCCCEEEEEEEEEEEECCCCCCCCCCCCCEEEEEEEEEECCCCCCEEEEEEEEEEECCCCCCCCCCC
28,208,True,EEDNNAIIKEFMRFKVHMEGSVNGHEFEIEGEGEGHPYEGTQTAKLKVTKGGPLPFAWDILSPQFMYGSKAYVKHPADIPDYLKLSFPEGFTWERVMNFEDGGVVTVTQDSSLQDGEFIYKVKLLGTNFPSDGPVMQKKTNGWEASTERMYPEDGALKGEINQRLKLKDGGHYDAEVKTTYKAKKPVQLPGAYNVDIKLDITSHNEDYTIVEQYERAEGRHSTGG,CCCCCCCCCCCCEEEEEEEEEECCEEEEEEEEEEECCCCEEEEEEEEEECCCCCCCCHHHHHCHHCCCCEECCCCCCCCCHHHHHHCCCCEEEEEEEEECCCCEEEEEEEEEEECCEEEEEEEEEEECCCCCCCCCCCCCCCCCCCEEEEECCCCEEEEEEEEEEEECCCCEEEEEEEEEEECCCCCCCCCCEEEEEEEEECCCCCCCEEEEEEEEEEEEECCCC
29,507,True,MSKGEELFTGVVPILVELDGDVNGHKFSVSGEGEGDATYGKLTLKFICTTGKLPVPWPTLVTTFSYGVQCFSRYPDHMKQHDFFKSAMPEGYVQERTIFFKDDGNYKTRAEVKFEGDTLVNRIELKGIDFKEDGNILGHKLEYNYNSHNVYIMADKQKNGIKVNFKIRHNIEDGSVQLADHYQQNTPIGDGPVLLPDNHYLSTQSALSKDPNEKRDHMVLLEFVTAAGITHGMDELYK,CCCCHHHCCCCCEEEEEEEEEECCEEEEEEEEEEECCCCEEEEEEEEEECCCCCCCHHHHHHHCCCCCEECCCCCCCCCCCCHHHHHCCCCCEEEEEEEEECCCEEEEEEEEEEECCEEEEEEEEEEECCCCCCCCCCCCCCCCCCCCCEEEEECCCCCCEEEEEEEEEECCCCCEEEEEEECCCCCCCCCCCCCCCCEEEEEEEEECCCCCCCCCCEEEEEEHHHCCCCCCCCCCCC
30,71,False,MSKGEELFTGVVPILVELDGDVNGHKFSVSGEGEGDATYGKLTLKFICTTGKLPVPWPTLVTTFSYGVQCFSRYPDHMKQHDFFKSAMPEGYVQERTIFFKDDGNYKTRAEVKFEGDTLVNRIELKGIDFKEDGNILGHKLEYNYNSHNVYIMADKQKNGIKVNFKIRHNIEDGSVQLADHYQQNTPIGDGPVLLPDNHYLSTQSALSKDPNEKRDHMVLLEFVTAAGITHGMDELYK,CCCCHHHCCCCCEEEEEEEEEECCEEEEEEEEEEECCCCEEEEEEEEEECCCCCCCHHHHHHHCCCCCEECCCCCCCCCCCCHHHHHCCCCCEEEEEEEEECCCEEEEEEEEEEECCEEEEEEEEEEECCCCCCCCCCCCCCCCCCCCCEEEEECCCCCCEEEEEEEEEECCCCCEEEEEEECCCCCCCCCCCCCCCCEEEEEEEEECCCCCCCCCCEEEEEEHHHCCCCCCCCCCCC
31,155,True,MVSKGEELFTGVVPILVELDGDVNGHKFSVSGEGEGDATYGKLTLKFICTTGKLPVPWPTLVTTLTWGVQCFARYPDHMKQHDFFKSAMPEGYVQERTIFFKDDGNYKTRAEVKFEGDTLVNRIELKGIDFKEDGNILGHKLEYNYISHNVYITADKQKNGIKANFKIRHNIEDGGVQLADHYQQNTPIGDGPVLLPDNHYLSTQSKLSKDPNEKRDHMVLLEFVTAAGITLGMDELYK,CCCCHHHHCCCCCCEEEEEEEEECCEEEEEEEEEEECCCCEEEEEEEEEECCCCCCCHHHHHHHHCCCCCCCCCCCCCCCCCCHHHHHCCCCEEEEEEEEEECCCEEEEEEEEEEECCEEEEEEEEEEECCCCCCCCCCCCCCCCCCCCCEEEEECCCCCEEEEEEEEEEEECCCCEEEEEEEEEEEECCCCCCCCCCCEEEEEEEEECCCCCCCCCCEEEEEHHHHCCCCCCCCCCCC
32,167,False,MVSKGEELFTGVVPILVELDGDVNGHKFSVSGEGEGDATYGKLTLKFICTTGKLPVPWPTLVTTFGYGLQCFARYPDHMKQHDFFKSAMPEGYVQERTIFFKDDGNYKTRAEVKFEGDTLVNRIELKGIDFKEDGNILGHKLEYNYNSHNVYIMADKQKNGIKVNFKIRHNIEDGSVQLADHYQQNTPIGDGPVLLPDNHYLSYQSALSKDPNEKRDHMVLLEFVTAAGITLGMDELYK,CCCCHHHHCCCCCCEEEEEEEEECCEEEEEEEEEEECCCCEEEEEEEEEECCCCCCCHHHHHCCCCCCCEEECCCCCCCCCCCHHHHHCCCCCEEEEEEEEECCCEEEEEEEEEEECCEEEEEEEEEEECCCCCCCCCCCEEEECCCCCCEEEECCCCCCCEEEEEEEEEECCCCCEEEEEEECCCCCCCCCCCCCCCCEEEEEEEEECCCCCCCCCCEEEEEEHHHCCCCCCCCCCCC
33,140,False,MVSKGEELFTGVVPILVELDGDVNGHKFSVSGEGEGDATYGKLTLKFICTTGKLPVPWPTLVTTFGYGLQCFARYPDHMKQHDFFKSAMPEGYVQERTIFFKDDGNYKTRAEVKFEGDTLVNRIELKGIDFKEDGNILGHKLEYNYNSHNVYIMADKQKNGIKVNFKIRHNIEDGSVQLADHYQQNTPIGDGPVLLPDNHYLSYQSALSKDPNEKRDHMVLLEFVTAAGITLGMDELYK,CCCCHHHHCCCCCCEEEEEEEEECCEEEEEEEEEEECCCCEEEEEEEEEECCCCCCCHHHHHCCCCCCCEEECCCCCCCCCCCHHHHHCCCCCEEEEEEEEECCCEEEEEEEEEEECCEEEEEEEEEEECCCCCCCCCCCEEEECCCCCCEEEECCCCCCCEEEEEEEEEECCCCCEEEEEEECCCCCCCCCCCCCCCCEEEEEEEEECCCCCCCCCCEEEEEEHHHCCCCCCCCCCCC
34,181,True,MSVIKPDMKIKLRMEGAVNGHPFAIEGVGLGKPFEGKQSMDLKVKEGGPLPFAYDILTTVFCYGNRVFAKYPENIVDYFKQSFPEGYSWERSMNYEDGGICNATNDITLDGDCYIYEIRFDGVNFPANGPVMQKRTVKWEPSTEKLYVRDGVLKGDVNMALSLEGGGHYRCDFKTTYKAKKVVQLPDYHFVDHHIEIKSHDKDYSNVNLHEHAEAHSELPRQAK,CCCCCCCCEEEEEEEEEECCEEEEEEEEEEECCCCCEEEEEEEEECCCCCCCCHHHHHCHHCCCCEECCCCCCCCCCHHHHHCCCCEEEEEEEEECCCCEEEEEEEEEEECCEEEEEEEEEEECCCCCCCCCCCCCCCCCCCEEEEEECCCEEEEEEEEEEEECCCCEEEEEEECEEECCCCCCCCCCEEEEEEEEEEEECCCCCEEEEEEEEEEECCCCCCCC
35,144,False,EEDNNAIIKEFMRFKVHMEGSVNGHEFEIEGEGEGHPYEGTQTAKLKVTKGGPLPFAWDILSPQFMYGSKAYVKHPADIPDYLKLSFPEGFTWERVMNFEDGGVVTVTQDSSLQDGEFIYKVKLLGTNFPSDGPVMQKKTNGWEASTERMYPEDGALKGEINQRLKLKDGGHYDAEVKTTYKAKKPVQLPGAYNVDIKLDITSHNEDYTIVEQYERAEGRHSTGG,CCCCCCCCCCCCEEEEEEEEEECCEEEEEEEEEEECCCCEEEEEEEEEECCCCCCCCHHHHHCHHCCCCEECCCCCCCCCHHHHHHCCCCEEEEEEEEECCCCEEEEEEEEEEECCEEEEEEEEEEECCCCCCCCCCCCCCCCCCCEEEEECCCCEEEEEEEEEEEECCCCEEEEEEEEEEECCCCCCCCCCEEEEEEEEECCCCCCCEEEEEEEEEEEEECCCC
36,213,True,MSKGEELFTGVVPILVELDGDVNGHKFSVSGEGEGDATYGKLTLKFICTTGKLPVPWPTLVTTFSYGVQCFSRYPDHMKQHDFFKSAMPEGYVQERTIFFKDDGNYKTRAEVKFEGDTLVNRIELKGIDFKEDGNILGHKLEYNYNSHNVYIMADKQKNGIKVNFKIRHNIEDGSVQLADHYQQNTPIGDGPVLLPDNHYLSTQSALSKDPNEKRDHMVLLEFVTAAGITHGMDELYK,CCCCHHHCCCCCEEEEEEEEEECCEEEEEEEEEEECCCCEEEEEEEEEECCCCCCCHHHHHHHCCCCCEECCCCCCCCCCCCHHHHHCCCCCEEEEEEEEECCCEEEEEEEEEEECCEEEEEEEEEEECCCCCCCCCCCCCCCCCCCCCEEEEECCCCCCEEEEEEEEEECCCCCEEEEEEECCCCCCCCCCCCCCCCEEEEEEEEECCCCCCCCCCEEEEEEHHHCCCCCCCCCCCC
37,110,False,MSKGEELFTGVVPILVELDGDVNGHKFSVSGEGEGDATYGKLTLKFICTTGKLPVPWPTLVTTFSYGVQCFSRYPDHMKQHDFFKSAMPEGYVQERTIFFKDDGNYKTRAEVKFEGDTLVNRIELKGIDFKEDGNILGHKLEYNYNSHNVYIMADKQKNGIKVNFKIRHNIEDGSVQLADHYQQNTPIGDGPVLLPDNHYLSTQSALSKDPNEKRDHMVLLEFVTAAGITHGMDELYK,CCCCHHHCCCCCEEEEEEEEEECCEEEEEEEEEEECCCCEEEEEEEEEECCCCCCCHHHHHHHCCCCCEECCCCCCCCCCCCHHHHHCCCCCEEEEEEEEECCCEEEEEEEEEEECCEEEEEEEEEEECCCCCCCCCCCCCCCCCCCCCEEEEECCCCCCEEEEEEEEEECCCCCEEEEEEECCCCCCCCCCCCCCCCEEEEEEEEECCCCCCCCCCEEEEEEHHHCCCCCCCCCCCC
38,170,False,MSKGEELFTGVVPILVELDGDVNGHKFSVSGEGEGDATYGKLTLKFICTTGKLPVPWPTLVTTFSHGVQCFSRYPDHMKRHDFFKSAMPEGYVQERTIFFKDDGNYKTRAEVKFEGDTLVNRIELKGIDFKEDGNILGHKLEYNFNSHNVYIMADKQKNGIKVNFKIRHNIEDGSVQLADHYQQNTPIGDGPVLLPDNHYLSTQSALSKDPNEKRDHMVLLEFVTAAGITHGMDELYK,CCCCHHHCCCCCEEEEEEEEEECCEEEEEEEEEEECCCCEEEEEEEEEECCCCCCCHHHHHCCCCCCCEECCCCCCCCCCCCHHHHHCCCCCEEEEEEEEECCCEEEEEEEEEEECCEEEEEEEEEEECCCCCCCCCCCCCCCCCCCCCEEEECCCCCCCEEEEEEEEEECCCCCEEEEEEECCCCCCCCCCCCCCCCEEEEEEEEECCCCCCCCCEEEEEEEEHHCCCCCCCCCCCC
39,138,True,EEDNNAIIKEFMRFKVHMEGSVNGHEFEIEGEGEGHPYEGTQTAKLKVTKGGPLPFAWDILSPQFMYGSKAYVKHPADIPDYLKLSFPEGFTWERVMNFEDGGVVTVTQDSSLQDGEFIYKVKLLGTNFPSDGPVMQKKTNGWEASTERMYPEDGALKGEINQRLKLKDGGHYDAEVKTTYKAKKPVQLPGAYNVDIKLDITSHNEDYTIVEQYERAEGRHSTGG,CCCCCCCCCCCCEEEEEEEEEECCEEEEEEEEEEECCCCEEEEEEEEEECCCCCCCCHHHHHCHHCCCCEECCCCCCCCCHHHHHHCCCCEEEEEEEEECCCCEEEEEEEEEEECCEEEEEEEEEEECCCCCCCCCCCCCCCCCCCEEEEECCCCEEEEEEEEEEEECCCCEEEEEEEEEEECCCCCCCCCCEEEEEEEEECCCCCCCEEEEEEEEEEEEECCCC
40,92,True,EEDNNAIIKEFMRFKVHMEGSVNGHEFEIEGEGEGHPYEGTQTAKLKVTKGGPLPFAWDILSPQFMYGSKAYVKHPADIPDYLKLSFPEGFTWERVMNFEDGGVVTVTQDSSLQDGEFIYKVKLLGTNFPSDGPVMQKKTNGWEASTERMYPEDGALKGEINQRLKLKDGGHYDAEVKTTYKAKKPVQLPGAYNVDIKLDITSHNEDYTIVEQYERAEGRHSTGG,CCCCCCCCCCCCEEEEEEEEEECCEEEEEEEEEEECCCCEEEEEEEEEECCCCCCCCHHHHHCHHCCCCEECCCCCCCCCHHHHHHCCCCEEEEEEEEECCCCEEEEEEEEEEECCEEEEEEEEEEECCCCCCCCCCCCCCCCCCCEEEEECCCCEEEEEEEEEEEECCCCEEEEEEEEEEECCCCCCCCCCEEEEEEEEECCCCCCCEEEEEEEEEEEEECCCC
41,172,True,MVSKGEELFTGVVPILVELDGDVNGHKFSVSGEGEGDATYGKLTLKFICTTGKLPVPWPTLVTTLTWGVQCFSRYPDHMKQHDFFKSAMPEGYVQERTIFFKDDGNYKTRAEVKFEGDTLVNRIELKGIDFKEDGNILGHKLEYNYISHNVYITADKQKNGIKANFKIRHNIEDGSVQLADHYQQNTPIGDGPVLLPDNHYLSTQSALSKDPNEKRDHMVLLEFVTAAGITLGMDELYK,CCCCHHHHCCCCCCEEEEEEEEECCEEEEEEEEEEECCCCEEEEEEEEEECCCCCCCHHHHHHHCCCCCCCCCCCCCCCCCCCHHHHHCCCCCEEEEEEEEECCCEEEEEEEEEEECCEEEEEEEEEEECCCCCCCCCCCCCCCCCCCCCEEEEECCCCCCEEEEEEEEEECCCCCEEEEEEECCCCCCCCCCCCCCCCEEEEEEEEECCCCCCCCCCEEEEEEHHHCCCCCCCCCCCC
42,71,False,MVSELIKENMPMKLYMEGTVNNHHFKCTSEGEGKPYEGTQTMRIKVVEGGPLPFAFDILATSFMYGSRTFIKHPPGIPDFFKQSFPEGFTWERVTTYEDGGVLTATQDTSLQDGCLIYNVKVRGVNFPANGPVMQKKTLGWEASTETMYPADGGLEGACDMALKLVGGGHLICNLETTYRSKKPATNLKMPGVYNVDHRLERIKEADDETYVEQHEVAVARYSTGGAGDGGK,CCCCCCCCCCCEEEEEEEEECCEEEEEEEEEEECCCCCEEEEEEEEECCCCCCCCHHHHHCHHCCCCCCCCCCCCCCCCHHHHHCCCCCEEEEEEEECCCCEEEEEEEEEEECCEEEEEEEEEEECCCCCCCCCCCCCCCCCCCEEEEECCCCEEEEEEEEEEEECCCCEEEEEEEEEEEECCCCCCCCCCCCCEEEEEEEEEECCCCCCEEEEEEEEEEECCCCCCCCCCC
43,91,True,EEDNNAIIKEFMRFKVHMEGSVNGHEFEIEGEGEGHPYEGTQTAKLKVTKGGPLPFAWDILSPQFMYGSKAYVKHPADIPDYLKLSFPEGFTWERVMNFEDGGVVTVTQDSSLQDGEFIYKVKLLGTNFPSDGPVMQKKTNGWEASTERMYPEDGALKGEINQRLKLKDGGHYDAEVKTTYKAKKPVQLPGAYNVDIKLDITSHNEDYTIVEQYERAEGRHSTGG,CCCCCCCCCCCCEEEEEEEEEECCEEEEEEEEEEECCCCEEEEEEEEEECCCCCCCCHHHHHCHHCCCCEECCCCCCCCCHHHHHHCCCCEEEEEEEEECCCCEEEEEEEEEEECCEEEEEEEEEEECCCCCCCCCCCCCCCCCCCEEEEECCCCEEEEEEEEEEEECCCCEEEEEEEEEEECCCCCCCCCCEEEEEEEEECCCCCCCEEEEEEEEEEEEECCCC
44,215,True,MSKGEELFTGVVPILVELDGDVNGHKFSVSGEGEGDATYGKLTLKFICTTGKLPVPWPTLVTTFSYGVQCFSRYPDHMKQHDFFKSAMPEGYVQERTIFFKDDGNYKTRAEVKFEGDTLVNRIELKGIDFKEDGNILGHKLEYNYNSHNVYIMADKQKNGIKVNFKIRHNIEDGSVQLADHYQQNTPIGDGPVLLPDNHYLSTQSALSKDPNEKRDHMVLLEFVTAAGITHGMDELYK,CCCCHHHCCCCCEEEEEEEEEECCEEEEEEEEEEECCCCEEEEEEEEEECCCCCCCHHHHHHHCCCCCEECCCCCCCCCCCCHHHHHCCCCCEEEEEEEEECCCEEEEEEEEEEECCEEEEEEEEEEECCCCCCCCCCCCCCCCCCCCCEEEEECCCCCCEEEEEEEEEECCCCCEEEEEEECCCCCCCCCCCCCCCCEEEEEEEEECCCCCCCCCCEEEEEEHHHCCCCCCCCCCCC
45,189,True,MVSELIKENMPMKLYMEGTVNNHHFKCTSEGEGKPYEGTQTMRIKVVEGGPLPFAFDILATSFMYGSRTFIKHPPGIPDFFKQSFPEGFTWERVTTYEDGGVLTATQDTSLQDGCLIYNVKVRGVNFPANGPVMQKKTLGWEASTETMYPADGGLEGACDMALKLVGGGHLICNLETTYRSKKPATNLKMPGVYNVDHRLERIKEADDETYVEQHEVAVARYSTGGAGDGGK,CCCCCCCCCCCEEEEEEEEECCEEEEEEEEEEECCCCCEEEEEEEEECCCCCCCCHHHHHCHHCCCCCCCCCCCCCCCCHHHHHCCCCCEEEEEEEECCCCEEEEEEEEEEECCEEEEEEEEEEECCCCCCCCCCCCCCCCCCCEEEEECCCCEEEEEEEEEEEECCCCEEEEEEEEEEEECCCCCCCCCCCCCEEEEEEEEEECCCCCCEEEEEEEEEEECCCCCCCCCCC
46,69,False,MHHHHHHGSLLPATHELHIFGSINSLEFDLVGRGTGNPKEGYEELHLKSTKSALQFSPWILVPQIGYGFYQYLPFPDGAMSPFQAAMNDGSGYQVHRTMQFEDGATLTGIYRYTYEGTHIKGEFQVIGTGFPADGPVMTNSLTAADWCVTKIVYPNENTIIDKFDWTYTTTSGKRYQSNVRSNFTFAKPIAANILQKQPMFVFRKTELKHSKTELNFKEWQTAFSDVM,CCCCCCCCCCCCCCEEEEEEEEECCEEEEEEEEEEECCCCCEEEEEEEECCCCCCCCHHHHHHHHCCCCCCCCCCCCCCCCHHHHHHCCCCCEEEEEEEEECCCCEEEEEEEEEEECCEEEEEEEEEEECCCCCCCCCCCCCCCCCCCEEEEEECCCCEEEEEEEEEEEECCCCEEEEEEEEEEEECCCCCCHHCCCCCCCEEEEEEEEEEECCCCCEEEEEHHCCCC
47,433,False,MSKLEKFTNCYSLSKTLRFKAIPVGKTQENIDNKRLLVEDEKRAEDYKGVKKLLDRYYLSFINDVLHSIKLKNLNNYISLFRKKTRTEKENKELENLEINLRKEIAKAFKGNEGYKSLFKKDIIETILPEFLDDKDEIALVNSFNGFTTAFTGFFDNRENMFSEEAKSTSIAFRCINENLTRYISNMDIFEKVDAIFDKHEVQEIKEKILNSDYDVEDFFEGEFFNFVLTQEGIDVYNAIIGGFVTESGEKIKGLNEYINLYNQKTKQKLPKFKPLYKQVLSDRESLSFYGEGYTSDEEVLEVFRNTLNKNSEIFSSIKKLEKLFKNFDEYSSAGIFVKNGPAISTISKDIFGEWNVIRDKWNAEYDDIHLKKKAVVTEKYEDDRRKSFKKIGSFSLEQLQEYADADLSVVEKLKEIIIQKVDEIYKVYGSSEKLFDADFVLEKSLKKNDAVVAIMKDLLDSVKSFENYIKAFFGEGKETNRDESFYGDFVLAYDILLKVDHIYDAIRNYVTQKPYSKDKFKLYFQNPQFMGGWDKDKETDYRATILRYGSKYYLAIMDKKYAKCLQKIDKDDVNGNYEKINYKLLPGPNKMLPKVFFSKKWMAYYNPSEDIQKIYKNGTFKKGDMFNLNDCHKLIDFFKDSISRYPKWSNAYDFNFSETEKYKDIAGFYREVEEQGYKVSFESASKKEVDKLVEEGKLYMFQIYNKDFSDKSHGTPNLHTMYFKLLFDENNHGQIRLSGGAELFMRRASLKKEELVVHPANSPIANKNPDNPKKTTTLSYDVYKDKRFSEDQYELHIPIAINKCPKNIFKINTEVRVLLKHDDNPYVIGIDRGERNLLYIVVVDGKGNIVEQYSLNEIINNFNGIRIKTDYHSLLDKKEKERFEARQNWTSIENIKELKAGYISQVVHKICELVEKYDAVIALEDLNSGFKNSRVKVEKQVYQKFEKMLIDKLNYMVDKKSNPCATGGALKGYQITNKFESFKSMSTQNGFIFYIPAWLTSKIDPSTGFVNLLKTKYTSIADSKKFISSFDRIMYVPEEDLFEFALDYKNFSRTDADYIKKWKLYSYGNRIRIFRNPKKNNVFDWEEVCLTSAYKELFNKYGINYQQGDIRALLCEQSDKAFYSSFMALMSLMLQMRNSITGRTDVDFLISPVKNSDGIFYDSRNYEAQENAILPKNADANGAYNIARKVLWAIGQFKKAEDEKLDKVKIAISNKEWLEYAQTSVKH,CCHHHHHCCCCCCCCEEEEEEEECCCHHHHHHHCCCCHHHHHHHHHHHHHHHHHHHHHHHHHHHHHHCCCCCCHHHHHHHHHHHCCCHHHHHHHHHHHHHHHHHHHHHHCCCCCCHHHCCHHHHHHHHHHCCCCHHHHHHHHHHCCCCHHHHHHHHHHHHCCCCCHHHHCHHHHHHHHHHHHHHHHHHHHHHHHHHCCHHHHHHHHHHHHCCCCCHHHHCCHHHHHHCCCHHCHHHHHHHHCCCCCCCCCCCCCHHHHHHHHHHHCCCCCCCCHHHHCCCCCCCCCCCCCCCCCCCHHHHHHHHHHHHHHHHHHHHHHHHHHHHHHHHHHCCCCCEEEECCHHHHHHHHHHHCCHHHHHHHHHHHHHHHHHCCHHHCCCCCHHHHHHHHCCCCCCCHHHHHHHHHHCHHHHHHHHHHHHHHHHHHHHHHHHHHHHHCCCHHHHHHHCCCHHHHHHHHHHHHHHHHHHHHHHHHHCCCCCCCCCCCCCCCHHHHHHHHHHHHHHHHHHHHHCCCCCCCCCCEECCCCCCCCCCCCCCCCCCCCEEEEEEECCEEEEEEEEHHHHHHHHHHCCCCCCCCEEEEEHHHCCCCCCCCCEEECCHHHHHHCCCCHHHHHHHHCCCCCCCCCCCHHHHHHHHHHHHHHHHHCCHHHHHCCCCCCCCHHCCCHHHHHHHHHHCCEEEEEEECCHHHHHHHHHCCCEEEEEEEECCCCCCCCCCCCCHHHHHHHHHCCCCCCCCCCCCCCEEEEECHHCCCCCCCCCCCCCCCCCCCCCCCCCCCCCCCCCCCCCCCCCCEEEEEEEEEECCCCCCCCCCCCHHHHHCCCCCCCCEEEEECCCCCEEEEEEECCCCCEECCCCHHHHHCCCCHHHHHHHHHHHHHHHHCCCHHHHHHHHHHHHHHHHHHHHHHHHHHHHHHHHHHHCCEEEEECCCCCCCCHHHHHHHHHHHHHHHHHHHHHHHHCCCCCCCCCCCCCCHHHHHHCCHHHHHHHHHCCCEEEEECHHHCCCCCCCCCCCCCCCCCCCCHHHHHHHHHCCCCEEEECCCCEEEEEECHHHCCCCCCCCCCCEEEEECCCEEEEEECCCCCCCCCCEEECHHHHHHHHHHHCCCCCCCCCHHHHHHHCCCHHHHHHHHHHHHHHHHHHCCCCCCCCCCEEECCEECCCCCCCCCCCHHHHCCCCCCCCCCCCHHHHHHHHHHHHHHHHHHCCCCCCCCCCEEECHHHHHHHHHHHHCC
48,164,True,MSVIKPDMKIKLRMEGAVNGHPFAIEGVGLGKPFEGKQSMDLKVKEGGPLPFAYDILTTVFCYGNRVFAKYPENIVDYFKQSFPEGYSWERSMNYEDGGICNATNDITLDGDCYIYEIRFDGVNFPANGPVMQKRTVKWEPSTEKLYVRDGVLKGDVNMALSLEGGGHYRCDFKTTYKAKKVVQLPDYHFVDHHIEIKSHDKDYSNVNLHEHAEAHSELPRQAK,CCCCCCCCEEEEEEEEEECCEEEEEEEEEEECCCCCEEEEEEEEECCCCCCCCHHHHHCHHCCCCEECCCCCCCCCCHHHHHCCCCEEEEEEEEECCCCEEEEEEEEEEECCEEEEEEEEEEECCCCCCCCCCCCCCCCCCCEEEEEECCCEEEEEEEEEEEECCCCEEEEEEECEEECCCCCCCCCCEEEEEEEEEEEECCCCCEEEEEEEEEEECCCCCCCC
49,155,True,MVSKGEELFTGVVPILVELDGDVNGHKFSVSGEGEGDATYGKLTLKFICTTGKLPVPWPTLVTTFGYGLQCFARYPDHMKQHDFFKSAMPEGYVQERTIFFKDDGNYKTRAEVKFEGDTLVNRIELKGIDFKEDGNILGHKLEYNYNSHNVYIMADKQKNGIKVNFKIRHNIEDGSVQLADHYQQNTPIGDGPVLLPDNHYLSYQSALSKDPNEKRDHMVLLEFVTAAGITLGMDELYK,CCCCHHHHCCCCCCEEEEEEEEECCEEEEEEEEEEECCCCEEEEEEEEEECCCCCCCHHHHHCCCCCCCEEECCCCCCCCCCCHHHHHCCCCCEEEEEEEEECCCEEEEEEEEEEECCEEEEEEEEEEECCCCCCCCCCCEEEECCCCCCEEEECCCCCCCEEEEEEEEEECCCCCEEEEEEECCCCCCCCCCCCCCCCEEEEEEEEECCCCCCCCCCEEEEEEHHHCCCCCCCCCCCC
50,83,False,MVSKGEELFTGVVPILVELDGDVNGHKFSVSGEGEGDATYGKLTLKFICTTGKLPVPWPTLVTTFGYGLQCFARYPDHMKQHDFFKSAMPEGYVQERTIFFKDDGNYKTRAEVKFEGDTLVNRIELKGIDFKEDGNILGHKLEYNYNSHNVYIMADKQKNGIKVNFKIRHNIEDGSVQLADHYQQNTPIGDGPVLLPDNHYLSYQSALSKDPNEKRDHMVLLEFVTAAGITLGMDELYK,CCCCHHHHCCCCCCEEEEEEEEECCEEEEEEEEEEECCCCEEEEEEEEEECCCCCCCHHHHHCCCCCCCEEECCCCCCCCCCCHHHHHCCCCCEEEEEEEEECCCEEEEEEEEEEECCEEEEEEEEEEECCCCCCCCCCCEEEECCCCCCEEEECCCCCCCEEEEEEEEEECCCCCEEEEEEECCCCCCCCCCCCCCCCEEEEEEEEECCCCCCCCCCEEEEEEHHHCCCCCCCCCCCC
51,168,True,MVSVIKPEMKMRYYMDGSVNGHEFTIEGEGTGRPYEGHQEMTLRVTMAEGGPMPFAFDLVSHVFAYGHRVFTKYPEEIPDYFKQAFPEGLSWERSLEFEDGGSASVSAHISLRGNTFYHKSKFTGVNFPADGPIMQNQSVDWEPSTEKITASDGVLKGDVTMYLKLEGGGNHKCQFKTTYKAAKEILEMPGDHYIGHRLVRKTEGNITELVEDAVAHS,CCCCCCCCCEEEEEEEEEECCEEEEEEEEEEECCCCEEEEEEEEEEECCCCCCCCCHHHHHHHHHHCCCCCCCCCCCCCCHHHHHCCCCCEEEEEEEECCCCEEEEEEEEEEECCEEEEEEEEEEECCCCCCCCCCCCCCCCCCCEEEEECCCCEEEEEEEEEEEECCCCEEEEEEEEEEECCCCHHHCCCCCCCEEEEEEECCCCEEEEEEEEEECC
52,10,False,MVSVIKPEMKMRYYMDGSVNGHEFTIEGEGTGRPYEGHQEMTLRVTMAEGGPMPFAFDLVSHVFAYGHRVFTKYPEEIPDYFKQAFPEGLSWERSLEFEDGGSASVSAHISLRGNTFYHKSKFTGVNFPADGPIMQNQSVDWEPSTEKITASDGVLKGDVTMYLKLEGGGNHKCQFKTTYKAAKEILEMPGDHYIGHRLVRKTEGNITELVEDAVAHS,CCCCCCCCCEEEEEEEEEECCEEEEEEEEEEECCCCEEEEEEEEEEECCCCCCCCCHHHHHHHHHHCCCCCCCCCCCCCCHHHHHCCCCCEEEEEEEECCCCEEEEEEEEEEECCEEEEEEEEEEECCCCCCCCCCCCCCCCCCCEEEEECCCCEEEEEEEEEEEECCCCEEEEEEEEEEECCCCHHHCCCCCCCEEEEEEECCCCEEEEEEEEEECC
53,550,True,MSKLEKFTNCYSLSKTLRFKAIPVGKTQENIDNKRLLVEDEKRAEDYKGVKKLLDRYYLSFINDVLHSIKLKNLNNYISLFRKKTRTEKENKELENLEINLRKEIAKAFKGNEGYKSLFKKDIIETILPEFLDDKDEIALVNSFNGFTTAFTGFFDNRENMFSEEAKSTSIAFRCINENLTRYISNMDIFEKVDAIFDKHEVQEIKEKILNSDYDVEDFFEGEFFNFVLTQEGIDVYNAIIGGFVTESGEKIKGLNEYINLYNQKTKQKLPKFKPLYKQVLSDRESLSFYGEGYTSDEEVLEVFRNTLNKNSEIFSSIKKLEKLFKNFDEYSSAGIFVKNGPAISTISKDIFGEWNVIRDKWNAEYDDIHLKKKAVVTEKYEDDRRKSFKKIGSFSLEQLQEYADADLSVVEKLKEIIIQKVDEIYKVYGSSEKLFDADFVLEKSLKKNDAVVAIMKDLLDSVKSFENYIKAFFGEGKETNRDESFYGDFVLAYDILLKVDHIYDAIRNYVTQKPYSKDKFKLYFQNPQFMGGWDKDKETDYRATILRYGSKYYLAIMDKKYAKCLQKIDKDDVNGNYEKINYKLLPGPNKMLPKVFFSKKWMAYYNPSEDIQKIYKNGTFKKGDMFNLNDCHKLIDFFKDSISRYPKWSNAYDFNFSETEKYKDIAGFYREVEEQGYKVSFESASKKEVDKLVEEGKLYMFQIYNKDFSDKSHGTPNLHTMYFKLLFDENNHGQIRLSGGAELFMRRASLKKEELVVHPANSPIANKNPDNPKKTTTLSYDVYKDKRFSEDQYELHIPIAINKCPKNIFKINTEVRVLLKHDDNPYVIGIDRGERNLLYIVVVDGKGNIVEQYSLNEIINNFNGIRIKTDYHSLLDKKEKERFEARQNWTSIENIKELKAGYISQVVHKICELVEKYDAVIALEDLNSGFKNSRVKVEKQVYQKFEKMLIDKLNYMVDKKSNPCATGGALKGYQITNKFESFKSMSTQNGFIFYIPAWLTSKIDPSTGFVNLLKTKYTSIADSKKFISSFDRIMYVPEEDLFEFALDYKNFSRTDADYIKKWKLYSYGNRIRIFRNPKKNNVFDWEEVCLTSAYKELFNKYGINYQQGDIRALLCEQSDKAFYSSFMALMSLMLQMRNSITGRTDVDFLISPVKNSDGIFYDSRNYEAQENAILPKNADANGAYNIARKVLWAIGQFKKAEDEKLDKVKIAISNKEWLEYAQTSVKH,CCHHHHHCCCCCCCCEEEEEEEECCCHHHHHHHCCCCHHHHHHHHHHHHHHHHHHHHHHHHHHHHHHCCCCCCHHHHHHHHHHHCCCHHHHHHHHHHHHHHHHHHHHHHCCCCCCHHHCCHHHHHHHHHHCCCCHHHHHHHHHHCCCCHHHHHHHHHHHHCCCCCHHHHCHHHHHHHHHHHHHHHHHHHHHHHHHHCCHHHHHHHHHHHHCCCCCHHHHCCHHHHHHCCCHHCHHHHHHHHCCCCCCCCCCCCCHHHHHHHHHHHCCCCCCCCHHHHCCCCCCCCCCCCCCCCCCCHHHHHHHHHHHHHHHHHHHHHHHHHHHHHHHHHHCCCCCEEEECCHHHHHHHHHHHCCHHHHHHHHHHHHHHHHHCCHHHCCCCCHHHHHHHHCCCCCCCHHHHHHHHHHCHHHHHHHHHHHHHHHHHHHHHHHHHHHHHCCCHHHHHHHCCCHHHHHHHHHHHHHHHHHHHHHHHHHCCCCCCCCCCCCCCCHHHHHHHHHHHHHHHHHHHHHCCCCCCCCCCEECCCCCCCCCCCCCCCCCCCCEEEEEEECCEEEEEEEEHHHHHHHHHHCCCCCCCCEEEEEHHHCCCCCCCCCEEECCHHHHHHCCCCHHHHHHHHCCCCCCCCCCCHHHHHHHHHHHHHHHHHCCHHHHHCCCCCCCCHHCCCHHHHHHHHHHCCEEEEEEECCHHHHHHHHHCCCEEEEEEEECCCCCCCCCCCCCHHHHHHHHHCCCCCCCCCCCCCCEEEEECHHCCCCCCCCCCCCCCCCCCCCCCCCCCCCCCCCCCCCCCCCCCEEEEEEEEEECCCCCCCCCCCCHHHHHCCCCCCCCEEEEECCCCCEEEEEEECCCCCEECCCCHHHHHCCCCHHHHHHHHHHHHHHHHCCCHHHHHHHHHHHHHHHHHHHHHHHHHHHHHHHHHHHCCEEEEECCCCCCCCHHHHHHHHHHHHHHHHHHHHHHHHCCCCCCCCCCCCCCHHHHHHCCHHHHHHHHHCCCEEEEECHHHCCCCCCCCCCCCCCCCCCCCHHHHHHHHHCCCCEEEECCCCEEEEEECHHHCCCCCCCCCCCEEEEECCCEEEEEECCCCCCCCCCEEECHHHHHHHHHHHCCCCCCCCCHHHHHHHCCCHHHHHHHHHHHHHHHHHHCCCCCCCCCCEEECCEECCCCCCCCCCCHHHHCCCCCCCCCCCCHHHHHHHHHHHHHHHHHHCCCCCCCCCCEEECHHHHHHHHHHHHCC
54,172,True,MVSKGEELFTGVVPILVELDGDVNGHKFSVSGEGEGDATYGKLTLKFICTTGKLPVPWPTLVTTLTWGVQCFARYPDHMKQHDFFKSAMPEGYVQERTIFFKDDGNYKTRAEVKFEGDTLVNRIELKGIDFKEDGNILGHKLEYNYISHNVYITADKQKNGIKANFKIRHNIEDGGVQLADHYQQNTPIGDGPVLLPDNHYLSTQSKLSKDPNEKRDHMVLLEFVTAAGITLGMDELYK,CCCCHHHHCCCCCCEEEEEEEEECCEEEEEEEEEEECCCCEEEEEEEEEECCCCCCCHHHHHHHHCCCCCCCCCCCCCCCCCCHHHHHCCCCEEEEEEEEEECCCEEEEEEEEEEECCEEEEEEEEEEECCCCCCCCCCCCCCCCCCCCCEEEEECCCCCEEEEEEEEEEEECCCCEEEEEEEEEEEECCCCCCCCCCCEEEEEEEEECCCCCCCCCCEEEEEHHHHCCCCCCCCCCCC
55,213,True,MHHHHHHGSLLPATHELHIFGSINSLEFDLVGRGTGNPKEGYEELHLKSTKSALQFSPWILVPQIGYGFYQYLPFPDGAMSPFQAAMNDGSGYQVHRTMQFEDGATLTGIYRYTYEGTHIKGEFQVIGTGFPADGPVMTNSLTAADWCVTKIVYPNENTIIDKFDWTYTTTSGKRYQSNVRSNFTFAKPIAANILQKQPMFVFRKTELKHSKTELNFKEWQTAFSDVM,CCCCCCCCCCCCCCEEEEEEEEECCEEEEEEEEEEECCCCCEEEEEEEECCCCCCCCHHHHHHHHCCCCCCCCCCCCCCCCHHHHHHCCCCCEEEEEEEEECCCCEEEEEEEEEEECCEEEEEEEEEEECCCCCCCCCCCCCCCCCCCEEEEEECCCCEEEEEEEEEEEECCCCEEEEEEEEEEEECCCCCCHHCCCCCCCEEEEEEEEEEECCCCCEEEEEHHCCCC
56,194,True,MSKGEELFTGVVPILVELDGDVNGHKFSVSGEGEGDATYGKLTLKFICTTGKLPVPWPTLVTTFSYGVQCFSRYPDHMKQHDFFKSAMPEGYVQERTIFFKDDGNYKTRAEVKFEGDTLVNRIELKGIDFKEDGNILGHKLEYNYNSHNVYIMADKQKNGIKVNFKIRHNIEDGSVQLADHYQQNTPIGDGPVLLPDNHYLSTQSALSKDPNEKRDHMVLLEFVTAAGITHGMDELYK,CCCCHHHCCCCCEEEEEEEEEECCEEEEEEEEEEECCCCEEEEEEEEEECCCCCCCHHHHHHHCCCCCEECCCCCCCCCCCCHHHHHCCCCCEEEEEEEEECCCEEEEEEEEEEECCEEEEEEEEEEECCCCCCCCCCCCCCCCCCCCCEEEEECCCCCCEEEEEEEEEECCCCCEEEEEEECCCCCCCCCCCCCCCCEEEEEEEEECCCCCCCCCCEEEEEEHHHCCCCCCCCCCCC
57,156,True,MSKGEELFTGVVPILVELDGDVNGHKFSVSGEGEGDATYGKLTLKFICTTGKLPVPWPTLVTTFSHGVQCFSRYPDHMKRHDFFKSAMPEGYVQERTIFFKDDGNYKTRAEVKFEGDTLVNRIELKGIDFKEDGNILGHKLEYNFNSHNVYIMADKQKNGIKVNFKIRHNIEDGSVQLADHYQQNTPIGDGPVLLPDNHYLSTQSALSKDPNEKRDHMVLLEFVTAAGITHGMDELYK,CCCCHHHCCCCCEEEEEEEEEECCEEEEEEEEEEECCCCEEEEEEEEEECCCCCCCHHHHHCCCCCCCEECCCCCCCCCCCCHHHHHCCCCCEEEEEEEEECCCEEEEEEEEEEECCEEEEEEEEEEECCCCCCCCCCCCCCCCCCCCCEEEECCCCCCCEEEEEEEEEECCCCCEEEEEEECCCCCCCCCCCCCCCCEEEEEEEEECCCCCCCCCEEEEEEEEHHCCCCCCCCCCCC
58,137,True,EEDNNAIIKEFMRFKVHMEGSVNGHEFEIEGEGEGHPYEGTQTAKLKVTKGGPLPFAWDILSPQFMYGSKAYVKHPADIPDYLKLSFPEGFTWERVMNFEDGGVVTVTQDSSLQDGEFIYKVKLLGTNFPSDGPVMQKKTNGWEASTERMYPEDGALKGEINQRLKLKDGGHYDAEVKTTYKAKKPVQLPGAYNVDIKLDITSHNEDYTIVEQYERAEGRHSTGG,CCCCCCCCCCCCEEEEEEEEEECCEEEEEEEEEEECCCCEEEEEEEEEECCCCCCCCHHHHHCHHCCCCEECCCCCCCCCHHHHHHCCCCEEEEEEEEECCCCEEEEEEEEEEECCEEEEEEEEEEECCCCCCCCCCCCCCCCCCCEEEEECCCCEEEEEEEEEEEECCCCEEEEEEEEEEECCCCCCCCCCEEEEEEEEECCCCCCCEEEEEEEEEEEEECCCC
59,485,True,MSKGEELFTGVVPILVELDGDVNGHKFSVSGEGEGDATYGKLTLKFICTTGKLPVPWPTLVTTFSYGVQCFSRYPDHMKQHDFFKSAMPEGYVQERTIFFKDDGNYKTRAEVKFEGDTLVNRIELKGIDFKEDGNILGHKLEYNYNSHNVYIMADKQKNGIKVNFKIRHNIEDGSVQLADHYQQNTPIGDGPVLLPDNHYLSTQSALSKDPNEKRDHMVLLEFVTAAGITHGMDELYK,CCCCHHHCCCCCEEEEEEEEEECCEEEEEEEEEEECCCCEEEEEEEEEECCCCCCCHHHHHHHCCCCCEECCCCCCCCCCCCHHHHHCCCCCEEEEEEEEECCCEEEEEEEEEEECCEEEEEEEEEEECCCCCCCCCCCCCCCCCCCCCEEEEECCCCCCEEEEEEEEEECCCCCEEEEEEECCCCCCCCCCCCCCCCEEEEEEEEECCCCCCCCCCEEEEEEHHHCCCCCCCCCCCC
60,168,False,MVSKGEEDNMASLPATHELHIFGSINGVDFDMVGQGTGNPNDGYEELNLKSTKGDLQFSPWILVPHIGYGFHQYLPYPDGMSPFQAAMVDGSGYQVHRTMQFEDGASLTVNYRYTYEGSHIKGEAQVKGTGFPADGPVMTNSLTAADWCRSKKTYPNDKTIISTFKWSYTTGNGKRYRSTARTTYTFAKPMAANYLKNQPMYVFRKTELKHSKTELNFKEWQKAFTDVMGMDELYK,CCCCCCHHCCCCCCEEEEEEEEEEECCEEEEEEEEEEECCCCCEEEEEEEECCCCCCCCHHHHHCHHCCCCCCCCCCCCCCCHHHHHHCCCCCCEEEEEEEECCCCEEEEEEEEEEECCEEEEEEEEEEECCCCCCCCCCCCCCCCCCCCCEEEECCCCEEEEEEEEEEEECCCCEEEEEEEEEEEECCCCCCHHHCCCCCCEEEEEEEEEECCCCCCEEEEEHHCCCCCCCCCCC
61,214,True,MSKGEELFTGVVPILVELDGDVNGHKFSVSGEGEGDATYGKLTLKFICTTGKLPVPWPTLVTTFSYGVQCFSRYPDHMKQHDFFKSAMPEGYVQERTIFFKDDGNYKTRAEVKFEGDTLVNRIELKGIDFKEDGNILGHKLEYNYNSHNVYIMADKQKNGIKVNFKIRHNIEDGSVQLADHYQQNTPIGDGPVLLPDNHYLSTQSALSKDPNEKRDHMVLLEFVTAAGITHGMDELYK,CCCCHHHCCCCCEEEEEEEEEECCEEEEEEEEEEECCCCEEEEEEEEEECCCCCCCHHHHHHHCCCCCEECCCCCCCCCCCCHHHHHCCCCCEEEEEEEEECCCEEEEEEEEEEECCEEEEEEEEEEECCCCCCCCCCCCCCCCCCCCCEEEEECCCCCCEEEEEEEEEECCCCCEEEEEEECCCCCCCCCCCCCCCCEEEEEEEEECCCCCCCCCCEEEEEEHHHCCCCCCCCCCCC
62,382,False,MSKLEKFTNCYSLSKTLRFKAIPVGKTQENIDNKRLLVEDEKRAEDYKGVKKLLDRYYLSFINDVLHSIKLKNLNNYISLFRKKTRTEKENKELENLEINLRKEIAKAFKGNEGYKSLFKKDIIETILPEFLDDKDEIALVNSFNGFTTAFTGFFDNRENMFSEEAKSTSIAFRCINENLTRYISNMDIFEKVDAIFDKHEVQEIKEKILNSDYDVEDFFEGEFFNFVLTQEGIDVYNAIIGGFVTESGEKIKGLNEYINLYNQKTKQKLPKFKPLYKQVLSDRESLSFYGEGYTSDEEVLEVFRNTLNKNSEIFSSIKKLEKLFKNFDEYSSAGIFVKNGPAISTISKDIFGEWNVIRDKWNAEYDDIHLKKKAVVTEKYEDDRRKSFKKIGSFSLEQLQEYADADLSVVEKLKEIIIQKVDEIYKVYGSSEKLFDADFVLEKSLKKNDAVVAIMKDLLDSVKSFENYIKAFFGEGKETNRDESFYGDFVLAYDILLKVDHIYDAIRNYVTQKPYSKDKFKLYFQNPQFMGGWDKDKETDYRATILRYGSKYYLAIMDKKYAKCLQKIDKDDVNGNYEKINYKLLPGPNKMLPKVFFSKKWMAYYNPSEDIQKIYKNGTFKKGDMFNLNDCHKLIDFFKDSISRYPKWSNAYDFNFSETEKYKDIAGFYREVEEQGYKVSFESASKKEVDKLVEEGKLYMFQIYNKDFSDKSHGTPNLHTMYFKLLFDENNHGQIRLSGGAELFMRRASLKKEELVVHPANSPIANKNPDNPKKTTTLSYDVYKDKRFSEDQYELHIPIAINKCPKNIFKINTEVRVLLKHDDNPYVIGIDRGERNLLYIVVVDGKGNIVEQYSLNEIINNFNGIRIKTDYHSLLDKKEKERFEARQNWTSIENIKELKAGYISQVVHKICELVEKYDAVIALEDLNSGFKNSRVKVEKQVYQKFEKMLIDKLNYMVDKKSNPCATGGALKGYQITNKFESFKSMSTQNGFIFYIPAWLTSKIDPSTGFVNLLKTKYTSIADSKKFISSFDRIMYVPEEDLFEFALDYKNFSRTDADYIKKWKLYSYGNRIRIFRNPKKNNVFDWEEVCLTSAYKELFNKYGINYQQGDIRALLCEQSDKAFYSSFMALMSLMLQMRNSITGRTDVDFLISPVKNSDGIFYDSRNYEAQENAILPKNADANGAYNIARKVLWAIGQFKKAEDEKLDKVKIAISNKEWLEYAQTSVKH,CCHHHHHCCCCCCCCEEEEEEEECCCHHHHHHHCCCCHHHHHHHHHHHHHHHHHHHHHHHHHHHHHHCCCCCCHHHHHHHHHHHCCCHHHHHHHHHHHHHHHHHHHHHHCCCCCCHHHCCHHHHHHHHHHCCCCHHHHHHHHHHCCCCHHHHHHHHHHHHCCCCCHHHHCHHHHHHHHHHHHHHHHHHHHHHHHHHCCHHHHHHHHHHHHCCCCCHHHHCCHHHHHHCCCHHCHHHHHHHHCCCCCCCCCCCCCHHHHHHHHHHHCCCCCCCCHHHHCCCCCCCCCCCCCCCCCCCHHHHHHHHHHHHHHHHHHHHHHHHHHHHHHHHHHCCCCCEEEECCHHHHHHHHHHHCCHHHHHHHHHHHHHHHHHCCHHHCCCCCHHHHHHHHCCCCCCCHHHHHHHHHHCHHHHHHHHHHHHHHHHHHHHHHHHHHHHHCCCHHHHHHHCCCHHHHHHHHHHHHHHHHHHHHHHHHHCCCCCCCCCCCCCCCHHHHHHHHHHHHHHHHHHHHHCCCCCCCCCCEECCCCCCCCCCCCCCCCCCCCEEEEEEECCEEEEEEEEHHHHHHHHHHCCCCCCCCEEEEEHHHCCCCCCCCCEEECCHHHHHHCCCCHHHHHHHHCCCCCCCCCCCHHHHHHHHHHHHHHHHHCCHHHHHCCCCCCCCHHCCCHHHHHHHHHHCCEEEEEEECCHHHHHHHHHCCCEEEEEEEECCCCCCCCCCCCCHHHHHHHHHCCCCCCCCCCCCCCEEEEECHHCCCCCCCCCCCCCCCCCCCCCCCCCCCCCCCCCCCCCCCCCCEEEEEEEEEECCCCCCCCCCCCHHHHHCCCCCCCCEEEEECCCCCEEEEEEECCCCCEECCCCHHHHHCCCCHHHHHHHHHHHHHHHHCCCHHHHHHHHHHHHHHHHHHHHHHHHHHHHHHHHHHHCCEEEEECCCCCCCCHHHHHHHHHHHHHHHHHHHHHHHHCCCCCCCCCCCCCCHHHHHHCCHHHHHHHHHCCCEEEEECHHHCCCCCCCCCCCCCCCCCCCCHHHHHHHHHCCCCEEEECCCCEEEEEECHHHCCCCCCCCCCCEEEEECCCEEEEEECCCCCCCCCCEEECHHHHHHHHHHHCCCCCCCCCHHHHHHHCCCHHHHHHHHHHHHHHHHHHCCCCCCCCCCEEECCEECCCCCCCCCCCHHHHCCCCCCCCCCCCHHHHHHHHHHHHHHHHHHCCCCCCCCCCEEECHHHHHHHHHHHHCC
63,94,True,EEDNNAIIKEFMRFKVHMEGSVNGHEFEIEGEGEGHPYEGTQTAKLKVTKGGPLPFAWDILSPQFMYGSKAYVKHPADIPDYLKLSFPEGFTWERVMNFEDGGVVTVTQDSSLQDGEFIYKVKLLGTNFPSDGPVMQKKTNGWEASTERMYPEDGALKGEINQRLKLKDGGHYDAEVKTTYKAKKPVQLPGAYNVDIKLDITSHNEDYTIVEQYERAEGRHSTGG,CCCCCCCCCCCCEEEEEEEEEECCEEEEEEEEEEECCCCEEEEEEEEEECCCCCCCCHHHHHCHHCCCCEECCCCCCCCCHHHHHHCCCCEEEEEEEEECCCCEEEEEEEEEEECCEEEEEEEEEEECCCCCCCCCCCCCCCCCCCEEEEECCCCEEEEEEEEEEEECCCCEEEEEEEEEEECCCCCCCCCCEEEEEEEEECCCCCCCEEEEEEEEEEEEECCCC
64,63,False,MSKLEKFTNCYSLSKTLRFKAIPVGKTQENIDNKRLLVEDEKRAEDYKGVKKLLDRYYLSFINDVLHSIKLKNLNNYISLFRKKTRTEKENKELENLEINLRKEIAKAFKGNEGYKSLFKKDIIETILPEFLDDKDEIALVNSFNGFTTAFTGFFDNRENMFSEEAKSTSIAFRCINENLTRYISNMDIFEKVDAIFDKHEVQEIKEKILNSDYDVEDFFEGEFFNFVLTQEGIDVYNAIIGGFVTESGEKIKGLNEYINLYNQKTKQKLPKFKPLYKQVLSDRESLSFYGEGYTSDEEVLEVFRNTLNKNSEIFSSIKKLEKLFKNFDEYSSAGIFVKNGPAISTISKDIFGEWNVIRDKWNAEYDDIHLKKKAVVTEKYEDDRRKSFKKIGSFSLEQLQEYADADLSVVEKLKEIIIQKVDEIYKVYGSSEKLFDADFVLEKSLKKNDAVVAIMKDLLDSVKSFENYIKAFFGEGKETNRDESFYGDFVLAYDILLKVDHIYDAIRNYVTQKPYSKDKFKLYFQNPQFMGGWDKDKETDYRATILRYGSKYYLAIMDKKYAKCLQKIDKDDVNGNYEKINYKLLPGPNKMLPKVFFSKKWMAYYNPSEDIQKIYKNGTFKKGDMFNLNDCHKLIDFFKDSISRYPKWSNAYDFNFSETEKYKDIAGFYREVEEQGYKVSFESASKKEVDKLVEEGKLYMFQIYNKDFSDKSHGTPNLHTMYFKLLFDENNHGQIRLSGGAELFMRRASLKKEELVVHPANSPIANKNPDNPKKTTTLSYDVYKDKRFSEDQYELHIPIAINKCPKNIFKINTEVRVLLKHDDNPYVIGIDRGERNLLYIVVVDGKGNIVEQYSLNEIINNFNGIRIKTDYHSLLDKKEKERFEARQNWTSIENIKELKAGYISQVVHKICELVEKYDAVIALEDLNSGFKNSRVKVEKQVYQKFEKMLIDKLNYMVDKKSNPCATGGALKGYQITNKFESFKSMSTQNGFIFYIPAWLTSKIDPSTGFVNLLKTKYTSIADSKKFISSFDRIMYVPEEDLFEFALDYKNFSRTDADYIKKWKLYSYGNRIRIFRNPKKNNVFDWEEVCLTSAYKELFNKYGINYQQGDIRALLCEQSDKAFYSSFMALMSLMLQMRNSITGRTDVDFLISPVKNSDGIFYDSRNYEAQENAILPKNADANGAYNIARKVLWAIGQFKKAEDEKLDKVKIAISNKEWLEYAQTSVKH,CCHHHHHCCCCCCCCEEEEEEEECCCHHHHHHHCCCCHHHHHHHHHHHHHHHHHHHHHHHHHHHHHHCCCCCCHHHHHHHHHHHCCCHHHHHHHHHHHHHHHHHHHHHHCCCCCCHHHCCHHHHHHHHHHCCCCHHHHHHHHHHCCCCHHHHHHHHHHHHCCCCCHHHHCHHHHHHHHHHHHHHHHHHHHHHHHHHCCHHHHHHHHHHHHCCCCCHHHHCCHHHHHHCCCHHCHHHHHHHHCCCCCCCCCCCCCHHHHHHHHHHHCCCCCCCCHHHHCCCCCCCCCCCCCCCCCCCHHHHHHHHHHHHHHHHHHHHHHHHHHHHHHHHHHCCCCCEEEECCHHHHHHHHHHHCCHHHHHHHHHHHHHHHHHCCHHHCCCCCHHHHHHHHCCCCCCCHHHHHHHHHHCHHHHHHHHHHHHHHHHHHHHHHHHHHHHHCCCHHHHHHHCCCHHHHHHHHHHHHHHHHHHHHHHHHHCCCCCCCCCCCCCCCHHHHHHHHHHHHHHHHHHHHHCCCCCCCCCCEECCCCCCCCCCCCCCCCCCCCEEEEEEECCEEEEEEEEHHHHHHHHHHCCCCCCCCEEEEEHHHCCCCCCCCCEEECCHHHHHHCCCCHHHHHHHHCCCCCCCCCCCHHHHHHHHHHHHHHHHHCCHHHHHCCCCCCCCHHCCCHHHHHHHHHHCCEEEEEEECCHHHHHHHHHCCCEEEEEEEECCCCCCCCCCCCCHHHHHHHHHCCCCCCCCCCCCCCEEEEECHHCCCCCCCCCCCCCCCCCCCCCCCCCCCCCCCCCCCCCCCCCCEEEEEEEEEECCCCCCCCCCCCHHHHHCCCCCCCCEEEEECCCCCEEEEEEECCCCCEECCCCHHHHHCCCCHHHHHHHHHHHHHHHHCCCHHHHHHHHHHHHHHHHHHHHHHHHHHHHHHHHHHHCCEEEEECCCCCCCCHHHHHHHHHHHHHHHHHHHHHHHHCCCCCCCCCCCCCCHHHHHHCCHHHHHHHHHCCCEEEEECHHHCCCCCCCCCCCCCCCCCCCCHHHHHHHHHCCCCEEEECCCCEEEEEECHHHCCCCCCCCCCCEEEEECCCEEEEEECCCCCCCCCCEEECHHHHHHHHHHHCCCCCCCCCHHHHHHHCCCHHHHHHHHHHHHHHHHHHCCCCCCCCCCEEECCEECCCCCCCCCCCHHHHCCCCCCCCCCCCHHHHHHHHHHHHHHHHHHCCCCCCCCCCEEECHHHHHHHHHHHHCC
65,43,False,MVSKGEEDNMAIIKEFMRFKVHMEGSVNGHEFEIEGEGEGRPYEGTQTAKLKVTKGGPLPFAWDILSPQFMYGSKAYVKHPADIPDYLKLSFPEGFKWERVMNFEDGGVVTVTQDSSLQDGEFIYKVKLRGTNFPSDGPVMQKKTMGWEASSERMYPEDGALKGEIKQRLKLKDGGHYDAEVKTTYKAKKPVQLPGAYNVNIKLDITSHNEDYTIVEQYERAEGRHSTGGMDELYK,CCCCCCCCCCCCCCCCCEEEEEEEEEECCEEEEEEEEEEECCCCEEEEEEEEEECCCCCCCCHHHHHCCCCCCCEECCCCCCCCCHHHHHHCCCCCEEEEEEEECCCCEEEEEEEEEEECCEEEEEEEEEEECCCCCCCCCCCCCCCCCCCEEEEECCCCEEEEEEEEEEEECCCCEEEEEEEEEEECCCCCCCCCCEEEEEEEEECCCCCCEEEEEEEEEEEECCCCCCHHHHCC
66,22,False,MSKGEELFTGVVPILVELDGDVNGHKFSVSGEGEGDATYGKLTLKFICTTGKLPVPWPTLVTTFSHGVQCFSRYPDHMKRHDFFKSAMPEGYVQERTIFFKDDGNYKTRAEVKFEGDTLVNRIELKGIDFKEDGNILGHKLEYNFNSHNVYIMADKQKNGIKVNFKIRHNIEDGSVQLADHYQQNTPIGDGPVLLPDNHYLSTQSALSKDPNEKRDHMVLLEFVTAAGITHGMDELYK,CCCCHHHCCCCCEEEEEEEEEECCEEEEEEEEEEECCCCEEEEEEEEEECCCCCCCHHHHHCCCCCCCEECCCCCCCCCCCCHHHHHCCCCCEEEEEEEEECCCEEEEEEEEEEECCEEEEEEEEEEECCCCCCCCCCCCCCCCCCCCCEEEECCCCCCCEEEEEEEEEECCCCCEEEEEEECCCCCCCCCCCCCCCCEEEEEEEEECCCCCCCCCEEEEEEEEHHCCCCCCCCCCCC
67,574,True,MSKLEKFTNCYSLSKTLRFKAIPVGKTQENIDNKRLLVEDEKRAEDYKGVKKLLDRYYLSFINDVLHSIKLKNLNNYISLFRKKTRTEKENKELENLEINLRKEIAKAFKGNEGYKSLFKKDIIETILPEFLDDKDEIALVNSFNGFTTAFTGFFDNRENMFSEEAKSTSIAFRCINENLTRYISNMDIFEKVDAIFDKHEVQEIKEKILNSDYDVEDFFEGEFFNFVLTQEGIDVYNAIIGGFVTESGEKIKGLNEYINLYNQKTKQKLPKFKPLYKQVLSDRESLSFYGEGYTSDEEVLEVFRNTLNKNSEIFSSIKKLEKLFKNFDEYSSAGIFVKNGPAISTISKDIFGEWNVIRDKWNAEYDDIHLKKKAVVTEKYEDDRRKSFKKIGSFSLEQLQEYADADLSVVEKLKEIIIQKVDEIYKVYGSSEKLFDADFVLEKSLKKNDAVVAIMKDLLDSVKSFENYIKAFFGEGKETNRDESFYGDFVLAYDILLKVDHIYDAIRNYVTQKPYSKDKFKLYFQNPQFMGGWDKDKETDYRATILRYGSKYYLAIMDKKYAKCLQKIDKDDVNGNYEKINYKLLPGPNKMLPKVFFSKKWMAYYNPSEDIQKIYKNGTFKKGDMFNLNDCHKLIDFFKDSISRYPKWSNAYDFNFSETEKYKDIAGFYREVEEQGYKVSFESASKKEVDKLVEEGKLYMFQIYNKDFSDKSHGTPNLHTMYFKLLFDENNHGQIRLSGGAELFMRRASLKKEELVVHPANSPIANKNPDNPKKTTTLSYDVYKDKRFSEDQYELHIPIAINKCPKNIFKINTEVRVLLKHDDNPYVIGIDRGERNLLYIVVVDGKGNIVEQYSLNEIINNFNGIRIKTDYHSLLDKKEKERFEARQNWTSIENIKELKAGYISQVVHKICELVEKYDAVIALEDLNSGFKNSRVKVEKQVYQKFEKMLIDKLNYMVDKKSNPCATGGALKGYQITNKFESFKSMSTQNGFIFYIPAWLTSKIDPSTGFVNLLKTKYTSIADSKKFISSFDRIMYVPEEDLFEFALDYKNFSRTDADYIKKWKLYSYGNRIRIFRNPKKNNVFDWEEVCLTSAYKELFNKYGINYQQGDIRALLCEQSDKAFYSSFMALMSLMLQMRNSITGRTDVDFLISPVKNSDGIFYDSRNYEAQENAILPKNADANGAYNIARKVLWAIGQFKKAEDEKLDKVKIAISNKEWLEYAQTSVKH,CCHHHHHCCCCCCCCEEEEEEEECCCHHHHHHHCCCCHHHHHHHHHHHHHHHHHHHHHHHHHHHHHHCCCCCCHHHHHHHHHHHCCCHHHHHHHHHHHHHHHHHHHHHHCCCCCCHHHCCHHHHHHHHHHCCCCHHHHHHHHHHCCCCHHHHHHHHHHHHCCCCCHHHHCHHHHHHHHHHHHHHHHHHHHHHHHHHCCHHHHHHHHHHHHCCCCCHHHHCCHHHHHHCCCHHCHHHHHHHHCCCCCCCCCCCCCHHHHHHHHHHHCCCCCCCCHHHHCCCCCCCCCCCCCCCCCCCHHHHHHHHHHHHHHHHHHHHHHHHHHHHHHHHHHCCCCCEEEECCHHHHHHHHHHHCCHHHHHHHHHHHHHHHHHCCHHHCCCCCHHHHHHHHCCCCCCCHHHHHHHHHHCHHHHHHHHHHHHHHHHHHHHHHHHHHHHHCCCHHHHHHHCCCHHHHHHHHHHHHHHHHHHHHHHHHHCCCCCCCCCCCCCCCHHHHHHHHHHHHHHHHHHHHHCCCCCCCCCCEECCCCCCCCCCCCCCCCCCCCEEEEEEECCEEEEEEEEHHHHHHHHHHCCCCCCCCEEEEEHHHCCCCCCCCCEEECCHHHHHHCCCCHHHHHHHHCCCCCCCCCCCHHHHHHHHHHHHHHHHHCCHHHHHCCCCCCCCHHCCCHHHHHHHHHHCCEEEEEEECCHHHHHHHHHCCCEEEEEEEECCCCCCCCCCCCCHHHHHHHHHCCCCCCCCCCCCCCEEEEECHHCCCCCCCCCCCCCCCCCCCCCCCCCCCCCCCCCCCCCCCCCCEEEEEEEEEECCCCCCCCCCCCHHHHHCCCCCCCCEEEEECCCCCEEEEEEECCCCCEECCCCHHHHHCCCCHHHHHHHHHHHHHHHHCCCHHHHHHHHHHHHHHHHHHHHHHHHHHHHHHHHHHHCCEEEEECCCCCCCCHHHHHHHHHHHHHHHHHHHHHHHHCCCCCCCCCCCCCCHHHHHHCCHHHHHHHHHCCCEEEEECHHHCCCCCCCCCCCCCCCCCCCCHHHHHHHHHCCCCEEEECCCCEEEEEECHHHCCCCCCCCCCCEEEEECCCEEEEEECCCCCCCCCCEEECHHHHHHHHHHHCCCCCCCCCHHHHHHHCCCHHHHHHHHHHHHHHHHHHCCCCCCCCCCEEECCEECCCCCCCCCCCHHHHCCCCCCCCCCCCHHHHHHHHHHHHHHHHHHCCCCCCCCCCEEECHHHHHHHHHHHHCC
68,150,False,MSVIKPDMKIKLRMEGAVNGHPFAIEGVGLGKPFEGKQSMDLKVKEGGPLPFAYDILTTVFCYGNRVFAKYPENIVDYFKQSFPEGYSWERSMNYEDGGICNATNDITLDGDCYIYEIRFDGVNFPANGPVMQKRTVKWEPSTEKLYVRDGVLKGDVNMALSLEGGGHYRCDFKTTYKAKKVVQLPDYHFVDHHIEIKSHDKDYSNVNLHEHAEAHSELPRQAK,CCCCCCCCEEEEEEEEEECCEEEEEEEEEEECCCCCEEEEEEEEECCCCCCCCHHHHHCHHCCCCEECCCCCCCCCCHHHHHCCCCEEEEEEEEECCCCEEEEEEEEEEECCEEEEEEEEEEECCCCCCCCCCCCCCCCCCCEEEEEECCCEEEEEEEEEEEECCCCEEEEEEECEEECCCCCCCCCCEEEEEEEEEEEECCCCCEEEEEEEEEEECCCCCCCC
69,373,True,MSKLEKFTNCYSLSKTLRFKAIPVGKTQENIDNKRLLVEDEKRAEDYKGVKKLLDRYYLSFINDVLHSIKLKNLNNYISLFRKKTRTEKENKELENLEINLRKEIAKAFKGNEGYKSLFKKDIIETILPEFLDDKDEIALVNSFNGFTTAFTGFFDNRENMFSEEAKSTSIAFRCINENLTRYISNMDIFEKVDAIFDKHEVQEIKEKILNSDYDVEDFFEGEFFNFVLTQEGIDVYNAIIGGFVTESGEKIKGLNEYINLYNQKTKQKLPKFKPLYKQVLSDRESLSFYGEGYTSDEEVLEVFRNTLNKNSEIFSSIKKLEKLFKNFDEYSSAGIFVKNGPAISTISKDIFGEWNVIRDKWNAEYDDIHLKKKAVVTEKYEDDRRKSFKKIGSFSLEQLQEYADADLSVVEKLKEIIIQKVDEIYKVYGSSEKLFDADFVLEKSLKKNDAVVAIMKDLLDSVKSFENYIKAFFGEGKETNRDESFYGDFVLAYDILLKVDHIYDAIRNYVTQKPYSKDKFKLYFQNPQFMGGWDKDKETDYRATILRYGSKYYLAIMDKKYAKCLQKIDKDDVNGNYEKINYKLLPGPNKMLPKVFFSKKWMAYYNPSEDIQKIYKNGTFKKGDMFNLNDCHKLIDFFKDSISRYPKWSNAYDFNFSETEKYKDIAGFYREVEEQGYKVSFESASKKEVDKLVEEGKLYMFQIYNKDFSDKSHGTPNLHTMYFKLLFDENNHGQIRLSGGAELFMRRASLKKEELVVHPANSPIANKNPDNPKKTTTLSYDVYKDKRFSEDQYELHIPIAINKCPKNIFKINTEVRVLLKHDDNPYVIGIDRGERNLLYIVVVDGKGNIVEQYSLNEIINNFNGIRIKTDYHSLLDKKEKERFEARQNWTSIENIKELKAGYISQVVHKICELVEKYDAVIALEDLNSGFKNSRVKVEKQVYQKFEKMLIDKLNYMVDKKSNPCATGGALKGYQITNKFESFKSMSTQNGFIFYIPAWLTSKIDPSTGFVNLLKTKYTSIADSKKFISSFDRIMYVPEEDLFEFALDYKNFSRTDADYIKKWKLYSYGNRIRIFRNPKKNNVFDWEEVCLTSAYKELFNKYGINYQQGDIRALLCEQSDKAFYSSFMALMSLMLQMRNSITGRTDVDFLISPVKNSDGIFYDSRNYEAQENAILPKNADANGAYNIARKVLWAIGQFKKAEDEKLDKVKIAISNKEWLEYAQTSVKH,CCHHHHHCCCCCCCCEEEEEEEECCCHHHHHHHCCCCHHHHHHHHHHHHHHHHHHHHHHHHHHHHHHCCCCCCHHHHHHHHHHHCCCHHHHHHHHHHHHHHHHHHHHHHCCCCCCHHHCCHHHHHHHHHHCCCCHHHHHHHHHHCCCCHHHHHHHHHHHHCCCCCHHHHCHHHHHHHHHHHHHHHHHHHHHHHHHHCCHHHHHHHHHHHHCCCCCHHHHCCHHHHHHCCCHHCHHHHHHHHCCCCCCCCCCCCCHHHHHHHHHHHCCCCCCCCHHHHCCCCCCCCCCCCCCCCCCCHHHHHHHHHHHHHHHHHHHHHHHHHHHHHHHHHHCCCCCEEEECCHHHHHHHHHHHCCHHHHHHHHHHHHHHHHHCCHHHCCCCCHHHHHHHHCCCCCCCHHHHHHHHHHCHHHHHHHHHHHHHHHHHHHHHHHHHHHHHCCCHHHHHHHCCCHHHHHHHHHHHHHHHHHHHHHHHHHCCCCCCCCCCCCCCCHHHHHHHHHHHHHHHHHHHHHCCCCCCCCCCEECCCCCCCCCCCCCCCCCCCCEEEEEEECCEEEEEEEEHHHHHHHHHHCCCCCCCCEEEEEHHHCCCCCCCCCEEECCHHHHHHCCCCHHHHHHHHCCCCCCCCCCCHHHHHHHHHHHHHHHHHCCHHHHHCCCCCCCCHHCCCHHHHHHHHHHCCEEEEEEECCHHHHHHHHHCCCEEEEEEEECCCCCCCCCCCCCHHHHHHHHHCCCCCCCCCCCCCCEEEEECHHCCCCCCCCCCCCCCCCCCCCCCCCCCCCCCCCCCCCCCCCCCEEEEEEEEEECCCCCCCCCCCCHHHHHCCCCCCCCEEEEECCCCCEEEEEEECCCCCEECCCCHHHHHCCCCHHHHHHHHHHHHHHHHCCCHHHHHHHHHHHHHHHHHHHHHHHHHHHHHHHHHHHCCEEEEECCCCCCCCHHHHHHHHHHHHHHHHHHHHHHHHCCCCCCCCCCCCCCHHHHHHCCHHHHHHHHHCCCEEEEECHHHCCCCCCCCCCCCCCCCCCCCHHHHHHHHHCCCCEEEECCCCEEEEEECHHHCCCCCCCCCCCEEEEECCCEEEEEECCCCCCCCCCEEECHHHHHHHHHHHCCCCCCCCCHHHHHHHCCCHHHHHHHHHHHHHHHHHHCCCCCCCCCCEEECCEECCCCCCCCCCCHHHHCCCCCCCCCCCCHHHHHHHHHHHHHHHHHHCCCCCCCCCCEEECHHHHHHHHHHHHCC
70,141,False,MVSVIKPEMKMRYYMDGSVNGHEFTIEGEGTGRPYEGHQEMTLRVTMAEGGPMPFAFDLVSHVFCYGHRVFTKYPEEIPDYFKQAFPEGLSWERSLEFEDGGSASVSAHISLRGNTFYHKSKFTGVNFPADGPIMQNQSVDWEPSTEKITASDGVLKGDVTMYLKLEGGGNHKCQMKTTYKAAKEILEMPGDHYIGHRLVRKTEGNITEQVEDAVAHS,CCCCCCCCCEEEEEEEEEECCEEEEEEEEEEECCCCEEEEEEEEEEECCCCCCCCCHHHHHHHHHHCCCCCCCCCCCCCCHHHHHCCCCCEEEEEEEECCCCEEEEEEEEEEECCEEEEEEEEEEECCCCCCCCCCCCCCCCCCCEEEEECCCCEEEEEEEEEEEECCCCEEEEEEEEEEECCCCHHHCCCCCCCEEEEEEECCCCEEEEEEEEEECC
71,146,False,MSKLEKFTNCYSLSKTLRFKAIPVGKTQENIDNKRLLVEDEKRAEDYKGVKKLLDRYYLSFINDVLHSIKLKNLNNYISLFRKKTRTEKENKELENLEINLRKEIAKAFKGNEGYKSLFKKDIIETILPEFLDDKDEIALVNSFNGFTTAFTGFFDNRENMFSEEAKSTSIAFRCINENLTRYISNMDIFEKVDAIFDKHEVQEIKEKILNSDYDVEDFFEGEFFNFVLTQEGIDVYNAIIGGFVTESGEKIKGLNEYINLYNQKTKQKLPKFKPLYKQVLSDRESLSFYGEGYTSDEEVLEVFRNTLNKNSEIFSSIKKLEKLFKNFDEYSSAGIFVKNGPAISTISKDIFGEWNVIRDKWNAEYDDIHLKKKAVVTEKYEDDRRKSFKKIGSFSLEQLQEYADADLSVVEKLKEIIIQKVDEIYKVYGSSEKLFDADFVLEKSLKKNDAVVAIMKDLLDSVKSFENYIKAFFGEGKETNRDESFYGDFVLAYDILLKVDHIYDAIRNYVTQKPYSKDKFKLYFQNPQFMGGWDKDKETDYRATILRYGSKYYLAIMDKKYAKCLQKIDKDDVNGNYEKINYKLLPGPNKMLPKVFFSKKWMAYYNPSEDIQKIYKNGTFKKGDMFNLNDCHKLIDFFKDSISRYPKWSNAYDFNFSETEKYKDIAGFYREVEEQGYKVSFESASKKEVDKLVEEGKLYMFQIYNKDFSDKSHGTPNLHTMYFKLLFDENNHGQIRLSGGAELFMRRASLKKEELVVHPANSPIANKNPDNPKKTTTLSYDVYKDKRFSEDQYELHIPIAINKCPKNIFKINTEVRVLLKHDDNPYVIGIDRGERNLLYIVVVDGKGNIVEQYSLNEIINNFNGIRIKTDYHSLLDKKEKERFEARQNWTSIENIKELKAGYISQVVHKICELVEKYDAVIALEDLNSGFKNSRVKVEKQVYQKFEKMLIDKLNYMVDKKSNPCATGGALKGYQITNKFESFKSMSTQNGFIFYIPAWLTSKIDPSTGFVNLLKTKYTSIADSKKFISSFDRIMYVPEEDLFEFALDYKNFSRTDADYIKKWKLYSYGNRIRIFRNPKKNNVFDWEEVCLTSAYKELFNKYGINYQQGDIRALLCEQSDKAFYSSFMALMSLMLQMRNSITGRTDVDFLISPVKNSDGIFYDSRNYEAQENAILPKNADANGAYNIARKVLWAIGQFKKAEDEKLDKVKIAISNKEWLEYAQTSVKH,CCHHHHHCCCCCCCCEEEEEEEECCCHHHHHHHCCCCHHHHHHHHHHHHHHHHHHHHHHHHHHHHHHCCCCCCHHHHHHHHHHHCCCHHHHHHHHHHHHHHHHHHHHHHCCCCCCHHHCCHHHHHHHHHHCCCCHHHHHHHHHHCCCCHHHHHHHHHHHHCCCCCHHHHCHHHHHHHHHHHHHHHHHHHHHHHHHHCCHHHHHHHHHHHHCCCCCHHHHCCHHHHHHCCCHHCHHHHHHHHCCCCCCCCCCCCCHHHHHHHHHHHCCCCCCCCHHHHCCCCCCCCCCCCCCCCCCCHHHHHHHHHHHHHHHHHHHHHHHHHHHHHHHHHHCCCCCEEEECCHHHHHHHHHHHCCHHHHHHHHHHHHHHHHHCCHHHCCCCCHHHHHHHHCCCCCCCHHHHHHHHHHCHHHHHHHHHHHHHHHHHHHHHHHHHHHHHCCCHHHHHHHCCCHHHHHHHHHHHHHHHHHHHHHHHHHCCCCCCCCCCCCCCCHHHHHHHHHHHHHHHHHHHHHCCCCCCCCCCEECCCCCCCCCCCCCCCCCCCCEEEEEEECCEEEEEEEEHHHHHHHHHHCCCCCCCCEEEEEHHHCCCCCCCCCEEECCHHHHHHCCCCHHHHHHHHCCCCCCCCCCCHHHHHHHHHHHHHHHHHCCHHHHHCCCCCCCCHHCCCHHHHHHHHHHCCEEEEEEECCHHHHHHHHHCCCEEEEEEEECCCCCCCCCCCCCHHHHHHHHHCCCCCCCCCCCCCCEEEEECHHCCCCCCCCCCCCCCCCCCCCCCCCCCCCCCCCCCCCCCCCCCEEEEEEEEEECCCCCCCCCCCCHHHHHCCCCCCCCEEEEECCCCCEEEEEEECCCCCEECCCCHHHHHCCCCHHHHHHHHHHHHHHHHCCCHHHHHHHHHHHHHHHHHHHHHHHHHHHHHHHHHHHCCEEEEECCCCCCCCHHHHHHHHHHHHHHHHHHHHHHHHCCCCCCCCCCCCCCHHHHHHCCHHHHHHHHHCCCEEEEECHHHCCCCCCCCCCCCCCCCCCCCHHHHHHHHHCCCCEEEECCCCEEEEEECHHHCCCCCCCCCCCEEEEECCCEEEEEECCCCCCCCCCEEECHHHHHHHHHHHCCCCCCCCCHHHHHHHCCCHHHHHHHHHHHHHHHHHHCCCCCCCCCCEEECCEECCCCCCCCCCCHHHHCCCCCCCCCCCCHHHHHHHHHHHHHHHHHHCCCCCCCCCCEEECHHHHHHHHHHHHCC
72,129,False,MSKLEKFTNCYSLSKTLRFKAIPVGKTQENIDNKRLLVEDEKRAEDYKGVKKLLDRYYLSFINDVLHSIKLKNLNNYISLFRKKTRTEKENKELENLEINLRKEIAKAFKGNEGYKSLFKKDIIETILPEFLDDKDEIALVNSFNGFTTAFTGFFDNRENMFSEEAKSTSIAFRCINENLTRYISNMDIFEKVDAIFDKHEVQEIKEKILNSDYDVEDFFEGEFFNFVLTQEGIDVYNAIIGGFVTESGEKIKGLNEYINLYNQKTKQKLPKFKPLYKQVLSDRESLSFYGEGYTSDEEVLEVFRNTLNKNSEIFSSIKKLEKLFKNFDEYSSAGIFVKNGPAISTISKDIFGEWNVIRDKWNAEYDDIHLKKKAVVTEKYEDDRRKSFKKIGSFSLEQLQEYADADLSVVEKLKEIIIQKVDEIYKVYGSSEKLFDADFVLEKSLKKNDAVVAIMKDLLDSVKSFENYIKAFFGEGKETNRDESFYGDFVLAYDILLKVDHIYDAIRNYVTQKPYSKDKFKLYFQNPQFMGGWDKDKETDYRATILRYGSKYYLAIMDKKYAKCLQKIDKDDVNGNYEKINYKLLPGPNKMLPKVFFSKKWMAYYNPSEDIQKIYKNGTFKKGDMFNLNDCHKLIDFFKDSISRYPKWSNAYDFNFSETEKYKDIAGFYREVEEQGYKVSFESASKKEVDKLVEEGKLYMFQIYNKDFSDKSHGTPNLHTMYFKLLFDENNHGQIRLSGGAELFMRRASLKKEELVVHPANSPIANKNPDNPKKTTTLSYDVYKDKRFSEDQYELHIPIAINKCPKNIFKINTEVRVLLKHDDNPYVIGIDRGERNLLYIVVVDGKGNIVEQYSLNEIINNFNGIRIKTDYHSLLDKKEKERFEARQNWTSIENIKELKAGYISQVVHKICELVEKYDAVIALEDLNSGFKNSRVKVEKQVYQKFEKMLIDKLNYMVDKKSNPCATGGALKGYQITNKFESFKSMSTQNGFIFYIPAWLTSKIDPSTGFVNLLKTKYTSIADSKKFISSFDRIMYVPEEDLFEFALDYKNFSRTDADYIKKWKLYSYGNRIRIFRNPKKNNVFDWEEVCLTSAYKELFNKYGINYQQGDIRALLCEQSDKAFYSSFMALMSLMLQMRNSITGRTDVDFLISPVKNSDGIFYDSRNYEAQENAILPKNADANGAYNIARKVLWAIGQFKKAEDEKLDKVKIAISNKEWLEYAQTSVKH,CCHHHHHCCCCCCCCEEEEEEEECCCHHHHHHHCCCCHHHHHHHHHHHHHHHHHHHHHHHHHHHHHHCCCCCCHHHHHHHHHHHCCCHHHHHHHHHHHHHHHHHHHHHHCCCCCCHHHCCHHHHHHHHHHCCCCHHHHHHHHHHCCCCHHHHHHHHHHHHCCCCCHHHHCHHHHHHHHHHHHHHHHHHHHHHHHHHCCHHHHHHHHHHHHCCCCCHHHHCCHHHHHHCCCHHCHHHHHHHHCCCCCCCCCCCCCHHHHHHHHHHHCCCCCCCCHHHHCCCCCCCCCCCCCCCCCCCHHHHHHHHHHHHHHHHHHHHHHHHHHHHHHHHHHCCCCCEEEECCHHHHHHHHHHHCCHHHHHHHHHHHHHHHHHCCHHHCCCCCHHHHHHHHCCCCCCCHHHHHHHHHHCHHHHHHHHHHHHHHHHHHHHHHHHHHHHHCCCHHHHHHHCCCHHHHHHHHHHHHHHHHHHHHHHHHHCCCCCCCCCCCCCCCHHHHHHHHHHHHHHHHHHHHHCCCCCCCCCCEECCCCCCCCCCCCCCCCCCCCEEEEEEECCEEEEEEEEHHHHHHHHHHCCCCCCCCEEEEEHHHCCCCCCCCCEEECCHHHHHHCCCCHHHHHHHHCCCCCCCCCCCHHHHHHHHHHHHHHHHHCCHHHHHCCCCCCCCHHCCCHHHHHHHHHHCCEEEEEEECCHHHHHHHHHCCCEEEEEEEECCCCCCCCCCCCCHHHHHHHHHCCCCCCCCCCCCCCEEEEECHHCCCCCCCCCCCCCCCCCCCCCCCCCCCCCCCCCCCCCCCCCCEEEEEEEEEECCCCCCCCCCCCHHHHHCCCCCCCCEEEEECCCCCEEEEEEECCCCCEECCCCHHHHHCCCCHHHHHHHHHHHHHHHHCCCHHHHHHHHHHHHHHHHHHHHHHHHHHHHHHHHHHHCCEEEEECCCCCCCCHHHHHHHHHHHHHHHHHHHHHHHHCCCCCCCCCCCCCCHHHHHHCCHHHHHHHHHCCCEEEEECHHHCCCCCCCCCCCCCCCCCCCCHHHHHHHHHCCCCEEEECCCCEEEEEECHHHCCCCCCCCCCCEEEEECCCEEEEEECCCCCCCCCCEEECHHHHHHHHHHHCCCCCCCCCHHHHHHHCCCHHHHHHHHHHHHHHHHHHCCCCCCCCCCEEECCEECCCCCCCCCCCHHHHCCCCCCCCCCCCHHHHHHHHHHHHHHHHHHCCCCCCCCCCEEECHHHHHHHHHHHHCC
73,475,False,IEKKKSFAKGMGVKSTLVSGSKVYMTTFAEGSDARLEKIVEGDSIRSVNEGEAFSAEMADKNAGYKIGNAKFSHPKGYAVVANNPLYTGPVQQDMLGLKETLEKRYFGESADGNDNICIQVIHNILDIEKILAEYITNAAYAVNNISGLDKDIIGFGKFSTVYTYDEFKDPEHHRAAFNNNDKLINAIKAQYDEFDNFLDNPRLGYFGQAFFSKEGRNYIINYGNECYDILALLSGLRHWVVHNNEEESRISRTWLYNLDKNLDNEYISTLNYLYDRITNELTNSFSKNSAANVNYIAETLGINPAEFAEQYFRFSIMKEQKNLGFNITKLREVMLDRKDMSEIRKNHKVFDSIRTKVYTMMDFVIYRYYIEEDAKVAAANKSLPDNEKSLSEKDIFVINLRGSFNDDQKDALYYDEANRIWRKLENIMHNIKEFRGNKTREYKKKDAPRLPRILPAGRDVSAFSKLMYALTMFLDGKEINDLLTTLINKFDNIQSFLKVMPLIGVNAKFVEEYAFFKDSAKIADELRLIKSFARMGEPIADARRAMYIDAIRILGTNLSYDELKALADTFSLDENGNKLKKGKHGMRNFIINNVISNKRFHYLIRYGDPAHLHEIAKNEAVVKFVLGRIADIQKKQGQNGKNQIDRYYETCIGKDKGKSVSEKVDALTKIITGMNYDQFDKKRSVIEDTGRENAEREKFKKIISLYLTVIYHILKNIVNINARYVIGFHCVERDAQLYKEKGYDINLKKLEEKGFSSVTKLCAGIDETAPDKRKDVEKEMAERAKESIDSLESANPKLYANYIKYSDEKKAEEFTRQINREKAKTALNAYLRNTKWNVIIREDLLRIDNKTCTLFRNKAVHLEVARYVHAYINDIAEVNSYFQLYHYIMQRIIMNERYEKSSGKVSEYFDAVNDEKKYNDRLLKLLCVPFGYCIPRFKNLSIEALFDRNEAAKFDKEKKKVSGNS,CCHHHHHHHHCCCEEEEEECCEEEEEEECCCCCCEEEEEECCCCCCCCCCCCHHHHHHHHHHCCCCCCCCCCCCCCCEEEECCCCCCCCCCCCCCCCCHHHHHHHHHCCCCCCCCCEEEEHHHHHHCHHHHHHHHHHHHHHHHHCCCCCCCCCCHHCCCEEEECCCCCCCHHHHHCCCCCCHHHHHHHHHHHHHHHHHHCCCCCCHHHHHEEECCCCCCEECCCCHHHHHHHHHHCCCEEEECCCCCCCCCCHHHHHHCCCCCCHHHHHHHHHHHHHHHHHHHHHHHHCCHHHHHHHHHHHCCCHHHHHHHHHHHHHHHHHCCCCCCHHHHHHHHHHCCCCCHHHHHHHCHHHHHHHHHHHHHHHHHHHHHHHHHHHHHHCCCCCCCCCCCCHHHHHHHHHHHCCCHHHCCHHHHHHHHHHHHHHHHHHHHHHHHCCHHHHHHHHHCCCCCCCCCCCCCCHHHHHHHHHHHHHHHCCHHHHHHHHHHHHHHHCHHHHHHHHHHHCCCEEEECCHHHCCCHHHHHHHHHHHHHHHHCCCCCHHHHHHHHHHHHHHHCCCCCHHHHHHHHHHCCCCCCCCCCCCCCCCCCCHHHHCEECCCCEEEEEECCCHHHHHHHHCCCHHHHHHHCCCCHHHHHCCCCCCCHHHHHHHHHCCCCCCCCHHHHHHHHHHHHHCCCHHHHCCCCCHHHCCCCHHHHHHHHHHHHHHHHHHHHHHHHHHHCCCCCEEEEEEEHHHCHHHHHHHCHHHHHHHHHHCCCCHHHHHHHHCCCCCCCCCHHHHHHHHHHHHHCHHCHHHCCHHHHHCCCCCCCHHHHHHHHHHHCHHHHHHHHHHHHHHCCCCEEHHHHHHHCCCHHHHHHHHHHHHHHHHHHHHHHHHHHHHHHHHHHHHHHHHHHHHHHHCHHHHCCCHHHHHHHHHHHCCHHHHHHHHHCCCCCCCCCCCCCCCHHHHCCCCCCCCCCHHHHCCCCCC
74,209,True,EEDNNAIIKEFMRFKVHMEGSVNGHEFEIEGEGEGHPYEGTQTAKLKVTKGGPLPFAWDILSPQFMYGSKAYVKHPADIPDYLKLSFPEGFTWERVMNFEDGGVVTVTQDSSLQDGEFIYKVKLLGTNFPSDGPVMQKKTNGWEASTERMYPEDGALKGEINQRLKLKDGGHYDAEVKTTYKAKKPVQLPGAYNVDIKLDITSHNEDYTIVEQYERAEGRHSTGG,CCCCCCCCCCCCEEEEEEEEEECCEEEEEEEEEEECCCCEEEEEEEEEECCCCCCCCHHHHHCHHCCCCEECCCCCCCCCHHHHHHCCCCEEEEEEEEECCCCEEEEEEEEEEECCEEEEEEEEEEECCCCCCCCCCCCCCCCCCCEEEEECCCCEEEEEEEEEEEECCCCEEEEEEEEEEECCCCCCCCCCEEEEEEEEECCCCCCCEEEEEEEEEEEEECCCC
75,474,False,MSKGEELFTGVVPILVELDGDVNGHKFSVSGEGEGDATYGKLTLKFICTTGKLPVPWPTLVTTFSYGVQCFSRYPDHMKQHDFFKSAMPEGYVQERTIFFKDDGNYKTRAEVKFEGDTLVNRIELKGIDFKEDGNILGHKLEYNYNSHNVYIMADKQKNGIKVNFKIRHNIEDGSVQLADHYQQNTPIGDGPVLLPDNHYLSTQSALSKDPNEKRDHMVLLEFVTAAGITHGMDELYK,CCCCHHHCCCCCEEEEEEEEEECCEEEEEEEEEEECCCCEEEEEEEEEECCCCCCCHHHHHHHCCCCCEECCCCCCCCCCCCHHHHHCCCCCEEEEEEEEECCCEEEEEEEEEEECCEEEEEEEEEEECCCCCCCCCCCCCCCCCCCCCEEEEECCCCCCEEEEEEEEEECCCCCEEEEEEECCCCCCCCCCCCCCCCEEEEEEEEECCCCCCCCCCEEEEEEHHHCCCCCCCCCCCC
76,443,True,MSKLEKFTNCYSLSKTLRFKAIPVGKTQENIDNKRLLVEDEKRAEDYKGVKKLLDRYYLSFINDVLHSIKLKNLNNYISLFRKKTRTEKENKELENLEINLRKEIAKAFKGNEGYKSLFKKDIIETILPEFLDDKDEIALVNSFNGFTTAFTGFFDNRENMFSEEAKSTSIAFRCINENLTRYISNMDIFEKVDAIFDKHEVQEIKEKILNSDYDVEDFFEGEFFNFVLTQEGIDVYNAIIGGFVTESGEKIKGLNEYINLYNQKTKQKLPKFKPLYKQVLSDRESLSFYGEGYTSDEEVLEVFRNTLNKNSEIFSSIKKLEKLFKNFDEYSSAGIFVKNGPAISTISKDIFGEWNVIRDKWNAEYDDIHLKKKAVVTEKYEDDRRKSFKKIGSFSLEQLQEYADADLSVVEKLKEIIIQKVDEIYKVYGSSEKLFDADFVLEKSLKKNDAVVAIMKDLLDSVKSFENYIKAFFGEGKETNRDESFYGDFVLAYDILLKVDHIYDAIRNYVTQKPYSKDKFKLYFQNPQFMGGWDKDKETDYRATILRYGSKYYLAIMDKKYAKCLQKIDKDDVNGNYEKINYKLLPGPNKMLPKVFFSKKWMAYYNPSEDIQKIYKNGTFKKGDMFNLNDCHKLIDFFKDSISRYPKWSNAYDFNFSETEKYKDIAGFYREVEEQGYKVSFESASKKEVDKLVEEGKLYMFQIYNKDFSDKSHGTPNLHTMYFKLLFDENNHGQIRLSGGAELFMRRASLKKEELVVHPANSPIANKNPDNPKKTTTLSYDVYKDKRFSEDQYELHIPIAINKCPKNIFKINTEVRVLLKHDDNPYVIGIDRGERNLLYIVVVDGKGNIVEQYSLNEIINNFNGIRIKTDYHSLLDKKEKERFEARQNWTSIENIKELKAGYISQVVHKICELVEKYDAVIALEDLNSGFKNSRVKVEKQVYQKFEKMLIDKLNYMVDKKSNPCATGGALKGYQITNKFESFKSMSTQNGFIFYIPAWLTSKIDPSTGFVNLLKTKYTSIADSKKFISSFDRIMYVPEEDLFEFALDYKNFSRTDADYIKKWKLYSYGNRIRIFRNPKKNNVFDWEEVCLTSAYKELFNKYGINYQQGDIRALLCEQSDKAFYSSFMALMSLMLQMRNSITGRTDVDFLISPVKNSDGIFYDSRNYEAQENAILPKNADANGAYNIARKVLWAIGQFKKAEDEKLDKVKIAISNKEWLEYAQTSVKH,CCHHHHHCCCCCCCCEEEEEEEECCCHHHHHHHCCCCHHHHHHHHHHHHHHHHHHHHHHHHHHHHHHCCCCCCHHHHHHHHHHHCCCHHHHHHHHHHHHHHHHHHHHHHCCCCCCHHHCCHHHHHHHHHHCCCCHHHHHHHHHHCCCCHHHHHHHHHHHHCCCCCHHHHCHHHHHHHHHHHHHHHHHHHHHHHHHHCCHHHHHHHHHHHHCCCCCHHHHCCHHHHHHCCCHHCHHHHHHHHCCCCCCCCCCCCCHHHHHHHHHHHCCCCCCCCHHHHCCCCCCCCCCCCCCCCCCCHHHHHHHHHHHHHHHHHHHHHHHHHHHHHHHHHHCCCCCEEEECCHHHHHHHHHHHCCHHHHHHHHHHHHHHHHHCCHHHCCCCCHHHHHHHHCCCCCCCHHHHHHHHHHCHHHHHHHHHHHHHHHHHHHHHHHHHHHHHCCCHHHHHHHCCCHHHHHHHHHHHHHHHHHHHHHHHHHCCCCCCCCCCCCCCCHHHHHHHHHHHHHHHHHHHHHCCCCCCCCCCEECCCCCCCCCCCCCCCCCCCCEEEEEEECCEEEEEEEEHHHHHHHHHHCCCCCCCCEEEEEHHHCCCCCCCCCEEECCHHHHHHCCCCHHHHHHHHCCCCCCCCCCCHHHHHHHHHHHHHHHHHCCHHHHHCCCCCCCCHHCCCHHHHHHHHHHCCEEEEEEECCHHHHHHHHHCCCEEEEEEEECCCCCCCCCCCCCHHHHHHHHHCCCCCCCCCCCCCCEEEEECHHCCCCCCCCCCCCCCCCCCCCCCCCCCCCCCCCCCCCCCCCCCEEEEEEEEEECCCCCCCCCCCCHHHHHCCCCCCCCEEEEECCCCCEEEEEEECCCCCEECCCCHHHHHCCCCHHHHHHHHHHHHHHHHCCCHHHHHHHHHHHHHHHHHHHHHHHHHHHHHHHHHHHCCEEEEECCCCCCCCHHHHHHHHHHHHHHHHHHHHHHHHCCCCCCCCCCCCCCHHHHHHCCHHHHHHHHHCCCEEEEECHHHCCCCCCCCCCCCCCCCCCCCHHHHHHHHHCCCCEEEECCCCEEEEEECHHHCCCCCCCCCCCEEEEECCCEEEEEECCCCCCCCCCEEECHHHHHHHHHHHCCCCCCCCCHHHHHHHCCCHHHHHHHHHHHHHHHHHHCCCCCCCCCCEEECCEECCCCCCCCCCCHHHHCCCCCCCCCCCCHHHHHHHHHHHHHHHHHHCCCCCCCCCCEEECHHHHHHHHHHHHCC
77,330,False,MSKGEELFTGVVPILVELDGDVNGHKFSVSGEGEGDATYGKLTLKFICTTGKLPVPWPTLVTTFSYGVQCFSRYPDHMKQHDFFKSAMPEGYVQERTIFFKDDGNYKTRAEVKFEGDTLVNRIELKGIDFKEDGNILGHKLEYNYNSHNVYIMADKQKNGIKVNFKIRHNIEDGSVQLADHYQQNTPIGDGPVLLPDNHYLSTQSALSKDPNEKRDHMVLLEFVTAAGITHGMDELYK,CCCCHHHCCCCCEEEEEEEEEECCEEEEEEEEEEECCCCEEEEEEEEEECCCCCCCHHHHHHHCCCCCEECCCCCCCCCCCCHHHHHCCCCCEEEEEEEEECCCEEEEEEEEEEECCEEEEEEEEEEECCCCCCCCCCCCCCCCCCCCCEEEEECCCCCCEEEEEEEEEECCCCCEEEEEEECCCCCCCCCCCCCCCCEEEEEEEEECCCCCCCCCCEEEEEEHHHCCCCCCCCCCCC
78,47,False,MVEKFVGTWKIADSHNFGEYLKAIGAPKELSDGGDATTPTLYISQKDGDKMTVKIENGPPTFLDTQVKFKLGEEFDEFPSDRRKGVKSVVNLVGEKLVYVQKWDGKETTYVREIKDGKLVVTLTMGDVVAVRSYRRATE,CCCCCCEEEEECEECCHHHHHHHCCCCHHHHHHHHHCCCEEEEEEECCCEEEEEEEECCCCEEEEEEEEECCCEEEEECCCCCCEEEEEEEEECCEEEEEEECCCCEEEEEEEEECCEEEEEEEECCEEEEEEEEECCC
79,122,False,MVSKGEEDNMASLPATHELHIFGSINGVDFDMVGQGTGNPNDGYEELNLKSTKGDLQFSPWILVPHIGYGFHQYLPYPDGMSPFQAAMVDGSGYQVHRTMQFEDGASLTVNYRYTYEGSHIKGEAQVKGTGFPADGPVMTNSLTAADWCRSKKTYPNDKTIISTFKWSYTTGNGKRYRSTARTTYTFAKPMAANYLKNQPMYVFRKTELKHSKTELNFKEWQKAFTDVMGMDELYK,CCCCCCHHCCCCCCEEEEEEEEEEECCEEEEEEEEEEECCCCCEEEEEEEECCCCCCCCHHHHHCHHCCCCCCCCCCCCCCCHHHHHHCCCCCCEEEEEEEECCCCEEEEEEEEEEECCEEEEEEEEEEECCCCCCCCCCCCCCCCCCCCCEEEECCCCEEEEEEEEEEEECCCCEEEEEEEEEEEECCCCCCHHHCCCCCCEEEEEEEEEECCCCCCEEEEEHHCCCCCCCCCCC
80,58,True,EEDNNAIIKEFMRFKVHMEGSVNGHEFEIEGEGEGHPYEGTQTAKLKVTKGGPLPFAWDILSPQFMYGSKAYVKHPADIPDYLKLSFPEGFTWERVMNFEDGGVVTVTQDSSLQDGEFIYKVKLLGTNFPSDGPVMQKKTNGWEASTERMYPEDGALKGEINQRLKLKDGGHYDAEVKTTYKAKKPVQLPGAYNVDIKLDITSHNEDYTIVEQYERAEGRHSTGG,CCCCCCCCCCCCEEEEEEEEEECCEEEEEEEEEEECCCCEEEEEEEEEECCCCCCCCHHHHHCHHCCCCEECCCCCCCCCHHHHHHCCCCEEEEEEEEECCCCEEEEEEEEEEECCEEEEEEEEEEECCCCCCCCCCCCCCCCCCCEEEEECCCCEEEEEEEEEEEECCCCEEEEEEEEEEECCCCCCCCCCEEEEEEEEECCCCCCCEEEEEEEEEEEEECCCC
81,345,False,IEKKKSFAKGMGVKSTLVSGSKVYMTTFAEGSDARLEKIVEGDSIRSVNEGEAFSAEMADKNAGYKIGNAKFSHPKGYAVVANNPLYTGPVQQDMLGLKETLEKRYFGESADGNDNICIQVIHNILDIEKILAEYITNAAYAVNNISGLDKDIIGFGKFSTVYTYDEFKDPEHHRAAFNNNDKLINAIKAQYDEFDNFLDNPRLGYFGQAFFSKEGRNYIINYGNECYDILALLSGLRHWVVHNNEEESRISRTWLYNLDKNLDNEYISTLNYLYDRITNELTNSFSKNSAANVNYIAETLGINPAEFAEQYFRFSIMKEQKNLGFNITKLREVMLDRKDMSEIRKNHKVFDSIRTKVYTMMDFVIYRYYIEEDAKVAAANKSLPDNEKSLSEKDIFVINLRGSFNDDQKDALYYDEANRIWRKLENIMHNIKEFRGNKTREYKKKDAPRLPRILPAGRDVSAFSKLMYALTMFLDGKEINDLLTTLINKFDNIQSFLKVMPLIGVNAKFVEEYAFFKDSAKIADELRLIKSFARMGEPIADARRAMYIDAIRILGTNLSYDELKALADTFSLDENGNKLKKGKHGMRNFIINNVISNKRFHYLIRYGDPAHLHEIAKNEAVVKFVLGRIADIQKKQGQNGKNQIDRYYETCIGKDKGKSVSEKVDALTKIITGMNYDQFDKKRSVIEDTGRENAEREKFKKIISLYLTVIYHILKNIVNINARYVIGFHCVERDAQLYKEKGYDINLKKLEEKGFSSVTKLCAGIDETAPDKRKDVEKEMAERAKESIDSLESANPKLYANYIKYSDEKKAEEFTRQINREKAKTALNAYLRNTKWNVIIREDLLRIDNKTCTLFRNKAVHLEVARYVHAYINDIAEVNSYFQLYHYIMQRIIMNERYEKSSGKVSEYFDAVNDEKKYNDRLLKLLCVPFGYCIPRFKNLSIEALFDRNEAAKFDKEKKKVSGNS,CCHHHHHHHHCCCEEEEEECCEEEEEEECCCCCCEEEEEECCCCCCCCCCCCHHHHHHHHHHCCCCCCCCCCCCCCCEEEECCCCCCCCCCCCCCCCCHHHHHHHHHCCCCCCCCCEEEEHHHHHHCHHHHHHHHHHHHHHHHHCCCCCCCCCCHHCCCEEEECCCCCCCHHHHHCCCCCCHHHHHHHHHHHHHHHHHHCCCCCCHHHHHEEECCCCCCEECCCCHHHHHHHHHHCCCEEEECCCCCCCCCCHHHHHHCCCCCCHHHHHHHHHHHHHHHHHHHHHHHHCCHHHHHHHHHHHCCCHHHHHHHHHHHHHHHHHCCCCCCHHHHHHHHHHCCCCCHHHHHHHCHHHHHHHHHHHHHHHHHHHHHHHHHHHHHHCCCCCCCCCCCCHHHHHHHHHHHCCCHHHCCHHHHHHHHHHHHHHHHHHHHHHHHCCHHHHHHHHHCCCCCCCCCCCCCCHHHHHHHHHHHHHHHCCHHHHHHHHHHHHHHHCHHHHHHHHHHHCCCEEEECCHHHCCCHHHHHHHHHHHHHHHHCCCCCHHHHHHHHHHHHHHHCCCCCHHHHHHHHHHCCCCCCCCCCCCCCCCCCCHHHHCEECCCCEEEEEECCCHHHHHHHHCCCHHHHHHHCCCCHHHHHCCCCCCCHHHHHHHHHCCCCCCCCHHHHHHHHHHHHHCCCHHHHCCCCCHHHCCCCHHHHHHHHHHHHHHHHHHHHHHHHHHHCCCCCEEEEEEEHHHCHHHHHHHCHHHHHHHHHHCCCCHHHHHHHHCCCCCCCCCHHHHHHHHHHHHHCHHCHHHCCHHHHHCCCCCCCHHHHHHHHHHHCHHHHHHHHHHHHHHCCCCEEHHHHHHHCCCHHHHHHHHHHHHHHHHHHHHHHHHHHHHHHHHHHHHHHHHHHHHHHHCHHHHCCCHHHHHHHHHHHCCHHHHHHHHHCCCCCCCCCCCCCCCHHHHCCCCCCCCCCHHHHCCCCCC
82,201,False,MSKGEELFTGVVPILVELDGDVNGHKFSVSGEGEGDATYGKLTLKFICTTGKLPVPWPTLVTTFSYGVQCFSRYPDHMKQHDFFKSAMPEGYVQERTIFFKDDGNYKTRAEVKFEGDTLVNRIELKGIDFKEDGNILGHKLEYNYNSHNVYIMADKQKNGIKVNFKIRHNIEDGSVQLADHYQQNTPIGDGPVLLPDNHYLSTQSALSKDPNEKRDHMVLLEFVTAAGITHGMDELYK,CCCCHHHCCCCCEEEEEEEEEECCEEEEEEEEEEECCCCEEEEEEEEEECCCCCCCHHHHHHHCCCCCEECCCCCCCCCCCCHHHHHCCCCCEEEEEEEEECCCEEEEEEEEEEECCEEEEEEEEEEECCCCCCCCCCCCCCCCCCCCCEEEEECCCCCCEEEEEEEEEECCCCCEEEEEEECCCCCCCCCCCCCCCCEEEEEEEEECCCCCCCCCCEEEEEEHHHCCCCCCCCCCCC
83,329,False,IEKKKSFAKGMGVKSTLVSGSKVYMTTFAEGSDARLEKIVEGDSIRSVNEGEAFSAEMADKNAGYKIGNAKFSHPKGYAVVANNPLYTGPVQQDMLGLKETLEKRYFGESADGNDNICIQVIHNILDIEKILAEYITNAAYAVNNISGLDKDIIGFGKFSTVYTYDEFKDPEHHRAAFNNNDKLINAIKAQYDEFDNFLDNPRLGYFGQAFFSKEGRNYIINYGNECYDILALLSGLRHWVVHNNEEESRISRTWLYNLDKNLDNEYISTLNYLYDRITNELTNSFSKNSAANVNYIAETLGINPAEFAEQYFRFSIMKEQKNLGFNITKLREVMLDRKDMSEIRKNHKVFDSIRTKVYTMMDFVIYRYYIEEDAKVAAANKSLPDNEKSLSEKDIFVINLRGSFNDDQKDALYYDEANRIWRKLENIMHNIKEFRGNKTREYKKKDAPRLPRILPAGRDVSAFSKLMYALTMFLDGKEINDLLTTLINKFDNIQSFLKVMPLIGVNAKFVEEYAFFKDSAKIADELRLIKSFARMGEPIADARRAMYIDAIRILGTNLSYDELKALADTFSLDENGNKLKKGKHGMRNFIINNVISNKRFHYLIRYGDPAHLHEIAKNEAVVKFVLGRIADIQKKQGQNGKNQIDRYYETCIGKDKGKSVSEKVDALTKIITGMNYDQFDKKRSVIEDTGRENAEREKFKKIISLYLTVIYHILKNIVNINARYVIGFHCVERDAQLYKEKGYDINLKKLEEKGFSSVTKLCAGIDETAPDKRKDVEKEMAERAKESIDSLESANPKLYANYIKYSDEKKAEEFTRQINREKAKTALNAYLRNTKWNVIIREDLLRIDNKTCTLFRNKAVHLEVARYVHAYINDIAEVNSYFQLYHYIMQRIIMNERYEKSSGKVSEYFDAVNDEKKYNDRLLKLLCVPFGYCIPRFKNLSIEALFDRNEAAKFDKEKKKVSGNS,CCHHHHHHHHCCCEEEEEECCEEEEEEECCCCCCEEEEEECCCCCCCCCCCCHHHHHHHHHHCCCCCCCCCCCCCCCEEEECCCCCCCCCCCCCCCCCHHHHHHHHHCCCCCCCCCEEEEHHHHHHCHHHHHHHHHHHHHHHHHCCCCCCCCCCHHCCCEEEECCCCCCCHHHHHCCCCCCHHHHHHHHHHHHHHHHHHCCCCCCHHHHHEEECCCCCCEECCCCHHHHHHHHHHCCCEEEECCCCCCCCCCHHHHHHCCCCCCHHHHHHHHHHHHHHHHHHHHHHHHCCHHHHHHHHHHHCCCHHHHHHHHHHHHHHHHHCCCCCCHHHHHHHHHHCCCCCHHHHHHHCHHHHHHHHHHHHHHHHHHHHHHHHHHHHHHCCCCCCCCCCCCHHHHHHHHHHHCCCHHHCCHHHHHHHHHHHHHHHHHHHHHHHHCCHHHHHHHHHCCCCCCCCCCCCCCHHHHHHHHHHHHHHHCCHHHHHHHHHHHHHHHCHHHHHHHHHHHCCCEEEECCHHHCCCHHHHHHHHHHHHHHHHCCCCCHHHHHHHHHHHHHHHCCCCCHHHHHHHHHHCCCCCCCCCCCCCCCCCCCHHHHCEECCCCEEEEEECCCHHHHHHHHCCCHHHHHHHCCCCHHHHHCCCCCCCHHHHHHHHHCCCCCCCCHHHHHHHHHHHHHCCCHHHHCCCCCHHHCCCCHHHHHHHHHHHHHHHHHHHHHHHHHHHCCCCCEEEEEEEHHHCHHHHHHHCHHHHHHHHHHCCCCHHHHHHHHCCCCCCCCCHHHHHHHHHHHHHCHHCHHHCCHHHHHCCCCCCCHHHHHHHHHHHCHHHHHHHHHHHHHHCCCCEEHHHHHHHCCCHHHHHHHHHHHHHHHHHHHHHHHHHHHHHHHHHHHHHHHHHHHHHHHCHHHHCCCHHHHHHHHHHHCCHHHHHHHHHCCCCCCCCCCCCCCCHHHHCCCCCCCCCCHHHHCCCCCC
84,137,False,MHHHHHHGSLLPATHELHIFGSINSLEFDLVGRGTGNPKEGYEELHLKSTKSALQFSPWILVPQIGYGFYQYLPFPDGAMSPFQAAMNDGSGYQVHRTMQFEDGATLTGIYRYTYEGTHIKGEFQVIGTGFPADGPVMTNSLTAADWCVTKIVYPNENTIIDKFDWTYTTTSGKRYQSNVRSNFTFAKPIAANILQKQPMFVFRKTELKHSKTELNFKEWQTAFSDVM,CCCCCCCCCCCCCCEEEEEEEEECCEEEEEEEEEEECCCCCEEEEEEEECCCCCCCCHHHHHHHHCCCCCCCCCCCCCCCCHHHHHHCCCCCEEEEEEEEECCCCEEEEEEEEEEECCEEEEEEEEEEECCCCCCCCCCCCCCCCCCCEEEEEECCCCEEEEEEEEEEEECCCCEEEEEEEEEEEECCCCCCHHCCCCCCCEEEEEEEEEEECCCCCEEEEEHHCCCC
85,95,True,EEDNNAIIKEFMRFKVHMEGSVNGHEFEIEGEGEGHPYEGTQTAKLKVTKGGPLPFAWDILSPQFMYGSKAYVKHPADIPDYLKLSFPEGFTWERVMNFEDGGVVTVTQDSSLQDGEFIYKVKLLGTNFPSDGPVMQKKTNGWEASTERMYPEDGALKGEINQRLKLKDGGHYDAEVKTTYKAKKPVQLPGAYNVDIKLDITSHNEDYTIVEQYERAEGRHSTGG,CCCCCCCCCCCCEEEEEEEEEECCEEEEEEEEEEECCCCEEEEEEEEEECCCCCCCCHHHHHCHHCCCCEECCCCCCCCCHHHHHHCCCCEEEEEEEEECCCCEEEEEEEEEEECCEEEEEEEEEEECCCCCCCCCCCCCCCCCCCEEEEECCCCEEEEEEEEEEEECCCCEEEEEEEEEEECCCCCCCCCCEEEEEEEEECCCCCCCEEEEEEEEEEEEECCCC
86,84,True,MVEKFVGTWKIADSHNFGEYLKAIGAPKELSDGGDATTPTLYISQKDGDKMTVKIENGPPTFLDTQVKFKLGEEFDEFPSDRRKGVKSVVNLVGEKLVYVQKWDGKETTYVREIKDGKLVVTLTMGDVVAVRSYRRATE,CCCCCCEEEEECEECCHHHHHHHCCCCHHHHHHHHHCCCEEEEEEECCCEEEEEEEECCCCEEEEEEEEECCCEEEEECCCCCCEEEEEEEEECCEEEEEEECCCCEEEEEEEEECCEEEEEEEECCEEEEEEEEECCC
87,158,True,MSKGEELFTGVVPILVELDGDVNGHKFSVSGEGEGDATYGKLTLKFICTTGKLPVPWPTLVTTFSYGVQCFSRYPDHMKQHDFFKSAMPEGYVQERTIFFKDDGNYKTRAEVKFEGDTLVNRIELKGIDFKEDGNILGHKLEYNYNSHNVYIMADKQKNGIKVNFKIRHNIEDGSVQLADHYQQNTPIGDGPVLLPDNHYLSTQSALSKDPNEKRDHMVLLEFVTAAGITHGMDELYK,CCCCHHHCCCCCEEEEEEEEEECCEEEEEEEEEEECCCCEEEEEEEEEECCCCCCCHHHHHHHCCCCCEECCCCCCCCCCCCHHHHHCCCCCEEEEEEEEECCCEEEEEEEEEEECCEEEEEEEEEEECCCCCCCCCCCCCCCCCCCCCEEEEECCCCCCEEEEEEEEEECCCCCEEEEEEECCCCCCCCCCCCCCCCEEEEEEEEECCCCCCCCCCEEEEEEHHHCCCCCCCCCCCC
88,68,False,EEDNNAIIKEFMRFKVHMEGSVNGHEFEIEGEGEGHPYEGTQTAKLKVTKGGPLPFAWDILSPQFMYGSKAYVKHPADIPDYLKLSFPEGFTWERVMNFEDGGVVTVTQDSSLQDGEFIYKVKLLGTNFPSDGPVMQKKTNGWEASTERMYPEDGALKGEINQRLKLKDGGHYDAEVKTTYKAKKPVQLPGAYNVDIKLDITSHNEDYTIVEQYERAEGRHSTGG,CCCCCCCCCCCCEEEEEEEEEECCEEEEEEEEEEECCCCEEEEEEEEEECCCCCCCCHHHHHCHHCCCCEECCCCCCCCCHHHHHHCCCCEEEEEEEEECCCCEEEEEEEEEEECCEEEEEEEEEEECCCCCCCCCCCCCCCCCCCEEEEECCCCEEEEEEEEEEEECCCCEEEEEEEEEEECCCCCCCCCCEEEEEEEEECCCCCCCEEEEEEEEEEEEECCCC
89,172,True,MVSKGEELFTGVVPILVELDGDVNGHKFSVSGEGEGDATYGKLTLKFICTTGKLPVPWPTLVTTFGYGLQCFARYPDHMKQHDFFKSAMPEGYVQERTIFFKDDGNYKTRAEVKFEGDTLVNRIELKGIDFKEDGNILGHKLEYNYNSHNVYIMADKQKNGIKVNFKIRHNIEDGSVQLADHYQQNTPIGDGPVLLPDNHYLSYQSALSKDPNEKRDHMVLLEFVTAAGITLGMDELYK,CCCCHHHHCCCCCCEEEEEEEEECCEEEEEEEEEEECCCCEEEEEEEEEECCCCCCCHHHHHCCCCCCCEEECCCCCCCCCCCHHHHHCCCCCEEEEEEEEECCCEEEEEEEEEEECCEEEEEEEEEEECCCCCCCCCCCEEEECCCCCCEEEECCCCCCCEEEEEEEEEECCCCCEEEEEEECCCCCCCCCCCCCCCCEEEEEEEEECCCCCCCCCCEEEEEEHHHCCCCCCCCCCCC
90,193,True,MSKGEELFTGVVPILVELDGDVNGHKFSVSGEGEGDATYGKLTLKFICTTGKLPVPWPTLVTTFSYGVQCFSRYPDHMKQHDFFKSAMPEGYVQERTIFFKDDGNYKTRAEVKFEGDTLVNRIELKGIDFKEDGNILGHKLEYNYNSHNVYIMADKQKNGIKVNFKIRHNIEDGSVQLADHYQQNTPIGDGPVLLPDNHYLSTQSALSKDPNEKRDHMVLLEFVTAAGITHGMDELYK,CCCCHHHCCCCCEEEEEEEEEECCEEEEEEEEEEECCCCEEEEEEEEEECCCCCCCHHHHHHHCCCCCEECCCCCCCCCCCCHHHHHCCCCCEEEEEEEEECCCEEEEEEEEEEECCEEEEEEEEEEECCCCCCCCCCCCCCCCCCCCCEEEEECCCCCCEEEEEEEEEECCCCCEEEEEEECCCCCCCCCCCCCCCCEEEEEEEEECCCCCCCCCCEEEEEEHHHCCCCCCCCCCCC
91,213,True,MVSKGEEDNMASLPATHELHIFGSINGVDFDMVGQGTGNPNDGYEELNLKSTKGDLQFSPWILVPHIGYGFHQYLPYPDGMSPFQAAMVDGSGYQVHRTMQFEDGASLTVNYRYTYEGSHIKGEAQVKGTGFPADGPVMTNSLTAADWCRSKKTYPNDKTIISTFKWSYTTGNGKRYRSTARTTYTFAKPMAANYLKNQPMYVFRKTELKHSKTELNFKEWQKAFTDVMGMDELYK,CCCCCCHHCCCCCCEEEEEEEEEEECCEEEEEEEEEEECCCCCEEEEEEEECCCCCCCCHHHHHCHHCCCCCCCCCCCCCCCHHHHHHCCCCCCEEEEEEEECCCCEEEEEEEEEEECCEEEEEEEEEEECCCCCCCCCCCCCCCCCCCCCEEEECCCCEEEEEEEEEEEECCCCEEEEEEEEEEEECCCCCCHHHCCCCCCEEEEEEEEEECCCCCCEEEEEHHCCCCCCCCCCC
92,54,False,MVAGHASGSPAFGTASHSNCEHEEIHLAGSIQPHGALLVVSEHDHRVIQASANAAEFLNLGSVLGVPLAEIDGDLLIKILPHLDPTAEGMPVAVRCRIGNPSTEYCGLMHRPPEGGLIIELERAGPSIDLSGTLAPALERIRTAGSLRALCDDTVLLFQQCTGYDRVMVYRFDEQGHGLVFSECHVPGLESYFGNRYPSSTVPQMARQLYVRQRVRVLVDVTYQPVPLEPRLSPLTGRDLDMSGCFLRSMSPCHLQFLKDMGVRATLAVSLVVGGKLWGLVVCHHYLPRFIRFELRAICKRLAERIATRITALES,CCCCCCCCCCCCCCCCCCHHHCCCCCCCCCCCCCEEEEEEECCCCEEEEEECCHHHHCCCHHHCCCCHHHHCCHHHHHHHHCCCCCCCCCCCEEEEEECCCCCEEEEEEEECCCCEEEEEEEECCCCCCHHHHHHHHHHHHHHCCCHHHHHHHHHHHHHHHHCCCCEEEEEECCCCCEEEEEEEECCCCCCCCCCCCCCCCCCHHHHHHHHHCCCEEECCCCCCCCCCCCCCCCCCCCCCCCCCCCCCCCCHHHHHHHHHCCCCCEEEEEEEECCEEEEEEECCCCCCCCCCHHHHHHHHHHHHHHHHHHHHHHC
93,48,False,MVSELIKENMPMKLYMEGTVNNHHFKCTSEGEGKPYEGTQTMRIKVVEGGPLPFAFDILATSFMYGSRTFIKHPPGIPDFFKQSFPEGFTWERVTTYEDGGVLTATQDTSLQDGCLIYNVKVRGVNFPANGPVMQKKTLGWEASTETMYPADGGLEGACDMALKLVGGGHLICNLETTYRSKKPATNLKMPGVYNVDHRLERIKEADDETYVEQHEVAVARYSTGGAGDGGK,CCCCCCCCCCCEEEEEEEEECCEEEEEEEEEEECCCCCEEEEEEEEECCCCCCCCHHHHHCHHCCCCCCCCCCCCCCCCHHHHHCCCCCEEEEEEEECCCCEEEEEEEEEEECCEEEEEEEEEEECCCCCCCCCCCCCCCCCCCEEEEECCCCEEEEEEEEEEEECCCCEEEEEEEEEEEECCCCCCCCCCCCCEEEEEEEEEECCCCCCEEEEEEEEEEECCCCCCCCCCC
94,323,False,MSKGEELFTGVVPILVELDGDVNGHKFSVSGEGEGDATYGKLTLKFICTTGKLPVPWPTLVTTFSYGVQCFSRYPDHMKQHDFFKSAMPEGYVQERTIFFKDDGNYKTRAEVKFEGDTLVNRIELKGIDFKEDGNILGHKLEYNYNSHNVYIMADKQKNGIKVNFKIRHNIEDGSVQLADHYQQNTPIGDGPVLLPDNHYLSTQSALSKDPNEKRDHMVLLEFVTAAGITHGMDELYK,CCCCHHHCCCCCEEEEEEEEEECCEEEEEEEEEEECCCCEEEEEEEEEECCCCCCCHHHHHHHCCCCCEECCCCCCCCCCCCHHHHHCCCCCEEEEEEEEECCCEEEEEEEEEEECCEEEEEEEEEEECCCCCCCCCCCCCCCCCCCCCEEEEECCCCCCEEEEEEEEEECCCCCEEEEEEECCCCCCCCCCCCCCCCEEEEEEEEECCCCCCCCCCEEEEEEHHHCCCCCCCCCCCC
95,311,False,IEKKKSFAKGMGVKSTLVSGSKVYMTTFAEGSDARLEKIVEGDSIRSVNEGEAFSAEMADKNAGYKIGNAKFSHPKGYAVVANNPLYTGPVQQDMLGLKETLEKRYFGESADGNDNICIQVIHNILDIEKILAEYITNAAYAVNNISGLDKDIIGFGKFSTVYTYDEFKDPEHHRAAFNNNDKLINAIKAQYDEFDNFLDNPRLGYFGQAFFSKEGRNYIINYGNECYDILALLSGLRHWVVHNNEEESRISRTWLYNLDKNLDNEYISTLNYLYDRITNELTNSFSKNSAANVNYIAETLGINPAEFAEQYFRFSIMKEQKNLGFNITKLREVMLDRKDMSEIRKNHKVFDSIRTKVYTMMDFVIYRYYIEEDAKVAAANKSLPDNEKSLSEKDIFVINLRGSFNDDQKDALYYDEANRIWRKLENIMHNIKEFRGNKTREYKKKDAPRLPRILPAGRDVSAFSKLMYALTMFLDGKEINDLLTTLINKFDNIQSFLKVMPLIGVNAKFVEEYAFFKDSAKIADELRLIKSFARMGEPIADARRAMYIDAIRILGTNLSYDELKALADTFSLDENGNKLKKGKHGMRNFIINNVISNKRFHYLIRYGDPAHLHEIAKNEAVVKFVLGRIADIQKKQGQNGKNQIDRYYETCIGKDKGKSVSEKVDALTKIITGMNYDQFDKKRSVIEDTGRENAEREKFKKIISLYLTVIYHILKNIVNINARYVIGFHCVERDAQLYKEKGYDINLKKLEEKGFSSVTKLCAGIDETAPDKRKDVEKEMAERAKESIDSLESANPKLYANYIKYSDEKKAEEFTRQINREKAKTALNAYLRNTKWNVIIREDLLRIDNKTCTLFRNKAVHLEVARYVHAYINDIAEVNSYFQLYHYIMQRIIMNERYEKSSGKVSEYFDAVNDEKKYNDRLLKLLCVPFGYCIPRFKNLSIEALFDRNEAAKFDKEKKKVSGNS,CCHHHHHHHHCCCEEEEEECCEEEEEEECCCCCCEEEEEECCCCCCCCCCCCHHHHHHHHHHCCCCCCCCCCCCCCCEEEECCCCCCCCCCCCCCCCCHHHHHHHHHCCCCCCCCCEEEEHHHHHHCHHHHHHHHHHHHHHHHHCCCCCCCCCCHHCCCEEEECCCCCCCHHHHHCCCCCCHHHHHHHHHHHHHHHHHHCCCCCCHHHHHEEECCCCCCEECCCCHHHHHHHHHHCCCEEEECCCCCCCCCCHHHHHHCCCCCCHHHHHHHHHHHHHHHHHHHHHHHHCCHHHHHHHHHHHCCCHHHHHHHHHHHHHHHHHCCCCCCHHHHHHHHHHCCCCCHHHHHHHCHHHHHHHHHHHHHHHHHHHHHHHHHHHHHHCCCCCCCCCCCCHHHHHHHHHHHCCCHHHCCHHHHHHHHHHHHHHHHHHHHHHHHCCHHHHHHHHHCCCCCCCCCCCCCCHHHHHHHHHHHHHHHCCHHHHHHHHHHHHHHHCHHHHHHHHHHHCCCEEEECCHHHCCCHHHHHHHHHHHHHHHHCCCCCHHHHHHHHHHHHHHHCCCCCHHHHHHHHHHCCCCCCCCCCCCCCCCCCCHHHHCEECCCCEEEEEECCCHHHHHHHHCCCHHHHHHHCCCCHHHHHCCCCCCCHHHHHHHHHCCCCCCCCHHHHHHHHHHHHHCCCHHHHCCCCCHHHCCCCHHHHHHHHHHHHHHHHHHHHHHHHHHHCCCCCEEEEEEEHHHCHHHHHHHCHHHHHHHHHHCCCCHHHHHHHHCCCCCCCCCHHHHHHHHHHHHHCHHCHHHCCHHHHHCCCCCCCHHHHHHHHHHHCHHHHHHHHHHHHHHCCCCEEHHHHHHHCCCHHHHHHHHHHHHHHHHHHHHHHHHHHHHHHHHHHHHHHHHHHHHHHHCHHHHCCCHHHHHHHHHHHCCHHHHHHHHHCCCCCCCCCCCCCCCHHHHCCCCCCCCCCHHHHCCCCCC
96,307,False,MSKGEELFTGVVPILVELDGDVNGHKFSVSGEGEGDATYGKLTLKFICTTGKLPVPWPTLVTTFSYGVQCFSRYPDHMKQHDFFKSAMPEGYVQERTIFFKDDGNYKTRAEVKFEGDTLVNRIELKGIDFKEDGNILGHKLEYNYNSHNVYIMADKQKNGIKVNFKIRHNIEDGSVQLADHYQQNTPIGDGPVLLPDNHYLSTQSALSKDPNEKRDHMVLLEFVTAAGITHGMDELYK,CCCCHHHCCCCCEEEEEEEEEECCEEEEEEEEEEECCCCEEEEEEEEEECCCCCCCHHHHHHHCCCCCEECCCCCCCCCCCCHHHHHCCCCCEEEEEEEEECCCEEEEEEEEEEECCEEEEEEEEEEECCCCCCCCCCCCCCCCCCCCCEEEEECCCCCCEEEEEEEEEECCCCCEEEEEEECCCCCCCCCCCCCCCCEEEEEEEEECCCCCCCCCCEEEEEEHHHCCCCCCCCCCCC
97,156,True,MVSKGEELFTGVVPILVELDGDVNGHKFSVSGEGEGDATYGKLTLKFICTTGKLPVPWPTLVTTFGYGLQCFARYPDHMKQHDFFKSAMPEGYVQERTIFFKDDGNYKTRAEVKFEGDTLVNRIELKGIDFKEDGNILGHKLEYNYNSHNVYIMADKQKNGIKVNFKIRHNIEDGSVQLADHYQQNTPIGDGPVLLPDNHYLSYQSALSKDPNEKRDHMVLLEFVTAAGITLGMDELYK,CCCCHHHHCCCCCCEEEEEEEEECCEEEEEEEEEEECCCCEEEEEEEEEECCCCCCCHHHHHCCCCCCCEEECCCCCCCCCCCHHHHHCCCCCEEEEEEEEECCCEEEEEEEEEEECCEEEEEEEEEEECCCCCCCCCCCEEEECCCCCCEEEECCCCCCCEEEEEEEEEECCCCCEEEEEEECCCCCCCCCCCCCCCCEEEEEEEEECCCCCCCCCCEEEEEEHHHCCCCCCCCCCCC
98,476,False,MSKLEKFTNCYSLSKTLRFKAIPVGKTQENIDNKRLLVEDEKRAEDYKGVKKLLDRYYLSFINDVLHSIKLKNLNNYISLFRKKTRTEKENKELENLEINLRKEIAKAFKGNEGYKSLFKKDIIETILPEFLDDKDEIALVNSFNGFTTAFTGFFDNRENMFSEEAKSTSIAFRCINENLTRYISNMDIFEKVDAIFDKHEVQEIKEKILNSDYDVEDFFEGEFFNFVLTQEGIDVYNAIIGGFVTESGEKIKGLNEYINLYNQKTKQKLPKFKPLYKQVLSDRESLSFYGEGYTSDEEVLEVFRNTLNKNSEIFSSIKKLEKLFKNFDEYSSAGIFVKNGPAISTISKDIFGEWNVIRDKWNAEYDDIHLKKKAVVTEKYEDDRRKSFKKIGSFSLEQLQEYADADLSVVEKLKEIIIQKVDEIYKVYGSSEKLFDADFVLEKSLKKNDAVVAIMKDLLDSVKSFENYIKAFFGEGKETNRDESFYGDFVLAYDILLKVDHIYDAIRNYVTQKPYSKDKFKLYFQNPQFMGGWDKDKETDYRATILRYGSKYYLAIMDKKYAKCLQKIDKDDVNGNYEKINYKLLPGPNKMLPKVFFSKKWMAYYNPSEDIQKIYKNGTFKKGDMFNLNDCHKLIDFFKDSISRYPKWSNAYDFNFSETEKYKDIAGFYREVEEQGYKVSFESASKKEVDKLVEEGKLYMFQIYNKDFSDKSHGTPNLHTMYFKLLFDENNHGQIRLSGGAELFMRRASLKKEELVVHPANSPIANKNPDNPKKTTTLSYDVYKDKRFSEDQYELHIPIAINKCPKNIFKINTEVRVLLKHDDNPYVIGIDRGERNLLYIVVVDGKGNIVEQYSLNEIINNFNGIRIKTDYHSLLDKKEKERFEARQNWTSIENIKELKAGYISQVVHKICELVEKYDAVIALEDLNSGFKNSRVKVEKQVYQKFEKMLIDKLNYMVDKKSNPCATGGALKGYQITNKFESFKSMSTQNGFIFYIPAWLTSKIDPSTGFVNLLKTKYTSIADSKKFISSFDRIMYVPEEDLFEFALDYKNFSRTDADYIKKWKLYSYGNRIRIFRNPKKNNVFDWEEVCLTSAYKELFNKYGINYQQGDIRALLCEQSDKAFYSSFMALMSLMLQMRNSITGRTDVDFLISPVKNSDGIFYDSRNYEAQENAILPKNADANGAYNIARKVLWAIGQFKKAEDEKLDKVKIAISNKEWLEYAQTSVKH,CCHHHHHCCCCCCCCEEEEEEEECCCHHHHHHHCCCCHHHHHHHHHHHHHHHHHHHHHHHHHHHHHHCCCCCCHHHHHHHHHHHCCCHHHHHHHHHHHHHHHHHHHHHHCCCCCCHHHCCHHHHHHHHHHCCCCHHHHHHHHHHCCCCHHHHHHHHHHHHCCCCCHHHHCHHHHHHHHHHHHHHHHHHHHHHHHHHCCHHHHHHHHHHHHCCCCCHHHHCCHHHHHHCCCHHCHHHHHHHHCCCCCCCCCCCCCHHHHHHHHHHHCCCCCCCCHHHHCCCCCCCCCCCCCCCCCCCHHHHHHHHHHHHHHHHHHHHHHHHHHHHHHHHHHCCCCCEEEECCHHHHHHHHHHHCCHHHHHHHHHHHHHHHHHCCHHHCCCCCHHHHHHHHCCCCCCCHHHHHHHHHHCHHHHHHHHHHHHHHHHHHHHHHHHHHHHHCCCHHHHHHHCCCHHHHHHHHHHHHHHHHHHHHHHHHHCCCCCCCCCCCCCCCHHHHHHHHHHHHHHHHHHHHHCCCCCCCCCCEECCCCCCCCCCCCCCCCCCCCEEEEEEECCEEEEEEEEHHHHHHHHHHCCCCCCCCEEEEEHHHCCCCCCCCCEEECCHHHHHHCCCCHHHHHHHHCCCCCCCCCCCHHHHHHHHHHHHHHHHHCCHHHHHCCCCCCCCHHCCCHHHHHHHHHHCCEEEEEEECCHHHHHHHHHCCCEEEEEEEECCCCCCCCCCCCCHHHHHHHHHCCCCCCCCCCCCCCEEEEECHHCCCCCCCCCCCCCCCCCCCCCCCCCCCCCCCCCCCCCCCCCCEEEEEEEEEECCCCCCCCCCCCHHHHHCCCCCCCCEEEEECCCCCEEEEEEECCCCCEECCCCHHHHHCCCCHHHHHHHHHHHHHHHHCCCHHHHHHHHHHHHHHHHHHHHHHHHHHHHHHHHHHHCCEEEEECCCCCCCCHHHHHHHHHHHHHHHHHHHHHHHHCCCCCCCCCCCCCCHHHHHHCCHHHHHHHHHCCCEEEEECHHHCCCCCCCCCCCCCCCCCCCCHHHHHHHHHCCCCEEEECCCCEEEEEECHHHCCCCCCCCCCCEEEEECCCEEEEEECCCCCCCCCCEEECHHHHHHHHHHHCCCCCCCCCHHHHHHHCCCHHHHHHHHHHHHHHHHHHCCCCCCCCCCEEECCEECCCCCCCCCCCHHHHCCCCCCCCCCCCHHHHHHHHHHHHHHHHHHCCCCCCCCCCEEECHHHHHHHHHHHHCC
99,150,False,MSKGEELFTGVVPILVELDGDVNGHKFSVSGEGEGDATYGKLTLKFICTTGKLPVPWPTLVTTFSYGVQCFSRYPDHMKQHDFFKSAMPEGYVQERTIFFKDDGNYKTRAEVKFEGDTLVNRIELKGIDFKEDGNILGHKLEYNYNSHNVYIMADKQKNGIKVNFKIRHNIEDGSVQLADHYQQNTPIGDGPVLLPDNHYLSTQSALSKDPNEKRDHMVLLEFVTAAGITHGMDELYK,CCCCHHHCCCCCEEEEEEEEEECCEEEEEEEEEEECCCCEEEEEEEEEECCCCCCCHHHHHHHCCCCCEECCCCCCCCCCCCHHHHHCCCCCEEEEEEEEECCCEEEEEEEEEEECCEEEEEEEEEEECCCCCCCCCCCCCCCCCCCCCEEEEECCCCCCEEEEEEEEEECCCCCEEEEEEECCCCCCCCCCCCCCCCEEEEEEEEECCCCCCCCCCEEEEEEHHHCCCCCCCCCCCC
100,214,True,MVSKGEELFTGVVPILVELDGDVNGHKFSVSGEGEGDATYGKLTLKFICTTGKLPVPWPTLVTTLTWGVQCFARYPDHMKQHDFFKSAMPEGYVQERTIFFKDDGNYKTRAEVKFEGDTLVNRIELKGIDFKEDGNILGHKLEYNYISHNVYITADKQKNGIKANFKIRHNIEDGGVQLADHYQQNTPIGDGPVLLPDNHYLSTQSKLSKDPNEKRDHMVLLEFVTAAGITLGMDELYK,CCCCHHHHCCCCCCEEEEEEEEECCEEEEEEEEEEECCCCEEEEEEEEEECCCCCCCHHHHHHHHCCCCCCCCCCCCCCCCCCHHHHHCCCCEEEEEEEEEECCCEEEEEEEEEEECCEEEEEEEEEEECCCCCCCCCCCCCCCCCCCCCEEEEECCCCCEEEEEEEEEEEECCCCEEEEEEEEEEEECCCCCCCCCCCEEEEEEEEECCCCCCCCCCEEEEEHHHHCCCCCCCCCCCC
101,101,False,MVSKGEEDNMASLPATHELHIFGSINGVDFDMVGQGTGNPNDGYEELNLKSTKGDLQFSPWILVPHIGYGFHQYLPYPDGMSPFQAAMVDGSGYQVHRTMQFEDGASLTVNYRYTYEGSHIKGEAQVKGTGFPADGPVMTNSLTAADWCRSKKTYPNDKTIISTFKWSYTTGNGKRYRSTARTTYTFAKPMAANYLKNQPMYVFRKTELKHSKTELNFKEWQKAFTDVMGMDELYK,CCCCCCHHCCCCCCEEEEEEEEEEECCEEEEEEEEEEECCCCCEEEEEEEECCCCCCCCHHHHHCHHCCCCCCCCCCCCCCCHHHHHHCCCCCCEEEEEEEECCCCEEEEEEEEEEECCEEEEEEEEEEECCCCCCCCCCCCCCCCCCCCCEEEECCCCEEEEEEEEEEEECCCCEEEEEEEEEEEECCCCCCHHHCCCCCCEEEEEEEEEECCCCCCEEEEEHHCCCCCCCCCCC
102,607,True,MSKLEKFTNCYSLSKTLRFKAIPVGKTQENIDNKRLLVEDEKRAEDYKGVKKLLDRYYLSFINDVLHSIKLKNLNNYISLFRKKTRTEKENKELENLEINLRKEIAKAFKGNEGYKSLFKKDIIETILPEFLDDKDEIALVNSFNGFTTAFTGFFDNRENMFSEEAKSTSIAFRCINENLTRYISNMDIFEKVDAIFDKHEVQEIKEKILNSDYDVEDFFEGEFFNFVLTQEGIDVYNAIIGGFVTESGEKIKGLNEYINLYNQKTKQKLPKFKPLYKQVLSDRESLSFYGEGYTSDEEVLEVFRNTLNKNSEIFSSIKKLEKLFKNFDEYSSAGIFVKNGPAISTISKDIFGEWNVIRDKWNAEYDDIHLKKKAVVTEKYEDDRRKSFKKIGSFSLEQLQEYADADLSVVEKLKEIIIQKVDEIYKVYGSSEKLFDADFVLEKSLKKNDAVVAIMKDLLDSVKSFENYIKAFFGEGKETNRDESFYGDFVLAYDILLKVDHIYDAIRNYVTQKPYSKDKFKLYFQNPQFMGGWDKDKETDYRATILRYGSKYYLAIMDKKYAKCLQKIDKDDVNGNYEKINYKLLPGPNKMLPKVFFSKKWMAYYNPSEDIQKIYKNGTFKKGDMFNLNDCHKLIDFFKDSISRYPKWSNAYDFNFSETEKYKDIAGFYREVEEQGYKVSFESASKKEVDKLVEEGKLYMFQIYNKDFSDKSHGTPNLHTMYFKLLFDENNHGQIRLSGGAELFMRRASLKKEELVVHPANSPIANKNPDNPKKTTTLSYDVYKDKRFSEDQYELHIPIAINKCPKNIFKINTEVRVLLKHDDNPYVIGIDRGERNLLYIVVVDGKGNIVEQYSLNEIINNFNGIRIKTDYHSLLDKKEKERFEARQNWTSIENIKELKAGYISQVVHKICELVEKYDAVIALEDLNSGFKNSRVKVEKQVYQKFEKMLIDKLNYMVDKKSNPCATGGALKGYQITNKFESFKSMSTQNGFIFYIPAWLTSKIDPSTGFVNLLKTKYTSIADSKKFISSFDRIMYVPEEDLFEFALDYKNFSRTDADYIKKWKLYSYGNRIRIFRNPKKNNVFDWEEVCLTSAYKELFNKYGINYQQGDIRALLCEQSDKAFYSSFMALMSLMLQMRNSITGRTDVDFLISPVKNSDGIFYDSRNYEAQENAILPKNADANGAYNIARKVLWAIGQFKKAEDEKLDKVKIAISNKEWLEYAQTSVKH,CCHHHHHCCCCCCCCEEEEEEEECCCHHHHHHHCCCCHHHHHHHHHHHHHHHHHHHHHHHHHHHHHHCCCCCCHHHHHHHHHHHCCCHHHHHHHHHHHHHHHHHHHHHHCCCCCCHHHCCHHHHHHHHHHCCCCHHHHHHHHHHCCCCHHHHHHHHHHHHCCCCCHHHHCHHHHHHHHHHHHHHHHHHHHHHHHHHCCHHHHHHHHHHHHCCCCCHHHHCCHHHHHHCCCHHCHHHHHHHHCCCCCCCCCCCCCHHHHHHHHHHHCCCCCCCCHHHHCCCCCCCCCCCCCCCCCCCHHHHHHHHHHHHHHHHHHHHHHHHHHHHHHHHHHCCCCCEEEECCHHHHHHHHHHHCCHHHHHHHHHHHHHHHHHCCHHHCCCCCHHHHHHHHCCCCCCCHHHHHHHHHHCHHHHHHHHHHHHHHHHHHHHHHHHHHHHHCCCHHHHHHHCCCHHHHHHHHHHHHHHHHHHHHHHHHHCCCCCCCCCCCCCCCHHHHHHHHHHHHHHHHHHHHHCCCCCCCCCCEECCCCCCCCCCCCCCCCCCCCEEEEEEECCEEEEEEEEHHHHHHHHHHCCCCCCCCEEEEEHHHCCCCCCCCCEEECCHHHHHHCCCCHHHHHHHHCCCCCCCCCCCHHHHHHHHHHHHHHHHHCCHHHHHCCCCCCCCHHCCCHHHHHHHHHHCCEEEEEEECCHHHHHHHHHCCCEEEEEEEECCCCCCCCCCCCCHHHHHHHHHCCCCCCCCCCCCCCEEEEECHHCCCCCCCCCCCCCCCCCCCCCCCCCCCCCCCCCCCCCCCCCCEEEEEEEEEECCCCCCCCCCCCHHHHHCCCCCCCCEEEEECCCCCEEEEEEECCCCCEECCCCHHHHHCCCCHHHHHHHHHHHHHHHHCCCHHHHHHHHHHHHHHHHHHHHHHHHHHHHHHHHHHHCCEEEEECCCCCCCCHHHHHHHHHHHHHHHHHHHHHHHHCCCCCCCCCCCCCCHHHHHHCCHHHHHHHHHCCCEEEEECHHHCCCCCCCCCCCCCCCCCCCCHHHHHHHHHCCCCEEEECCCCEEEEEECHHHCCCCCCCCCCCEEEEECCCEEEEEECCCCCCCCCCEEECHHHHHHHHHHHCCCCCCCCCHHHHHHHCCCHHHHHHHHHHHHHHHHHHCCCCCCCCCCEEECCEECCCCCCCCCCCHHHHCCCCCCCCCCCCHHHHHHHHHHHHHHHHHHCCCCCCCCCCEEECHHHHHHHHHHHHCC
103,169,False,MSKGEELFTGVVPILVELDGDVNGHKFSVSGEGEGDATYGKLTLKFICTTGKLPVPWPTLVTTFSYGVQCFSRYPDHMKQHDFFKSAMPEGYVQERTIFFKDDGNYKTRAEVKFEGDTLVNRIELKGIDFKEDGNILGHKLEYNYNSHNVYIMADKQKNGIKVNFKIRHNIEDGSVQLADHYQQNTPIGDGPVLLPDNHYLSTQSALSKDPNEKRDHMVLLEFVTAAGITHGMDELYK,CCCCHHHCCCCCEEEEEEEEEECCEEEEEEEEEEECCCCEEEEEEEEEECCCCCCCHHHHHHHCCCCCEECCCCCCCCCCCCHHHHHCCCCCEEEEEEEEECCCEEEEEEEEEEECCEEEEEEEEEEECCCCCCCCCCCCCCCCCCCCCEEEEECCCCCCEEEEEEEEEECCCCCEEEEEEECCCCCCCCCCCCCCCCEEEEEEEEECCCCCCCCCCEEEEEEHHHCCCCCCCCCCCC
