,Split Site,Sequence,Secondary
0,157,MSKGEELFTGVVPILVELDGDVNGHKFSVSGEGEGDATYGKLTLKFICTTGKLPVPWPTLVTTFSYGVQCFSRYPDHMKQHDFFKSAMPEGYVQERTIFFKDDGNYKTRAEVKFEGDTLVNRIELKGIDFKEDGNILGHKLEYNYNSHNVYIMADKQKNGIKVNFKIRHNIEDGSVQLADHYQQNTPIGDGPVLLPDNHYLSTQSALSKDPNEKRDHMVLLEFVTAAGITHGMDELYK,CCCCHHHCCCCCEEEEEEEEEECCEEEEEEEEEEECCCCEEEEEEEEEECCCCCCCHHHHHHHCCCCCEECCCCCCCCCCCCHHHHHCCCCCEEEEEEEEECCCEEEEEEEEEEECCEEEEEEEEEEECCCCCCCCCCCCCCCCCCCCCEEEEECCCCCCEEEEEEEEEECCCCCEEEEEEECCCCCCCCCCCCCCCCEEEEEEEEECCCCCCCCCCEEEEEEHHHCCCCCCCCCCCC
1,158,MSKGEELFTGVVPILVELDGDVNGHKFSVSGEGEGDATYGKLTLKFICTTGKLPVPWPTLVTTFSYGVQCFSRYPDHMKQHDFFKSAMPEGYVQERTIFFKDDGNYKTRAEVKFEGDTLVNRIELKGIDFKEDGNILGHKLEYNYNSHNVYIMADKQKNGIKVNFKIRHNIEDGSVQLADHYQQNTPIGDGPVLLPDNHYLSTQSALSKDPNEKRDHMVLLEFVTAAGITHGMDELYK,CCCCHHHCCCCCEEEEEEEEEECCEEEEEEEEEEECCCCEEEEEEEEEECCCCCCCHHHHHHHCCCCCEECCCCCCCCCCCCHHHHHCCCCCEEEEEEEEECCCEEEEEEEEEEECCEEEEEEEEEEECCCCCCCCCCCCCCCCCCCCCEEEEECCCCCCEEEEEEEEEECCCCCEEEEEEECCCCCCCCCCCCCCCCEEEEEEEEECCCCCCCCCCEEEEEEHHHCCCCCCCCCCCC
2,193,MSKGEELFTGVVPILVELDGDVNGHKFSVSGEGEGDATYGKLTLKFICTTGKLPVPWPTLVTTFSYGVQCFSRYPDHMKQHDFFKSAMPEGYVQERTIFFKDDGNYKTRAEVKFEGDTLVNRIELKGIDFKEDGNILGHKLEYNYNSHNVYIMADKQKNGIKVNFKIRHNIEDGSVQLADHYQQNTPIGDGPVLLPDNHYLSTQSALSKDPNEKRDHMVLLEFVTAAGITHGMDELYK,CCCCHHHCCCCCEEEEEEEEEECCEEEEEEEEEEECCCCEEEEEEEEEECCCCCCCHHHHHHHCCCCCEECCCCCCCCCCCCHHHHHCCCCCEEEEEEEEECCCEEEEEEEEEEECCEEEEEEEEEEECCCCCCCCCCCCCCCCCCCCCEEEEECCCCCCEEEEEEEEEECCCCCEEEEEEECCCCCCCCCCCCCCCCEEEEEEEEECCCCCCCCCCEEEEEEHHHCCCCCCCCCCCC
3,194,MSKGEELFTGVVPILVELDGDVNGHKFSVSGEGEGDATYGKLTLKFICTTGKLPVPWPTLVTTFSYGVQCFSRYPDHMKQHDFFKSAMPEGYVQERTIFFKDDGNYKTRAEVKFEGDTLVNRIELKGIDFKEDGNILGHKLEYNYNSHNVYIMADKQKNGIKVNFKIRHNIEDGSVQLADHYQQNTPIGDGPVLLPDNHYLSTQSALSKDPNEKRDHMVLLEFVTAAGITHGMDELYK,CCCCHHHCCCCCEEEEEEEEEECCEEEEEEEEEEECCCCEEEEEEEEEECCCCCCCHHHHHHHCCCCCEECCCCCCCCCCCCHHHHHCCCCCEEEEEEEEECCCEEEEEEEEEEECCEEEEEEEEEEECCCCCCCCCCCCCCCCCCCCCEEEEECCCCCCEEEEEEEEEECCCCCEEEEEEECCCCCCCCCCCCCCCCEEEEEEEEECCCCCCCCCCEEEEEEHHHCCCCCCCCCCCC
4,212,MSKGEELFTGVVPILVELDGDVNGHKFSVSGEGEGDATYGKLTLKFICTTGKLPVPWPTLVTTFSYGVQCFSRYPDHMKQHDFFKSAMPEGYVQERTIFFKDDGNYKTRAEVKFEGDTLVNRIELKGIDFKEDGNILGHKLEYNYNSHNVYIMADKQKNGIKVNFKIRHNIEDGSVQLADHYQQNTPIGDGPVLLPDNHYLSTQSALSKDPNEKRDHMVLLEFVTAAGITHGMDELYK,CCCCHHHCCCCCEEEEEEEEEECCEEEEEEEEEEECCCCEEEEEEEEEECCCCCCCHHHHHHHCCCCCEECCCCCCCCCCCCHHHHHCCCCCEEEEEEEEECCCEEEEEEEEEEECCEEEEEEEEEEECCCCCCCCCCCCCCCCCCCCCEEEEECCCCCCEEEEEEEEEECCCCCEEEEEEECCCCCCCCCCCCCCCCEEEEEEEEECCCCCCCCCCEEEEEEHHHCCCCCCCCCCCC
5,213,MSKGEELFTGVVPILVELDGDVNGHKFSVSGEGEGDATYGKLTLKFICTTGKLPVPWPTLVTTFSYGVQCFSRYPDHMKQHDFFKSAMPEGYVQERTIFFKDDGNYKTRAEVKFEGDTLVNRIELKGIDFKEDGNILGHKLEYNYNSHNVYIMADKQKNGIKVNFKIRHNIEDGSVQLADHYQQNTPIGDGPVLLPDNHYLSTQSALSKDPNEKRDHMVLLEFVTAAGITHGMDELYK,CCCCHHHCCCCCEEEEEEEEEECCEEEEEEEEEEECCCCEEEEEEEEEECCCCCCCHHHHHHHCCCCCEECCCCCCCCCCCCHHHHHCCCCCEEEEEEEEECCCEEEEEEEEEEECCEEEEEEEEEEECCCCCCCCCCCCCCCCCCCCCEEEEECCCCCCEEEEEEEEEECCCCCEEEEEEECCCCCCCCCCCCCCCCEEEEEEEEECCCCCCCCCCEEEEEEHHHCCCCCCCCCCCC
6,214,MSKGEELFTGVVPILVELDGDVNGHKFSVSGEGEGDATYGKLTLKFICTTGKLPVPWPTLVTTFSYGVQCFSRYPDHMKQHDFFKSAMPEGYVQERTIFFKDDGNYKTRAEVKFEGDTLVNRIELKGIDFKEDGNILGHKLEYNYNSHNVYIMADKQKNGIKVNFKIRHNIEDGSVQLADHYQQNTPIGDGPVLLPDNHYLSTQSALSKDPNEKRDHMVLLEFVTAAGITHGMDELYK,CCCCHHHCCCCCEEEEEEEEEECCEEEEEEEEEEECCCCEEEEEEEEEECCCCCCCHHHHHHHCCCCCEECCCCCCCCCCCCHHHHHCCCCCEEEEEEEEECCCEEEEEEEEEEECCEEEEEEEEEEECCCCCCCCCCCCCCCCCCCCCEEEEECCCCCCEEEEEEEEEECCCCCEEEEEEECCCCCCCCCCCCCCCCEEEEEEEEECCCCCCCCCCEEEEEEHHHCCCCCCCCCCCC
7,215,MSKGEELFTGVVPILVELDGDVNGHKFSVSGEGEGDATYGKLTLKFICTTGKLPVPWPTLVTTFSYGVQCFSRYPDHMKQHDFFKSAMPEGYVQERTIFFKDDGNYKTRAEVKFEGDTLVNRIELKGIDFKEDGNILGHKLEYNYNSHNVYIMADKQKNGIKVNFKIRHNIEDGSVQLADHYQQNTPIGDGPVLLPDNHYLSTQSALSKDPNEKRDHMVLLEFVTAAGITHGMDELYK,CCCCHHHCCCCCEEEEEEEEEECCEEEEEEEEEEECCCCEEEEEEEEEECCCCCCCHHHHHHHCCCCCEECCCCCCCCCCCCHHHHHCCCCCEEEEEEEEECCCEEEEEEEEEEECCEEEEEEEEEEECCCCCCCCCCCCCCCCCCCCCEEEEECCCCCCEEEEEEEEEECCCCCEEEEEEECCCCCCCCCCCCCCCCEEEEEEEEECCCCCCCCCCEEEEEEHHHCCCCCCCCCCCC
8,485,MSKGEELFTGVVPILVELDGDVNGHKFSVSGEGEGDATYGKLTLKFICTTGKLPVPWPTLVTTFSYGVQCFSRYPDHMKQHDFFKSAMPEGYVQERTIFFKDDGNYKTRAEVKFEGDTLVNRIELKGIDFKEDGNILGHKLEYNYNSHNVYIMADKQKNGIKVNFKIRHNIEDGSVQLADHYQQNTPIGDGPVLLPDNHYLSTQSALSKDPNEKRDHMVLLEFVTAAGITHGMDELYK,CCCCHHHCCCCCEEEEEEEEEECCEEEEEEEEEEECCCCEEEEEEEEEECCCCCCCHHHHHHHCCCCCEECCCCCCCCCCCCHHHHHCCCCCEEEEEEEEECCCEEEEEEEEEEECCEEEEEEEEEEECCCCCCCCCCCCCCCCCCCCCEEEEECCCCCCEEEEEEEEEECCCCCEEEEEEECCCCCCCCCCCCCCCCEEEEEEEEECCCCCCCCCCEEEEEEHHHCCCCCCCCCCCC
9,507,MSKGEELFTGVVPILVELDGDVNGHKFSVSGEGEGDATYGKLTLKFICTTGKLPVPWPTLVTTFSYGVQCFSRYPDHMKQHDFFKSAMPEGYVQERTIFFKDDGNYKTRAEVKFEGDTLVNRIELKGIDFKEDGNILGHKLEYNYNSHNVYIMADKQKNGIKVNFKIRHNIEDGSVQLADHYQQNTPIGDGPVLLPDNHYLSTQSALSKDPNEKRDHMVLLEFVTAAGITHGMDELYK,CCCCHHHCCCCCEEEEEEEEEECCEEEEEEEEEEECCCCEEEEEEEEEECCCCCCCHHHHHHHCCCCCEECCCCCCCCCCCCHHHHHCCCCCEEEEEEEEECCCEEEEEEEEEEECCEEEEEEEEEEECCCCCCCCCCCCCCCCCCCCCEEEEECCCCCCEEEEEEEEEECCCCCEEEEEEECCCCCCCCCCCCCCCCEEEEEEEEECCCCCCCCCCEEEEEEHHHCCCCCCCCCCCC
10,214,MVSKGEELFTGVVPILVELDGDVNGHKFSVSGEGEGDATYGKLTLKFICTTGKLPVPWPTLVTTLTWGVQCFARYPDHMKQHDFFKSAMPEGYVQERTIFFKDDGNYKTRAEVKFEGDTLVNRIELKGIDFKEDGNILGHKLEYNYISHNVYITADKQKNGIKANFKIRHNIEDGGVQLADHYQQNTPIGDGPVLLPDNHYLSTQSKLSKDPNEKRDHMVLLEFVTAAGITLGMDELYK,CCCCHHHHCCCCCCEEEEEEEEECCEEEEEEEEEEECCCCEEEEEEEEEECCCCCCCHHHHHHHHCCCCCCCCCCCCCCCCCCHHHHHCCCCEEEEEEEEEECCCEEEEEEEEEEECCEEEEEEEEEEECCCCCCCCCCCCCCCCCCCCCEEEEECCCCCEEEEEEEEEEEECCCCEEEEEEEEEEEECCCCCCCCCCCEEEEEEEEECCCCCCCCCCEEEEEHHHHCCCCCCCCCCCC
11,155,MVSKGEELFTGVVPILVELDGDVNGHKFSVSGEGEGDATYGKLTLKFICTTGKLPVPWPTLVTTLTWGVQCFARYPDHMKQHDFFKSAMPEGYVQERTIFFKDDGNYKTRAEVKFEGDTLVNRIELKGIDFKEDGNILGHKLEYNYISHNVYITADKQKNGIKANFKIRHNIEDGGVQLADHYQQNTPIGDGPVLLPDNHYLSTQSKLSKDPNEKRDHMVLLEFVTAAGITLGMDELYK,CCCCHHHHCCCCCCEEEEEEEEECCEEEEEEEEEEECCCCEEEEEEEEEECCCCCCCHHHHHHHHCCCCCCCCCCCCCCCCCCHHHHHCCCCEEEEEEEEEECCCEEEEEEEEEEECCEEEEEEEEEEECCCCCCCCCCCCCCCCCCCCCEEEEECCCCCEEEEEEEEEEEECCCCEEEEEEEEEEEECCCCCCCCCCCEEEEEEEEECCCCCCCCCCEEEEEHHHHCCCCCCCCCCCC
12,156,MVSKGEELFTGVVPILVELDGDVNGHKFSVSGEGEGDATYGKLTLKFICTTGKLPVPWPTLVTTLTWGVQCFARYPDHMKQHDFFKSAMPEGYVQERTIFFKDDGNYKTRAEVKFEGDTLVNRIELKGIDFKEDGNILGHKLEYNYISHNVYITADKQKNGIKANFKIRHNIEDGGVQLADHYQQNTPIGDGPVLLPDNHYLSTQSKLSKDPNEKRDHMVLLEFVTAAGITLGMDELYK,CCCCHHHHCCCCCCEEEEEEEEECCEEEEEEEEEEECCCCEEEEEEEEEECCCCCCCHHHHHHHHCCCCCCCCCCCCCCCCCCHHHHHCCCCEEEEEEEEEECCCEEEEEEEEEEECCEEEEEEEEEEECCCCCCCCCCCCCCCCCCCCCEEEEECCCCCEEEEEEEEEEEECCCCEEEEEEEEEEEECCCCCCCCCCCEEEEEEEEECCCCCCCCCCEEEEEHHHHCCCCCCCCCCCC
13,172,MVSKGEELFTGVVPILVELDGDVNGHKFSVSGEGEGDATYGKLTLKFICTTGKLPVPWPTLVTTLTWGVQCFARYPDHMKQHDFFKSAMPEGYVQERTIFFKDDGNYKTRAEVKFEGDTLVNRIELKGIDFKEDGNILGHKLEYNYISHNVYITADKQKNGIKANFKIRHNIEDGGVQLADHYQQNTPIGDGPVLLPDNHYLSTQSKLSKDPNEKRDHMVLLEFVTAAGITLGMDELYK,CCCCHHHHCCCCCCEEEEEEEEECCEEEEEEEEEEECCCCEEEEEEEEEECCCCCCCHHHHHHHHCCCCCCCCCCCCCCCCCCHHHHHCCCCEEEEEEEEEECCCEEEEEEEEEEECCEEEEEEEEEEECCCCCCCCCCCCCCCCCCCCCEEEEECCCCCEEEEEEEEEEEECCCCEEEEEEEEEEEECCCCCCCCCCCEEEEEEEEECCCCCCCCCCEEEEEHHHHCCCCCCCCCCCC
14,172,MVSKGEELFTGVVPILVELDGDVNGHKFSVSGEGEGDATYGKLTLKFICTTGKLPVPWPTLVTTLTWGVQCFARYPDHMKQHDFFKSAMPEGYVQERTIFFKDDGNYKTRAEVKFEGDTLVNRIELKGIDFKEDGNILGHKLEYNYISHNVYITADKQKNGIKANFKIRHNIEDGGVQLADHYQQNTPIGDGPVLLPDNHYLSTQSKLSKDPNEKRDHMVLLEFVTAAGITLGMDELYK,CCCCHHHHCCCCCCEEEEEEEEECCEEEEEEEEEEECCCCEEEEEEEEEECCCCCCCHHHHHHHHCCCCCCCCCCCCCCCCCCHHHHHCCCCEEEEEEEEEECCCEEEEEEEEEEECCEEEEEEEEEEECCCCCCCCCCCCCCCCCCCCCEEEEECCCCCEEEEEEEEEEEECCCCEEEEEEEEEEEECCCCCCCCCCCEEEEEEEEECCCCCCCCCCEEEEEHHHHCCCCCCCCCCCC
15,154,MVSKGEELFTGVVPILVELDGDVNGHKFSVSGEGEGDATYGKLTLKFICTTGKLPVPWPTLVTTLTWGVQCFARYPDHMKQHDFFKSAMPEGYVQERTIFFKDDGNYKTRAEVKFEGDTLVNRIELKGIDFKEDGNILGHKLEYNYISHNVYITADKQKNGIKANFKIRHNIEDGGVQLADHYQQNTPIGDGPVLLPDNHYLSTQSKLSKDPNEKRDHMVLLEFVTAAGITLGMDELYK,CCCCHHHHCCCCCCEEEEEEEEECCEEEEEEEEEEECCCCEEEEEEEEEECCCCCCCHHHHHHHHCCCCCCCCCCCCCCCCCCHHHHHCCCCEEEEEEEEEECCCEEEEEEEEEEECCEEEEEEEEEEECCCCCCCCCCCCCCCCCCCCCEEEEECCCCCEEEEEEEEEEEECCCCEEEEEEEEEEEECCCCCCCCCCCEEEEEEEEECCCCCCCCCCEEEEEHHHHCCCCCCCCCCCC
16,156,MVSKGEELFTGVVPILVELDGDVNGHKFSVSGEGEGDATYGKLTLKFICTTGKLPVPWPTLVTTLTWGVQCFSRYPDHMKQHDFFKSAMPEGYVQERTIFFKDDGNYKTRAEVKFEGDTLVNRIELKGIDFKEDGNILGHKLEYNYISHNVYITADKQKNGIKANFKIRHNIEDGSVQLADHYQQNTPIGDGPVLLPDNHYLSTQSALSKDPNEKRDHMVLLEFVTAAGITLGMDELYK,CCCCHHHHCCCCCCEEEEEEEEECCEEEEEEEEEEECCCCEEEEEEEEEECCCCCCCHHHHHHHCCCCCCCCCCCCCCCCCCCHHHHHCCCCCEEEEEEEEECCCEEEEEEEEEEECCEEEEEEEEEEECCCCCCCCCCCCCCCCCCCCCEEEEECCCCCCEEEEEEEEEECCCCCEEEEEEECCCCCCCCCCCCCCCCEEEEEEEEECCCCCCCCCCEEEEEEHHHCCCCCCCCCCCC
17,172,MVSKGEELFTGVVPILVELDGDVNGHKFSVSGEGEGDATYGKLTLKFICTTGKLPVPWPTLVTTLTWGVQCFSRYPDHMKQHDFFKSAMPEGYVQERTIFFKDDGNYKTRAEVKFEGDTLVNRIELKGIDFKEDGNILGHKLEYNYISHNVYITADKQKNGIKANFKIRHNIEDGSVQLADHYQQNTPIGDGPVLLPDNHYLSTQSALSKDPNEKRDHMVLLEFVTAAGITLGMDELYK,CCCCHHHHCCCCCCEEEEEEEEECCEEEEEEEEEEECCCCEEEEEEEEEECCCCCCCHHHHHHHCCCCCCCCCCCCCCCCCCCHHHHHCCCCCEEEEEEEEECCCEEEEEEEEEEECCEEEEEEEEEEECCCCCCCCCCCCCCCCCCCCCEEEEECCCCCCEEEEEEEEEECCCCCEEEEEEECCCCCCCCCCCCCCCCEEEEEEEEECCCCCCCCCCEEEEEEHHHCCCCCCCCCCCC
18,156,MSKGEELFTGVVPILVELDGDVNGHKFSVSGEGEGDATYGKLTLKFICTTGKLPVPWPTLVTTFSHGVQCFSRYPDHMKRHDFFKSAMPEGYVQERTIFFKDDGNYKTRAEVKFEGDTLVNRIELKGIDFKEDGNILGHKLEYNFNSHNVYIMADKQKNGIKVNFKIRHNIEDGSVQLADHYQQNTPIGDGPVLLPDNHYLSTQSALSKDPNEKRDHMVLLEFVTAAGITHGMDELYK,CCCCHHHCCCCCEEEEEEEEEECCEEEEEEEEEEECCCCEEEEEEEEEECCCCCCCHHHHHCCCCCCCEECCCCCCCCCCCCHHHHHCCCCCEEEEEEEEECCCEEEEEEEEEEECCEEEEEEEEEEECCCCCCCCCCCCCCCCCCCCCEEEECCCCCCCEEEEEEEEEECCCCCEEEEEEECCCCCCCCCCCCCCCCEEEEEEEEECCCCCCCCCEEEEEEEEHHCCCCCCCCCCCC
19,172,MSKGEELFTGVVPILVELDGDVNGHKFSVSGEGEGDATYGKLTLKFICTTGKLPVPWPTLVTTFSHGVQCFSRYPDHMKRHDFFKSAMPEGYVQERTIFFKDDGNYKTRAEVKFEGDTLVNRIELKGIDFKEDGNILGHKLEYNFNSHNVYIMADKQKNGIKVNFKIRHNIEDGSVQLADHYQQNTPIGDGPVLLPDNHYLSTQSALSKDPNEKRDHMVLLEFVTAAGITHGMDELYK,CCCCHHHCCCCCEEEEEEEEEECCEEEEEEEEEEECCCCEEEEEEEEEECCCCCCCHHHHHCCCCCCCEECCCCCCCCCCCCHHHHHCCCCCEEEEEEEEECCCEEEEEEEEEEECCEEEEEEEEEEECCCCCCCCCCCCCCCCCCCCCEEEECCCCCCCEEEEEEEEEECCCCCEEEEEEECCCCCCCCCCCCCCCCEEEEEEEEECCCCCCCCCEEEEEEEEHHCCCCCCCCCCCC
20,156,MVSKGEELFTGVVPILVELDGDVNGHKFSVSGEGEGDATYGKLTLKFICTTGKLPVPWPTLVTTFGYGLQCFARYPDHMKQHDFFKSAMPEGYVQERTIFFKDDGNYKTRAEVKFEGDTLVNRIELKGIDFKEDGNILGHKLEYNYNSHNVYIMADKQKNGIKVNFKIRHNIEDGSVQLADHYQQNTPIGDGPVLLPDNHYLSYQSALSKDPNEKRDHMVLLEFVTAAGITLGMDELYK,CCCCHHHHCCCCCCEEEEEEEEECCEEEEEEEEEEECCCCEEEEEEEEEECCCCCCCHHHHHCCCCCCCEEECCCCCCCCCCCHHHHHCCCCCEEEEEEEEECCCEEEEEEEEEEECCEEEEEEEEEEECCCCCCCCCCCEEEECCCCCCEEEECCCCCCCEEEEEEEEEECCCCCEEEEEEECCCCCCCCCCCCCCCCEEEEEEEEECCCCCCCCCCEEEEEEHHHCCCCCCCCCCCC
21,172,MVSKGEELFTGVVPILVELDGDVNGHKFSVSGEGEGDATYGKLTLKFICTTGKLPVPWPTLVTTFGYGLQCFARYPDHMKQHDFFKSAMPEGYVQERTIFFKDDGNYKTRAEVKFEGDTLVNRIELKGIDFKEDGNILGHKLEYNYNSHNVYIMADKQKNGIKVNFKIRHNIEDGSVQLADHYQQNTPIGDGPVLLPDNHYLSYQSALSKDPNEKRDHMVLLEFVTAAGITLGMDELYK,CCCCHHHHCCCCCCEEEEEEEEECCEEEEEEEEEEECCCCEEEEEEEEEECCCCCCCHHHHHCCCCCCCEEECCCCCCCCCCCHHHHHCCCCCEEEEEEEEECCCEEEEEEEEEEECCEEEEEEEEEEECCCCCCCCCCCEEEECCCCCCEEEECCCCCCCEEEEEEEEEECCCCCEEEEEEECCCCCCCCCCCCCCCCEEEEEEEEECCCCCCCCCCEEEEEEHHHCCCCCCCCCCCC
22,155,MVSKGEELFTGVVPILVELDGDVNGHKFSVSGEGEGDATYGKLTLKFICTTGKLPVPWPTLVTTFGYGLQCFARYPDHMKQHDFFKSAMPEGYVQERTIFFKDDGNYKTRAEVKFEGDTLVNRIELKGIDFKEDGNILGHKLEYNYNSHNVYIMADKQKNGIKVNFKIRHNIEDGSVQLADHYQQNTPIGDGPVLLPDNHYLSYQSALSKDPNEKRDHMVLLEFVTAAGITLGMDELYK,CCCCHHHHCCCCCCEEEEEEEEECCEEEEEEEEEEECCCCEEEEEEEEEECCCCCCCHHHHHCCCCCCCEEECCCCCCCCCCCHHHHHCCCCCEEEEEEEEECCCEEEEEEEEEEECCEEEEEEEEEEECCCCCCCCCCCEEEECCCCCCEEEECCCCCCCEEEEEEEEEECCCCCEEEEEEECCCCCCCCCCCCCCCCEEEEEEEEECCCCCCCCCCEEEEEEHHHCCCCCCCCCCCC
23,122,MVAGHASGSPAFGTASHSNCEHEEIHLAGSIQPHGALLVVSEHDHRVIQASANAAEFLNLGSVLGVPLAEIDGDLLIKILPHLDPTAEGMPVAVRCRIGNPSTEYCGLMHRPPEGGLIIELERAGPSIDLSGTLAPALERIRTAGSLRALCDDTVLLFQQCTGYDRVMVYRFDEQGHGLVFSECHVPGLESYFGNRYPSSTVPQMARQLYVRQRVRVLVDVTYQPVPLEPRLSPLTGRDLDMSGCFLRSMSPCHLQFLKDMGVRATLAVSLVVGGKLWGLVVCHHYLPRFIRFELRAICKRLAERIATRITALES,CCCCCCCCCCCCCCCCCCHHHCCCCCCCCCCCCCEEEEEEECCCCEEEEEECCHHHHCCCHHHCCCCHHHHCCHHHHHHHHCCCCCCCCCCCEEEEEECCCCCEEEEEEEECCCCEEEEEEEECCCCCCHHHHHHHHHHHHHHCCCHHHHHHHHHHHHHHHHCCCCEEEEEECCCCCEEEEEEEECCCCCCCCCCCCCCCCCCHHHHHHHHHCCCEEECCCCCCCCCCCCCCCCCCCCCCCCCCCCCCCCCHHHHHHHHHCCCCCEEEEEEEECCEEEEEEECCCCCCCCCCHHHHHHHHHHHHHHHHHHHHHHC
25,213,MVSKGEEDNMASLPATHELHIFGSINGVDFDMVGQGTGNPNDGYEELNLKSTKGDLQFSPWILVPHIGYGFHQYLPYPDGMSPFQAAMVDGSGYQVHRTMQFEDGASLTVNYRYTYEGSHIKGEAQVKGTGFPADGPVMTNSLTAADWCRSKKTYPNDKTIISTFKWSYTTGNGKRYRSTARTTYTFAKPMAANYLKNQPMYVFRKTELKHSKTELNFKEWQKAFTDVMGMDELYK,CCCCCCHHCCCCCCEEEEEEEEEEECCEEEEEEEEEEECCCCCEEEEEEEECCCCCCCCHHHHHCHHCCCCCCCCCCCCCCCHHHHHHCCCCCCEEEEEEEECCCCEEEEEEEEEEECCEEEEEEEEEEECCCCCCCCCCCCCCCCCCCCCEEEECCCCEEEEEEEEEEEECCCCEEEEEEEEEEEECCCCCCHHHCCCCCCEEEEEEEEEECCCCCCEEEEEHHCCCCCCCCCCC
26,213,MHHHHHHGSLLPATHELHIFGSINSLEFDLVGRGTGNPKEGYEELHLKSTKSALQFSPWILVPQIGYGFYQYLPFPDGAMSPFQAAMNDGSGYQVHRTMQFEDGATLTGIYRYTYEGTHIKGEFQVIGTGFPADGPVMTNSLTAADWCVTKIVYPNENTIIDKFDWTYTTTSGKRYQSNVRSNFTFAKPIAANILQKQPMFVFRKTELKHSKTELNFKEWQTAFSDVM,CCCCCCCCCCCCCCEEEEEEEEECCEEEEEEEEEEECCCCCEEEEEEEECCCCCCCCHHHHHHHHCCCCCCCCCCCCCCCCHHHHHHCCCCCEEEEEEEEECCCCEEEEEEEEEEECCEEEEEEEEEEECCCCCCCCCCCCCCCCCCCEEEEEECCCCEEEEEEEEEEEECCCCEEEEEEEEEEEECCCCCCHHCCCCCCCEEEEEEEEEEECCCCCEEEEEHHCCCC
27,168,MVSVIKPEMKMRYYMDGSVNGHEFTIEGEGTGRPYEGHQEMTLRVTMAEGGPMPFAFDLVSHVFAYGHRVFTKYPEEIPDYFKQAFPEGLSWERSLEFEDGGSASVSAHISLRGNTFYHKSKFTGVNFPADGPIMQNQSVDWEPSTEKITASDGVLKGDVTMYLKLEGGGNHKCQFKTTYKAAKEILEMPGDHYIGHRLVRKTEGNITELVEDAVAHS,CCCCCCCCCEEEEEEEEEECCEEEEEEEEEEECCCCEEEEEEEEEEECCCCCCCCCHHHHHHHHHHCCCCCCCCCCCCCCHHHHHCCCCCEEEEEEEECCCCEEEEEEEEEEECCEEEEEEEEEEECCCCCCCCCCCCCCCCCCCEEEEECCCCEEEEEEEEEEEECCCCEEEEEEEEEEECCCCHHHCCCCCCCEEEEEEECCCCEEEEEEEEEECC
28,169,MVSVIKPEMKMRYYMDGSVNGHEFTIEGEGTGRPYEGHQEMTLRVTMAEGGPMPFAFDLVSHVFCYGHRVFTKYPEEIPDYFKQAFPEGLSWERSLEFEDGGSASVSAHISLRGNTFYHKSKFTGVNFPADGPIMQNQSVDWEPSTEKITASDGVLKGDVTMYLKLEGGGNHKCQMKTTYKAAKEILEMPGDHYIGHRLVRKTEGNITEQVEDAVAHS,CCCCCCCCCEEEEEEEEEECCEEEEEEEEEEECCCCEEEEEEEEEEECCCCCCCCCHHHHHHHHHHCCCCCCCCCCCCCCHHHHHCCCCCEEEEEEEECCCCEEEEEEEEEEECCEEEEEEEEEEECCCCCCCCCCCCCCCCCCCEEEEECCCCEEEEEEEEEEEECCCCEEEEEEEEEEECCCCHHHCCCCCCCEEEEEEECCCCEEEEEEEEEECC
29,164,MSVIKPDMKIKLRMEGAVNGHPFAIEGVGLGKPFEGKQSMDLKVKEGGPLPFAYDILTTVFCYGNRVFAKYPENIVDYFKQSFPEGYSWERSMNYEDGGICNATNDITLDGDCYIYEIRFDGVNFPANGPVMQKRTVKWEPSTEKLYVRDGVLKGDVNMALSLEGGGHYRCDFKTTYKAKKVVQLPDYHFVDHHIEIKSHDKDYSNVNLHEHAEAHSELPRQAK,CCCCCCCCEEEEEEEEEECCEEEEEEEEEEECCCCCEEEEEEEEECCCCCCCCHHHHHCHHCCCCEECCCCCCCCCCHHHHHCCCCEEEEEEEEECCCCEEEEEEEEEEECCEEEEEEEEEEECCCCCCCCCCCCCCCCCCCEEEEEECCCEEEEEEEEEEEECCCCEEEEEEECEEECCCCCCCCCCEEEEEEEEEEEECCCCCEEEEEEEEEEECCCCCCCC
30,181,MSVIKPDMKIKLRMEGAVNGHPFAIEGVGLGKPFEGKQSMDLKVKEGGPLPFAYDILTTVFCYGNRVFAKYPENIVDYFKQSFPEGYSWERSMNYEDGGICNATNDITLDGDCYIYEIRFDGVNFPANGPVMQKRTVKWEPSTEKLYVRDGVLKGDVNMALSLEGGGHYRCDFKTTYKAKKVVQLPDYHFVDHHIEIKSHDKDYSNVNLHEHAEAHSELPRQAK,CCCCCCCCEEEEEEEEEECCEEEEEEEEEEECCCCCEEEEEEEEECCCCCCCCHHHHHCHHCCCCEECCCCCCCCCCHHHHHCCCCEEEEEEEEECCCCEEEEEEEEEEECCEEEEEEEEEEECCCCCCCCCCCCCCCCCCCEEEEEECCCEEEEEEEEEEEECCCCEEEEEEECEEECCCCCCCCCCEEEEEEEEEEEECCCCCEEEEEEEEEEECCCCCCCC
31,84,MVEKFVGTWKIADSHNFGEYLKAIGAPKELSDGGDATTPTLYISQKDGDKMTVKIENGPPTFLDTQVKFKLGEEFDEFPSDRRKGVKSVVNLVGEKLVYVQKWDGKETTYVREIKDGKLVVTLTMGDVVAVRSYRRATE,CCCCCCEEEEECEECCHHHHHHHCCCCHHHHHHHHHCCCEEEEEEECCCEEEEEEEECCCCEEEEEEEEECCCEEEEECCCCCCEEEEEEEEECCEEEEEEECCCCEEEEEEEEECCEEEEEEEECCEEEEEEEEECCC
32,159,MVSKGEEDNMAIIKEFMRFKVHMEGSVNGHEFEIEGEGEGRPYEGTQTAKLKVTKGGPLPFAWDILSPQFMYGSKAYVKHPADIPDYLKLSFPEGFKWERVMNFEDGGVVTVTQDSSLQDGEFIYKVKLRGTNFPSDGPVMQKKTMGWEASSERMYPEDGALKGEIKQRLKLKDGGHYDAEVKTTYKAKKPVQLPGAYNVNIKLDITSHNEDYTIVEQYERAEGRHSTGGMDELYK,CCCCCCCCCCCCCCCCCEEEEEEEEEECCEEEEEEEEEEECCCCEEEEEEEEEECCCCCCCCHHHHHCCCCCCCEECCCCCCCCCHHHHHHCCCCCEEEEEEEECCCCEEEEEEEEEEECCEEEEEEEEEEECCCCCCCCCCCCCCCCCCCEEEEECCCCEEEEEEEEEEEECCCCEEEEEEEEEEECCCCCCCCCCEEEEEEEEECCCCCCEEEEEEEEEEEECCCCCCHHHHCC
33,160,MVSKGEEDNMAIIKEFMRFKVHMEGSVNGHEFEIEGEGEGRPYEGTQTAKLKVTKGGPLPFAWDILSPQFMYGSKAYVKHPADIPDYLKLSFPEGFKWERVMNFEDGGVVTVTQDSSLQDGEFIYKVKLRGTNFPSDGPVMQKKTMGWEASSERMYPEDGALKGEIKQRLKLKDGGHYDAEVKTTYKAKKPVQLPGAYNVNIKLDITSHNEDYTIVEQYERAEGRHSTGGMDELYK,CCCCCCCCCCCCCCCCCEEEEEEEEEECCEEEEEEEEEEECCCCEEEEEEEEEECCCCCCCCHHHHHCCCCCCCEECCCCCCCCCHHHHHHCCCCCEEEEEEEECCCCEEEEEEEEEEECCEEEEEEEEEEECCCCCCCCCCCCCCCCCCCEEEEECCCCEEEEEEEEEEEECCCCEEEEEEEEEEECCCCCCCCCCEEEEEEEEECCCCCCEEEEEEEEEEEECCCCCCHHHHCC
34,208,EEDNNAIIKEFMRFKVHMEGSVNGHEFEIEGEGEGHPYEGTQTAKLKVTKGGPLPFAWDILSPQFMYGSKAYVKHPADIPDYLKLSFPEGFTWERVMNFEDGGVVTVTQDSSLQDGEFIYKVKLLGTNFPSDGPVMQKKTNGWEASTERMYPEDGALKGEINQRLKLKDGGHYDAEVKTTYKAKKPVQLPGAYNVDIKLDITSHNEDYTIVEQYERAEGRHSTGG,CCCCCCCCCCCCEEEEEEEEEECCEEEEEEEEEEECCCCEEEEEEEEEECCCCCCCCHHHHHCHHCCCCEECCCCCCCCCHHHHHHCCCCEEEEEEEEECCCCEEEEEEEEEEECCEEEEEEEEEEECCCCCCCCCCCCCCCCCCCEEEEECCCCEEEEEEEEEEEECCCCEEEEEEEEEEECCCCCCCCCCEEEEEEEEECCCCCCCEEEEEEEEEEEEECCCC
35,209,EEDNNAIIKEFMRFKVHMEGSVNGHEFEIEGEGEGHPYEGTQTAKLKVTKGGPLPFAWDILSPQFMYGSKAYVKHPADIPDYLKLSFPEGFTWERVMNFEDGGVVTVTQDSSLQDGEFIYKVKLLGTNFPSDGPVMQKKTNGWEASTERMYPEDGALKGEINQRLKLKDGGHYDAEVKTTYKAKKPVQLPGAYNVDIKLDITSHNEDYTIVEQYERAEGRHSTGG,CCCCCCCCCCCCEEEEEEEEEECCEEEEEEEEEEECCCCEEEEEEEEEECCCCCCCCHHHHHCHHCCCCEECCCCCCCCCHHHHHHCCCCEEEEEEEEECCCCEEEEEEEEEEECCEEEEEEEEEEECCCCCCCCCCCCCCCCCCCEEEEECCCCEEEEEEEEEEEECCCCEEEEEEEEEEECCCCCCCCCCEEEEEEEEECCCCCCCEEEEEEEEEEEEECCCC
36,58,EEDNNAIIKEFMRFKVHMEGSVNGHEFEIEGEGEGHPYEGTQTAKLKVTKGGPLPFAWDILSPQFMYGSKAYVKHPADIPDYLKLSFPEGFTWERVMNFEDGGVVTVTQDSSLQDGEFIYKVKLLGTNFPSDGPVMQKKTNGWEASTERMYPEDGALKGEINQRLKLKDGGHYDAEVKTTYKAKKPVQLPGAYNVDIKLDITSHNEDYTIVEQYERAEGRHSTGG,CCCCCCCCCCCCEEEEEEEEEECCEEEEEEEEEEECCCCEEEEEEEEEECCCCCCCCHHHHHCHHCCCCEECCCCCCCCCHHHHHHCCCCEEEEEEEEECCCCEEEEEEEEEEECCEEEEEEEEEEECCCCCCCCCCCCCCCCCCCEEEEECCCCEEEEEEEEEEEECCCCEEEEEEEEEEECCCCCCCCCCEEEEEEEEECCCCCCCEEEEEEEEEEEEECCCC
37,59,EEDNNAIIKEFMRFKVHMEGSVNGHEFEIEGEGEGHPYEGTQTAKLKVTKGGPLPFAWDILSPQFMYGSKAYVKHPADIPDYLKLSFPEGFTWERVMNFEDGGVVTVTQDSSLQDGEFIYKVKLLGTNFPSDGPVMQKKTNGWEASTERMYPEDGALKGEINQRLKLKDGGHYDAEVKTTYKAKKPVQLPGAYNVDIKLDITSHNEDYTIVEQYERAEGRHSTGG,CCCCCCCCCCCCEEEEEEEEEECCEEEEEEEEEEECCCCEEEEEEEEEECCCCCCCCHHHHHCHHCCCCEECCCCCCCCCHHHHHHCCCCEEEEEEEEECCCCEEEEEEEEEEECCEEEEEEEEEEECCCCCCCCCCCCCCCCCCCEEEEECCCCEEEEEEEEEEEECCCCEEEEEEEEEEECCCCCCCCCCEEEEEEEEECCCCCCCEEEEEEEEEEEEECCCC
38,91,EEDNNAIIKEFMRFKVHMEGSVNGHEFEIEGEGEGHPYEGTQTAKLKVTKGGPLPFAWDILSPQFMYGSKAYVKHPADIPDYLKLSFPEGFTWERVMNFEDGGVVTVTQDSSLQDGEFIYKVKLLGTNFPSDGPVMQKKTNGWEASTERMYPEDGALKGEINQRLKLKDGGHYDAEVKTTYKAKKPVQLPGAYNVDIKLDITSHNEDYTIVEQYERAEGRHSTGG,CCCCCCCCCCCCEEEEEEEEEECCEEEEEEEEEEECCCCEEEEEEEEEECCCCCCCCHHHHHCHHCCCCEECCCCCCCCCHHHHHHCCCCEEEEEEEEECCCCEEEEEEEEEEECCEEEEEEEEEEECCCCCCCCCCCCCCCCCCCEEEEECCCCEEEEEEEEEEEECCCCEEEEEEEEEEECCCCCCCCCCEEEEEEEEECCCCCCCEEEEEEEEEEEEECCCC
39,92,EEDNNAIIKEFMRFKVHMEGSVNGHEFEIEGEGEGHPYEGTQTAKLKVTKGGPLPFAWDILSPQFMYGSKAYVKHPADIPDYLKLSFPEGFTWERVMNFEDGGVVTVTQDSSLQDGEFIYKVKLLGTNFPSDGPVMQKKTNGWEASTERMYPEDGALKGEINQRLKLKDGGHYDAEVKTTYKAKKPVQLPGAYNVDIKLDITSHNEDYTIVEQYERAEGRHSTGG,CCCCCCCCCCCCEEEEEEEEEECCEEEEEEEEEEECCCCEEEEEEEEEECCCCCCCCHHHHHCHHCCCCEECCCCCCCCCHHHHHHCCCCEEEEEEEEECCCCEEEEEEEEEEECCEEEEEEEEEEECCCCCCCCCCCCCCCCCCCEEEEECCCCEEEEEEEEEEEECCCCEEEEEEEEEEECCCCCCCCCCEEEEEEEEECCCCCCCEEEEEEEEEEEEECCCC
40,94,EEDNNAIIKEFMRFKVHMEGSVNGHEFEIEGEGEGHPYEGTQTAKLKVTKGGPLPFAWDILSPQFMYGSKAYVKHPADIPDYLKLSFPEGFTWERVMNFEDGGVVTVTQDSSLQDGEFIYKVKLLGTNFPSDGPVMQKKTNGWEASTERMYPEDGALKGEINQRLKLKDGGHYDAEVKTTYKAKKPVQLPGAYNVDIKLDITSHNEDYTIVEQYERAEGRHSTGG,CCCCCCCCCCCCEEEEEEEEEECCEEEEEEEEEEECCCCEEEEEEEEEECCCCCCCCHHHHHCHHCCCCEECCCCCCCCCHHHHHHCCCCEEEEEEEEECCCCEEEEEEEEEEECCEEEEEEEEEEECCCCCCCCCCCCCCCCCCCEEEEECCCCEEEEEEEEEEEECCCCEEEEEEEEEEECCCCCCCCCCEEEEEEEEECCCCCCCEEEEEEEEEEEEECCCC
41,95,EEDNNAIIKEFMRFKVHMEGSVNGHEFEIEGEGEGHPYEGTQTAKLKVTKGGPLPFAWDILSPQFMYGSKAYVKHPADIPDYLKLSFPEGFTWERVMNFEDGGVVTVTQDSSLQDGEFIYKVKLLGTNFPSDGPVMQKKTNGWEASTERMYPEDGALKGEINQRLKLKDGGHYDAEVKTTYKAKKPVQLPGAYNVDIKLDITSHNEDYTIVEQYERAEGRHSTGG,CCCCCCCCCCCCEEEEEEEEEECCEEEEEEEEEEECCCCEEEEEEEEEECCCCCCCCHHHHHCHHCCCCEECCCCCCCCCHHHHHHCCCCEEEEEEEEECCCCEEEEEEEEEEECCEEEEEEEEEEECCCCCCCCCCCCCCCCCCCEEEEECCCCEEEEEEEEEEEECCCCEEEEEEEEEEECCCCCCCCCCEEEEEEEEECCCCCCCEEEEEEEEEEEEECCCC
42,137,EEDNNAIIKEFMRFKVHMEGSVNGHEFEIEGEGEGHPYEGTQTAKLKVTKGGPLPFAWDILSPQFMYGSKAYVKHPADIPDYLKLSFPEGFTWERVMNFEDGGVVTVTQDSSLQDGEFIYKVKLLGTNFPSDGPVMQKKTNGWEASTERMYPEDGALKGEINQRLKLKDGGHYDAEVKTTYKAKKPVQLPGAYNVDIKLDITSHNEDYTIVEQYERAEGRHSTGG,CCCCCCCCCCCCEEEEEEEEEECCEEEEEEEEEEECCCCEEEEEEEEEECCCCCCCCHHHHHCHHCCCCEECCCCCCCCCHHHHHHCCCCEEEEEEEEECCCCEEEEEEEEEEECCEEEEEEEEEEECCCCCCCCCCCCCCCCCCCEEEEECCCCEEEEEEEEEEEECCCCEEEEEEEEEEECCCCCCCCCCEEEEEEEEECCCCCCCEEEEEEEEEEEEECCCC
43,138,EEDNNAIIKEFMRFKVHMEGSVNGHEFEIEGEGEGHPYEGTQTAKLKVTKGGPLPFAWDILSPQFMYGSKAYVKHPADIPDYLKLSFPEGFTWERVMNFEDGGVVTVTQDSSLQDGEFIYKVKLLGTNFPSDGPVMQKKTNGWEASTERMYPEDGALKGEINQRLKLKDGGHYDAEVKTTYKAKKPVQLPGAYNVDIKLDITSHNEDYTIVEQYERAEGRHSTGG,CCCCCCCCCCCCEEEEEEEEEECCEEEEEEEEEEECCCCEEEEEEEEEECCCCCCCCHHHHHCHHCCCCEECCCCCCCCCHHHHHHCCCCEEEEEEEEECCCCEEEEEEEEEEECCEEEEEEEEEEECCCCCCCCCCCCCCCCCCCEEEEECCCCEEEEEEEEEEEECCCCEEEEEEEEEEECCCCCCCCCCEEEEEEEEECCCCCCCEEEEEEEEEEEEECCCC
44,188,MVSELIKENMPMKLYMEGTVNNHHFKCTSEGEGKPYEGTQTMRIKVVEGGPLPFAFDILATSFMYGSRTFIKHPPGIPDFFKQSFPEGFTWERVTTYEDGGVLTATQDTSLQDGCLIYNVKVRGVNFPANGPVMQKKTLGWEASTETMYPADGGLEGACDMALKLVGGGHLICNLETTYRSKKPATNLKMPGVYNVDHRLERIKEADDETYVEQHEVAVARYSTGGAGDGGK,CCCCCCCCCCCEEEEEEEEECCEEEEEEEEEEECCCCCEEEEEEEEECCCCCCCCHHHHHCHHCCCCCCCCCCCCCCCCHHHHHCCCCCEEEEEEEECCCCEEEEEEEEEEECCEEEEEEEEEEECCCCCCCCCCCCCCCCCCCEEEEECCCCEEEEEEEEEEEECCCCEEEEEEEEEEEECCCCCCCCCCCCCEEEEEEEEEECCCCCCEEEEEEEEEEECCCCCCCCCCC
45,189,MVSELIKENMPMKLYMEGTVNNHHFKCTSEGEGKPYEGTQTMRIKVVEGGPLPFAFDILATSFMYGSRTFIKHPPGIPDFFKQSFPEGFTWERVTTYEDGGVLTATQDTSLQDGCLIYNVKVRGVNFPANGPVMQKKTLGWEASTETMYPADGGLEGACDMALKLVGGGHLICNLETTYRSKKPATNLKMPGVYNVDHRLERIKEADDETYVEQHEVAVARYSTGGAGDGGK,CCCCCCCCCCCEEEEEEEEECCEEEEEEEEEEECCCCCEEEEEEEEECCCCCCCCHHHHHCHHCCCCCCCCCCCCCCCCHHHHHCCCCCEEEEEEEECCCCEEEEEEEEEEECCEEEEEEEEEEECCCCCCCCCCCCCCCCCCCEEEEECCCCEEEEEEEEEEEECCCCEEEEEEEEEEEECCCCCCCCCCCCCEEEEEEEEEECCCCCCEEEEEEEEEEECCCCCCCCCCC
46,507,IEKKKSFAKGMGVKSTLVSGSKVYMTTFAEGSDARLEKIVEGDSIRSVNEGEAFSAEMADKNAGYKIGNAKFSHPKGYAVVANNPLYTGPVQQDMLGLKETLEKRYFGESADGNDNICIQVIHNILDIEKILAEYITNAAYAVNNISGLDKDIIGFGKFSTVYTYDEFKDPEHHRAAFNNNDKLINAIKAQYDEFDNFLDNPRLGYFGQAFFSKEGRNYIINYGNECYDILALLSGLRHWVVHNNEEESRISRTWLYNLDKNLDNEYISTLNYLYDRITNELTNSFSKNSAANVNYIAETLGINPAEFAEQYFRFSIMKEQKNLGFNITKLREVMLDRKDMSEIRKNHKVFDSIRTKVYTMMDFVIYRYYIEEDAKVAAANKSLPDNEKSLSEKDIFVINLRGSFNDDQKDALYYDEANRIWRKLENIMHNIKEFRGNKTREYKKKDAPRLPRILPAGRDVSAFSKLMYALTMFLDGKEINDLLTTLINKFDNIQSFLKVMPLIGVNAKFVEEYAFFKDSAKIADELRLIKSFARMGEPIADARRAMYIDAIRILGTNLSYDELKALADTFSLDENGNKLKKGKHGMRNFIINNVISNKRFHYLIRYGDPAHLHEIAKNEAVVKFVLGRIADIQKKQGQNGKNQIDRYYETCIGKDKGKSVSEKVDALTKIITGMNYDQFDKKRSVIEDTGRENAEREKFKKIISLYLTVIYHILKNIVNINARYVIGFHCVERDAQLYKEKGYDINLKKLEEKGFSSVTKLCAGIDETAPDKRKDVEKEMAERAKESIDSLESANPKLYANYIKYSDEKKAEEFTRQINREKAKTALNAYLRNTKWNVIIREDLLRIDNKTCTLFRNKAVHLEVARYVHAYINDIAEVNSYFQLYHYIMQRIIMNERYEKSSGKVSEYFDAVNDEKKYNDRLLKLLCVPFGYCIPRFKNLSIEALFDRNEAAKFDKEKKKVSGNS,CCHHHHHHHHCCCEEEEEECCEEEEEEECCCCCCEEEEEECCCCCCCCCCCCHHHHHHHHHHCCCCCCCCCCCCCCCEEEECCCCCCCCCCCCCCCCCHHHHHHHHHCCCCCCCCCEEEEHHHHHHCHHHHHHHHHHHHHHHHHCCCCCCCCCCHHCCCEEEECCCCCCCHHHHHCCCCCCHHHHHHHHHHHHHHHHHHCCCCCCHHHHHEEECCCCCCEECCCCHHHHHHHHHHCCCEEEECCCCCCCCCCHHHHHHCCCCCCHHHHHHHHHHHHHHHHHHHHHHHHCCHHHHHHHHHHHCCCHHHHHHHHHHHHHHHHHCCCCCCHHHHHHHHHHCCCCCHHHHHHHCHHHHHHHHHHHHHHHHHHHHHHHHHHHHHHCCCCCCCCCCCCHHHHHHHHHHHCCCHHHCCHHHHHHHHHHHHHHHHHHHHHHHHCCHHHHHHHHHCCCCCCCCCCCCCCHHHHHHHHHHHHHHHCCHHHHHHHHHHHHHHHCHHHHHHHHHHHCCCEEEECCHHHCCCHHHHHHHHHHHHHHHHCCCCCHHHHHHHHHHHHHHHCCCCCHHHHHHHHHHCCCCCCCCCCCCCCCCCCCHHHHCEECCCCEEEEEECCCHHHHHHHHCCCHHHHHHHCCCCHHHHHCCCCCCCHHHHHHHHHCCCCCCCCHHHHHHHHHHHHHCCCHHHHCCCCCHHHCCCCHHHHHHHHHHHHHHHHHHHHHHHHHHHCCCCCEEEEEEEHHHCHHHHHHHCHHHHHHHHHHCCCCHHHHHHHHCCCCCCCCCHHHHHHHHHHHHHCHHCHHHCCHHHHHCCCCCCCHHHHHHHHHHHCHHHHHHHHHHHHHHCCCCEEHHHHHHHCCCHHHHHHHHHHHHHHHHHHHHHHHHHHHHHHHHHHHHHHHHHHHHHHHCHHHHCCCHHHHHHHHHHHCCHHHHHHHHHCCCCCCCCCCCCCCCHHHHCCCCCCCCCCHHHHCCCCCC
47,508,IEKKKSFAKGMGVKSTLVSGSKVYMTTFAEGSDARLEKIVEGDSIRSVNEGEAFSAEMADKNAGYKIGNAKFSHPKGYAVVANNPLYTGPVQQDMLGLKETLEKRYFGESADGNDNICIQVIHNILDIEKILAEYITNAAYAVNNISGLDKDIIGFGKFSTVYTYDEFKDPEHHRAAFNNNDKLINAIKAQYDEFDNFLDNPRLGYFGQAFFSKEGRNYIINYGNECYDILALLSGLRHWVVHNNEEESRISRTWLYNLDKNLDNEYISTLNYLYDRITNELTNSFSKNSAANVNYIAETLGINPAEFAEQYFRFSIMKEQKNLGFNITKLREVMLDRKDMSEIRKNHKVFDSIRTKVYTMMDFVIYRYYIEEDAKVAAANKSLPDNEKSLSEKDIFVINLRGSFNDDQKDALYYDEANRIWRKLENIMHNIKEFRGNKTREYKKKDAPRLPRILPAGRDVSAFSKLMYALTMFLDGKEINDLLTTLINKFDNIQSFLKVMPLIGVNAKFVEEYAFFKDSAKIADELRLIKSFARMGEPIADARRAMYIDAIRILGTNLSYDELKALADTFSLDENGNKLKKGKHGMRNFIINNVISNKRFHYLIRYGDPAHLHEIAKNEAVVKFVLGRIADIQKKQGQNGKNQIDRYYETCIGKDKGKSVSEKVDALTKIITGMNYDQFDKKRSVIEDTGRENAEREKFKKIISLYLTVIYHILKNIVNINARYVIGFHCVERDAQLYKEKGYDINLKKLEEKGFSSVTKLCAGIDETAPDKRKDVEKEMAERAKESIDSLESANPKLYANYIKYSDEKKAEEFTRQINREKAKTALNAYLRNTKWNVIIREDLLRIDNKTCTLFRNKAVHLEVARYVHAYINDIAEVNSYFQLYHYIMQRIIMNERYEKSSGKVSEYFDAVNDEKKYNDRLLKLLCVPFGYCIPRFKNLSIEALFDRNEAAKFDKEKKKVSGNS,CCHHHHHHHHCCCEEEEEECCEEEEEEECCCCCCEEEEEECCCCCCCCCCCCHHHHHHHHHHCCCCCCCCCCCCCCCEEEECCCCCCCCCCCCCCCCCHHHHHHHHHCCCCCCCCCEEEEHHHHHHCHHHHHHHHHHHHHHHHHCCCCCCCCCCHHCCCEEEECCCCCCCHHHHHCCCCCCHHHHHHHHHHHHHHHHHHCCCCCCHHHHHEEECCCCCCEECCCCHHHHHHHHHHCCCEEEECCCCCCCCCCHHHHHHCCCCCCHHHHHHHHHHHHHHHHHHHHHHHHCCHHHHHHHHHHHCCCHHHHHHHHHHHHHHHHHCCCCCCHHHHHHHHHHCCCCCHHHHHHHCHHHHHHHHHHHHHHHHHHHHHHHHHHHHHHCCCCCCCCCCCCHHHHHHHHHHHCCCHHHCCHHHHHHHHHHHHHHHHHHHHHHHHCCHHHHHHHHHCCCCCCCCCCCCCCHHHHHHHHHHHHHHHCCHHHHHHHHHHHHHHHCHHHHHHHHHHHCCCEEEECCHHHCCCHHHHHHHHHHHHHHHHCCCCCHHHHHHHHHHHHHHHCCCCCHHHHHHHHHHCCCCCCCCCCCCCCCCCCCHHHHCEECCCCEEEEEECCCHHHHHHHHCCCHHHHHHHCCCCHHHHHCCCCCCCHHHHHHHHHCCCCCCCCHHHHHHHHHHHHHCCCHHHHCCCCCHHHCCCCHHHHHHHHHHHHHHHHHHHHHHHHHHHCCCCCEEEEEEEHHHCHHHHHHHCHHHHHHHHHHCCCCHHHHHHHHCCCCCCCCCHHHHHHHHHHHHHCHHCHHHCCHHHHHCCCCCCCHHHHHHHHHHHCHHHHHHHHHHHHHHCCCCEEHHHHHHHCCCHHHHHHHHHHHHHHHHHHHHHHHHHHHHHHHHHHHHHHHHHHHHHHHCHHHHCCCHHHHHHHHHHHCCHHHHHHHHHCCCCCCCCCCCCCCCHHHHCCCCCCCCCCHHHHCCCCCC
48,406,MSKLEKFTNCYSLSKTLRFKAIPVGKTQENIDNKRLLVEDEKRAEDYKGVKKLLDRYYLSFINDVLHSIKLKNLNNYISLFRKKTRTEKENKELENLEINLRKEIAKAFKGNEGYKSLFKKDIIETILPEFLDDKDEIALVNSFNGFTTAFTGFFDNRENMFSEEAKSTSIAFRCINENLTRYISNMDIFEKVDAIFDKHEVQEIKEKILNSDYDVEDFFEGEFFNFVLTQEGIDVYNAIIGGFVTESGEKIKGLNEYINLYNQKTKQKLPKFKPLYKQVLSDRESLSFYGEGYTSDEEVLEVFRNTLNKNSEIFSSIKKLEKLFKNFDEYSSAGIFVKNGPAISTISKDIFGEWNVIRDKWNAEYDDIHLKKKAVVTEKYEDDRRKSFKKIGSFSLEQLQEYADADLSVVEKLKEIIIQKVDEIYKVYGSSEKLFDADFVLEKSLKKNDAVVAIMKDLLDSVKSFENYIKAFFGEGKETNRDESFYGDFVLAYDILLKVDHIYDAIRNYVTQKPYSKDKFKLYFQNPQFMGGWDKDKETDYRATILRYGSKYYLAIMDKKYAKCLQKIDKDDVNGNYEKINYKLLPGPNKMLPKVFFSKKWMAYYNPSEDIQKIYKNGTFKKGDMFNLNDCHKLIDFFKDSISRYPKWSNAYDFNFSETEKYKDIAGFYREVEEQGYKVSFESASKKEVDKLVEEGKLYMFQIYNKDFSDKSHGTPNLHTMYFKLLFDENNHGQIRLSGGAELFMRRASLKKEELVVHPANSPIANKNPDNPKKTTTLSYDVYKDKRFSEDQYELHIPIAINKCPKNIFKINTEVRVLLKHDDNPYVIGIDRGERNLLYIVVVDGKGNIVEQYSLNEIINNFNGIRIKTDYHSLLDKKEKERFEARQNWTSIENIKELKAGYISQVVHKICELVEKYDAVIALEDLNSGFKNSRVKVEKQVYQKFEKMLIDKLNYMVDKKSNPCATGGALKGYQITNKFESFKSMSTQNGFIFYIPAWLTSKIDPSTGFVNLLKTKYTSIADSKKFISSFDRIMYVPEEDLFEFALDYKNFSRTDADYIKKWKLYSYGNRIRIFRNPKKNNVFDWEEVCLTSAYKELFNKYGINYQQGDIRALLCEQSDKAFYSSFMALMSLMLQMRNSITGRTDVDFLISPVKNSDGIFYDSRNYEAQENAILPKNADANGAYNIARKVLWAIGQFKKAEDEKLDKVKIAISNKEWLEYAQTSVKH,CCHHHHHCCCCCCCCEEEEEEEECCCHHHHHHHCCCCHHHHHHHHHHHHHHHHHHHHHHHHHHHHHHCCCCCCHHHHHHHHHHHCCCHHHHHHHHHHHHHHHHHHHHHHCCCCCCHHHCCHHHHHHHHHHCCCCHHHHHHHHHHCCCCHHHHHHHHHHHHCCCCCHHHHCHHHHHHHHHHHHHHHHHHHHHHHHHHCCHHHHHHHHHHHHCCCCCHHHHCCHHHHHHCCCHHCHHHHHHHHCCCCCCCCCCCCCHHHHHHHHHHHCCCCCCCCHHHHCCCCCCCCCCCCCCCCCCCHHHHHHHHHHHHHHHHHHHHHHHHHHHHHHHHHHCCCCCEEEECCHHHHHHHHHHHCCHHHHHHHHHHHHHHHHHCCHHHCCCCCHHHHHHHHCCCCCCCHHHHHHHHHHCHHHHHHHHHHHHHHHHHHHHHHHHHHHHHCCCHHHHHHHCCCHHHHHHHHHHHHHHHHHHHHHHHHHCCCCCCCCCCCCCCCHHHHHHHHHHHHHHHHHHHHHCCCCCCCCCCEECCCCCCCCCCCCCCCCCCCCEEEEEEECCEEEEEEEEHHHHHHHHHHCCCCCCCCEEEEEHHHCCCCCCCCCEEECCHHHHHHCCCCHHHHHHHHCCCCCCCCCCCHHHHHHHHHHHHHHHHHCCHHHHHCCCCCCCCHHCCCHHHHHHHHHHCCEEEEEEECCHHHHHHHHHCCCEEEEEEEECCCCCCCCCCCCCHHHHHHHHHCCCCCCCCCCCCCCEEEEECHHCCCCCCCCCCCCCCCCCCCCCCCCCCCCCCCCCCCCCCCCCCEEEEEEEEEECCCCCCCCCCCCHHHHHCCCCCCCCEEEEECCCCCEEEEEEECCCCCEECCCCHHHHHCCCCHHHHHHHHHHHHHHHHCCCHHHHHHHHHHHHHHHHHHHHHHHHHHHHHHHHHHHCCEEEEECCCCCCCCHHHHHHHHHHHHHHHHHHHHHHHHCCCCCCCCCCCCCCHHHHHHCCHHHHHHHHHCCCEEEEECHHHCCCCCCCCCCCCCCCCCCCCHHHHHHHHHCCCCEEEECCCCEEEEEECHHHCCCCCCCCCCCEEEEECCCEEEEEECCCCCCCCCCEEECHHHHHHHHHHHCCCCCCCCCHHHHHHHCCCHHHHHHHHHHHHHHHHHHCCCCCCCCCCEEECCEECCCCCCCCCCCHHHHCCCCCCCCCCCCHHHHHHHHHHHHHHHHHHCCCCCCCCCCEEECHHHHHHHHHHHHCC
49,373,MSKLEKFTNCYSLSKTLRFKAIPVGKTQENIDNKRLLVEDEKRAEDYKGVKKLLDRYYLSFINDVLHSIKLKNLNNYISLFRKKTRTEKENKELENLEINLRKEIAKAFKGNEGYKSLFKKDIIETILPEFLDDKDEIALVNSFNGFTTAFTGFFDNRENMFSEEAKSTSIAFRCINENLTRYISNMDIFEKVDAIFDKHEVQEIKEKILNSDYDVEDFFEGEFFNFVLTQEGIDVYNAIIGGFVTESGEKIKGLNEYINLYNQKTKQKLPKFKPLYKQVLSDRESLSFYGEGYTSDEEVLEVFRNTLNKNSEIFSSIKKLEKLFKNFDEYSSAGIFVKNGPAISTISKDIFGEWNVIRDKWNAEYDDIHLKKKAVVTEKYEDDRRKSFKKIGSFSLEQLQEYADADLSVVEKLKEIIIQKVDEIYKVYGSSEKLFDADFVLEKSLKKNDAVVAIMKDLLDSVKSFENYIKAFFGEGKETNRDESFYGDFVLAYDILLKVDHIYDAIRNYVTQKPYSKDKFKLYFQNPQFMGGWDKDKETDYRATILRYGSKYYLAIMDKKYAKCLQKIDKDDVNGNYEKINYKLLPGPNKMLPKVFFSKKWMAYYNPSEDIQKIYKNGTFKKGDMFNLNDCHKLIDFFKDSISRYPKWSNAYDFNFSETEKYKDIAGFYREVEEQGYKVSFESASKKEVDKLVEEGKLYMFQIYNKDFSDKSHGTPNLHTMYFKLLFDENNHGQIRLSGGAELFMRRASLKKEELVVHPANSPIANKNPDNPKKTTTLSYDVYKDKRFSEDQYELHIPIAINKCPKNIFKINTEVRVLLKHDDNPYVIGIDRGERNLLYIVVVDGKGNIVEQYSLNEIINNFNGIRIKTDYHSLLDKKEKERFEARQNWTSIENIKELKAGYISQVVHKICELVEKYDAVIALEDLNSGFKNSRVKVEKQVYQKFEKMLIDKLNYMVDKKSNPCATGGALKGYQITNKFESFKSMSTQNGFIFYIPAWLTSKIDPSTGFVNLLKTKYTSIADSKKFISSFDRIMYVPEEDLFEFALDYKNFSRTDADYIKKWKLYSYGNRIRIFRNPKKNNVFDWEEVCLTSAYKELFNKYGINYQQGDIRALLCEQSDKAFYSSFMALMSLMLQMRNSITGRTDVDFLISPVKNSDGIFYDSRNYEAQENAILPKNADANGAYNIARKVLWAIGQFKKAEDEKLDKVKIAISNKEWLEYAQTSVKH,CCHHHHHCCCCCCCCEEEEEEEECCCHHHHHHHCCCCHHHHHHHHHHHHHHHHHHHHHHHHHHHHHHCCCCCCHHHHHHHHHHHCCCHHHHHHHHHHHHHHHHHHHHHHCCCCCCHHHCCHHHHHHHHHHCCCCHHHHHHHHHHCCCCHHHHHHHHHHHHCCCCCHHHHCHHHHHHHHHHHHHHHHHHHHHHHHHHCCHHHHHHHHHHHHCCCCCHHHHCCHHHHHHCCCHHCHHHHHHHHCCCCCCCCCCCCCHHHHHHHHHHHCCCCCCCCHHHHCCCCCCCCCCCCCCCCCCCHHHHHHHHHHHHHHHHHHHHHHHHHHHHHHHHHHCCCCCEEEECCHHHHHHHHHHHCCHHHHHHHHHHHHHHHHHCCHHHCCCCCHHHHHHHHCCCCCCCHHHHHHHHHHCHHHHHHHHHHHHHHHHHHHHHHHHHHHHHCCCHHHHHHHCCCHHHHHHHHHHHHHHHHHHHHHHHHHCCCCCCCCCCCCCCCHHHHHHHHHHHHHHHHHHHHHCCCCCCCCCCEECCCCCCCCCCCCCCCCCCCCEEEEEEECCEEEEEEEEHHHHHHHHHHCCCCCCCCEEEEEHHHCCCCCCCCCEEECCHHHHHHCCCCHHHHHHHHCCCCCCCCCCCHHHHHHHHHHHHHHHHHCCHHHHHCCCCCCCCHHCCCHHHHHHHHHHCCEEEEEEECCHHHHHHHHHCCCEEEEEEEECCCCCCCCCCCCCHHHHHHHHHCCCCCCCCCCCCCCEEEEECHHCCCCCCCCCCCCCCCCCCCCCCCCCCCCCCCCCCCCCCCCCCEEEEEEEEEECCCCCCCCCCCCHHHHHCCCCCCCCEEEEECCCCCEEEEEEECCCCCEECCCCHHHHHCCCCHHHHHHHHHHHHHHHHCCCHHHHHHHHHHHHHHHHHHHHHHHHHHHHHHHHHHHCCEEEEECCCCCCCCHHHHHHHHHHHHHHHHHHHHHHHHCCCCCCCCCCCCCCHHHHHHCCHHHHHHHHHCCCEEEEECHHHCCCCCCCCCCCCCCCCCCCCHHHHHHHHHCCCCEEEECCCCEEEEEECHHHCCCCCCCCCCCEEEEECCCEEEEEECCCCCCCCCCEEECHHHHHHHHHHHCCCCCCCCCHHHHHHHCCCHHHHHHHHHHHHHHHHHHCCCCCCCCCCEEECCEECCCCCCCCCCCHHHHCCCCCCCCCCCCHHHHHHHHHHHHHHHHHHCCCCCCCCCCEEECHHHHHHHHHHHHCC
50,443,MSKLEKFTNCYSLSKTLRFKAIPVGKTQENIDNKRLLVEDEKRAEDYKGVKKLLDRYYLSFINDVLHSIKLKNLNNYISLFRKKTRTEKENKELENLEINLRKEIAKAFKGNEGYKSLFKKDIIETILPEFLDDKDEIALVNSFNGFTTAFTGFFDNRENMFSEEAKSTSIAFRCINENLTRYISNMDIFEKVDAIFDKHEVQEIKEKILNSDYDVEDFFEGEFFNFVLTQEGIDVYNAIIGGFVTESGEKIKGLNEYINLYNQKTKQKLPKFKPLYKQVLSDRESLSFYGEGYTSDEEVLEVFRNTLNKNSEIFSSIKKLEKLFKNFDEYSSAGIFVKNGPAISTISKDIFGEWNVIRDKWNAEYDDIHLKKKAVVTEKYEDDRRKSFKKIGSFSLEQLQEYADADLSVVEKLKEIIIQKVDEIYKVYGSSEKLFDADFVLEKSLKKNDAVVAIMKDLLDSVKSFENYIKAFFGEGKETNRDESFYGDFVLAYDILLKVDHIYDAIRNYVTQKPYSKDKFKLYFQNPQFMGGWDKDKETDYRATILRYGSKYYLAIMDKKYAKCLQKIDKDDVNGNYEKINYKLLPGPNKMLPKVFFSKKWMAYYNPSEDIQKIYKNGTFKKGDMFNLNDCHKLIDFFKDSISRYPKWSNAYDFNFSETEKYKDIAGFYREVEEQGYKVSFESASKKEVDKLVEEGKLYMFQIYNKDFSDKSHGTPNLHTMYFKLLFDENNHGQIRLSGGAELFMRRASLKKEELVVHPANSPIANKNPDNPKKTTTLSYDVYKDKRFSEDQYELHIPIAINKCPKNIFKINTEVRVLLKHDDNPYVIGIDRGERNLLYIVVVDGKGNIVEQYSLNEIINNFNGIRIKTDYHSLLDKKEKERFEARQNWTSIENIKELKAGYISQVVHKICELVEKYDAVIALEDLNSGFKNSRVKVEKQVYQKFEKMLIDKLNYMVDKKSNPCATGGALKGYQITNKFESFKSMSTQNGFIFYIPAWLTSKIDPSTGFVNLLKTKYTSIADSKKFISSFDRIMYVPEEDLFEFALDYKNFSRTDADYIKKWKLYSYGNRIRIFRNPKKNNVFDWEEVCLTSAYKELFNKYGINYQQGDIRALLCEQSDKAFYSSFMALMSLMLQMRNSITGRTDVDFLISPVKNSDGIFYDSRNYEAQENAILPKNADANGAYNIARKVLWAIGQFKKAEDEKLDKVKIAISNKEWLEYAQTSVKH,CCHHHHHCCCCCCCCEEEEEEEECCCHHHHHHHCCCCHHHHHHHHHHHHHHHHHHHHHHHHHHHHHHCCCCCCHHHHHHHHHHHCCCHHHHHHHHHHHHHHHHHHHHHHCCCCCCHHHCCHHHHHHHHHHCCCCHHHHHHHHHHCCCCHHHHHHHHHHHHCCCCCHHHHCHHHHHHHHHHHHHHHHHHHHHHHHHHCCHHHHHHHHHHHHCCCCCHHHHCCHHHHHHCCCHHCHHHHHHHHCCCCCCCCCCCCCHHHHHHHHHHHCCCCCCCCHHHHCCCCCCCCCCCCCCCCCCCHHHHHHHHHHHHHHHHHHHHHHHHHHHHHHHHHHCCCCCEEEECCHHHHHHHHHHHCCHHHHHHHHHHHHHHHHHCCHHHCCCCCHHHHHHHHCCCCCCCHHHHHHHHHHCHHHHHHHHHHHHHHHHHHHHHHHHHHHHHCCCHHHHHHHCCCHHHHHHHHHHHHHHHHHHHHHHHHHCCCCCCCCCCCCCCCHHHHHHHHHHHHHHHHHHHHHCCCCCCCCCCEECCCCCCCCCCCCCCCCCCCCEEEEEEECCEEEEEEEEHHHHHHHHHHCCCCCCCCEEEEEHHHCCCCCCCCCEEECCHHHHHHCCCCHHHHHHHHCCCCCCCCCCCHHHHHHHHHHHHHHHHHCCHHHHHCCCCCCCCHHCCCHHHHHHHHHHCCEEEEEEECCHHHHHHHHHCCCEEEEEEEECCCCCCCCCCCCCHHHHHHHHHCCCCCCCCCCCCCCEEEEECHHCCCCCCCCCCCCCCCCCCCCCCCCCCCCCCCCCCCCCCCCCCEEEEEEEEEECCCCCCCCCCCCHHHHHCCCCCCCCEEEEECCCCCEEEEEEECCCCCEECCCCHHHHHCCCCHHHHHHHHHHHHHHHHCCCHHHHHHHHHHHHHHHHHHHHHHHHHHHHHHHHHHHCCEEEEECCCCCCCCHHHHHHHHHHHHHHHHHHHHHHHHCCCCCCCCCCCCCCHHHHHHCCHHHHHHHHHCCCEEEEECHHHCCCCCCCCCCCCCCCCCCCCHHHHHHHHHCCCCEEEECCCCEEEEEECHHHCCCCCCCCCCCEEEEECCCEEEEEECCCCCCCCCCEEECHHHHHHHHHHHCCCCCCCCCHHHHHHHCCCHHHHHHHHHHHHHHHHHHCCCCCCCCCCEEECCEECCCCCCCCCCCHHHHCCCCCCCCCCCCHHHHHHHHHHHHHHHHHHCCCCCCCCCCEEECHHHHHHHHHHHHCC
51,550,MSKLEKFTNCYSLSKTLRFKAIPVGKTQENIDNKRLLVEDEKRAEDYKGVKKLLDRYYLSFINDVLHSIKLKNLNNYISLFRKKTRTEKENKELENLEINLRKEIAKAFKGNEGYKSLFKKDIIETILPEFLDDKDEIALVNSFNGFTTAFTGFFDNRENMFSEEAKSTSIAFRCINENLTRYISNMDIFEKVDAIFDKHEVQEIKEKILNSDYDVEDFFEGEFFNFVLTQEGIDVYNAIIGGFVTESGEKIKGLNEYINLYNQKTKQKLPKFKPLYKQVLSDRESLSFYGEGYTSDEEVLEVFRNTLNKNSEIFSSIKKLEKLFKNFDEYSSAGIFVKNGPAISTISKDIFGEWNVIRDKWNAEYDDIHLKKKAVVTEKYEDDRRKSFKKIGSFSLEQLQEYADADLSVVEKLKEIIIQKVDEIYKVYGSSEKLFDADFVLEKSLKKNDAVVAIMKDLLDSVKSFENYIKAFFGEGKETNRDESFYGDFVLAYDILLKVDHIYDAIRNYVTQKPYSKDKFKLYFQNPQFMGGWDKDKETDYRATILRYGSKYYLAIMDKKYAKCLQKIDKDDVNGNYEKINYKLLPGPNKMLPKVFFSKKWMAYYNPSEDIQKIYKNGTFKKGDMFNLNDCHKLIDFFKDSISRYPKWSNAYDFNFSETEKYKDIAGFYREVEEQGYKVSFESASKKEVDKLVEEGKLYMFQIYNKDFSDKSHGTPNLHTMYFKLLFDENNHGQIRLSGGAELFMRRASLKKEELVVHPANSPIANKNPDNPKKTTTLSYDVYKDKRFSEDQYELHIPIAINKCPKNIFKINTEVRVLLKHDDNPYVIGIDRGERNLLYIVVVDGKGNIVEQYSLNEIINNFNGIRIKTDYHSLLDKKEKERFEARQNWTSIENIKELKAGYISQVVHKICELVEKYDAVIALEDLNSGFKNSRVKVEKQVYQKFEKMLIDKLNYMVDKKSNPCATGGALKGYQITNKFESFKSMSTQNGFIFYIPAWLTSKIDPSTGFVNLLKTKYTSIADSKKFISSFDRIMYVPEEDLFEFALDYKNFSRTDADYIKKWKLYSYGNRIRIFRNPKKNNVFDWEEVCLTSAYKELFNKYGINYQQGDIRALLCEQSDKAFYSSFMALMSLMLQMRNSITGRTDVDFLISPVKNSDGIFYDSRNYEAQENAILPKNADANGAYNIARKVLWAIGQFKKAEDEKLDKVKIAISNKEWLEYAQTSVKH,CCHHHHHCCCCCCCCEEEEEEEECCCHHHHHHHCCCCHHHHHHHHHHHHHHHHHHHHHHHHHHHHHHCCCCCCHHHHHHHHHHHCCCHHHHHHHHHHHHHHHHHHHHHHCCCCCCHHHCCHHHHHHHHHHCCCCHHHHHHHHHHCCCCHHHHHHHHHHHHCCCCCHHHHCHHHHHHHHHHHHHHHHHHHHHHHHHHCCHHHHHHHHHHHHCCCCCHHHHCCHHHHHHCCCHHCHHHHHHHHCCCCCCCCCCCCCHHHHHHHHHHHCCCCCCCCHHHHCCCCCCCCCCCCCCCCCCCHHHHHHHHHHHHHHHHHHHHHHHHHHHHHHHHHHCCCCCEEEECCHHHHHHHHHHHCCHHHHHHHHHHHHHHHHHCCHHHCCCCCHHHHHHHHCCCCCCCHHHHHHHHHHCHHHHHHHHHHHHHHHHHHHHHHHHHHHHHCCCHHHHHHHCCCHHHHHHHHHHHHHHHHHHHHHHHHHCCCCCCCCCCCCCCCHHHHHHHHHHHHHHHHHHHHHCCCCCCCCCCEECCCCCCCCCCCCCCCCCCCCEEEEEEECCEEEEEEEEHHHHHHHHHHCCCCCCCCEEEEEHHHCCCCCCCCCEEECCHHHHHHCCCCHHHHHHHHCCCCCCCCCCCHHHHHHHHHHHHHHHHHCCHHHHHCCCCCCCCHHCCCHHHHHHHHHHCCEEEEEEECCHHHHHHHHHCCCEEEEEEEECCCCCCCCCCCCCHHHHHHHHHCCCCCCCCCCCCCCEEEEECHHCCCCCCCCCCCCCCCCCCCCCCCCCCCCCCCCCCCCCCCCCCEEEEEEEEEECCCCCCCCCCCCHHHHHCCCCCCCCEEEEECCCCCEEEEEEECCCCCEECCCCHHHHHCCCCHHHHHHHHHHHHHHHHCCCHHHHHHHHHHHHHHHHHHHHHHHHHHHHHHHHHHHCCEEEEECCCCCCCCHHHHHHHHHHHHHHHHHHHHHHHHCCCCCCCCCCCCCCHHHHHHCCHHHHHHHHHCCCEEEEECHHHCCCCCCCCCCCCCCCCCCCCHHHHHHHHHCCCCEEEECCCCEEEEEECHHHCCCCCCCCCCCEEEEECCCEEEEEECCCCCCCCCCEEECHHHHHHHHHHHCCCCCCCCCHHHHHHHCCCHHHHHHHHHHHHHHHHHHCCCCCCCCCCEEECCEECCCCCCCCCCCHHHHCCCCCCCCCCCCHHHHHHHHHHHHHHHHHHCCCCCCCCCCEEECHHHHHHHHHHHHCC
52,574,MSKLEKFTNCYSLSKTLRFKAIPVGKTQENIDNKRLLVEDEKRAEDYKGVKKLLDRYYLSFINDVLHSIKLKNLNNYISLFRKKTRTEKENKELENLEINLRKEIAKAFKGNEGYKSLFKKDIIETILPEFLDDKDEIALVNSFNGFTTAFTGFFDNRENMFSEEAKSTSIAFRCINENLTRYISNMDIFEKVDAIFDKHEVQEIKEKILNSDYDVEDFFEGEFFNFVLTQEGIDVYNAIIGGFVTESGEKIKGLNEYINLYNQKTKQKLPKFKPLYKQVLSDRESLSFYGEGYTSDEEVLEVFRNTLNKNSEIFSSIKKLEKLFKNFDEYSSAGIFVKNGPAISTISKDIFGEWNVIRDKWNAEYDDIHLKKKAVVTEKYEDDRRKSFKKIGSFSLEQLQEYADADLSVVEKLKEIIIQKVDEIYKVYGSSEKLFDADFVLEKSLKKNDAVVAIMKDLLDSVKSFENYIKAFFGEGKETNRDESFYGDFVLAYDILLKVDHIYDAIRNYVTQKPYSKDKFKLYFQNPQFMGGWDKDKETDYRATILRYGSKYYLAIMDKKYAKCLQKIDKDDVNGNYEKINYKLLPGPNKMLPKVFFSKKWMAYYNPSEDIQKIYKNGTFKKGDMFNLNDCHKLIDFFKDSISRYPKWSNAYDFNFSETEKYKDIAGFYREVEEQGYKVSFESASKKEVDKLVEEGKLYMFQIYNKDFSDKSHGTPNLHTMYFKLLFDENNHGQIRLSGGAELFMRRASLKKEELVVHPANSPIANKNPDNPKKTTTLSYDVYKDKRFSEDQYELHIPIAINKCPKNIFKINTEVRVLLKHDDNPYVIGIDRGERNLLYIVVVDGKGNIVEQYSLNEIINNFNGIRIKTDYHSLLDKKEKERFEARQNWTSIENIKELKAGYISQVVHKICELVEKYDAVIALEDLNSGFKNSRVKVEKQVYQKFEKMLIDKLNYMVDKKSNPCATGGALKGYQITNKFESFKSMSTQNGFIFYIPAWLTSKIDPSTGFVNLLKTKYTSIADSKKFISSFDRIMYVPEEDLFEFALDYKNFSRTDADYIKKWKLYSYGNRIRIFRNPKKNNVFDWEEVCLTSAYKELFNKYGINYQQGDIRALLCEQSDKAFYSSFMALMSLMLQMRNSITGRTDVDFLISPVKNSDGIFYDSRNYEAQENAILPKNADANGAYNIARKVLWAIGQFKKAEDEKLDKVKIAISNKEWLEYAQTSVKH,CCHHHHHCCCCCCCCEEEEEEEECCCHHHHHHHCCCCHHHHHHHHHHHHHHHHHHHHHHHHHHHHHHCCCCCCHHHHHHHHHHHCCCHHHHHHHHHHHHHHHHHHHHHHCCCCCCHHHCCHHHHHHHHHHCCCCHHHHHHHHHHCCCCHHHHHHHHHHHHCCCCCHHHHCHHHHHHHHHHHHHHHHHHHHHHHHHHCCHHHHHHHHHHHHCCCCCHHHHCCHHHHHHCCCHHCHHHHHHHHCCCCCCCCCCCCCHHHHHHHHHHHCCCCCCCCHHHHCCCCCCCCCCCCCCCCCCCHHHHHHHHHHHHHHHHHHHHHHHHHHHHHHHHHHCCCCCEEEECCHHHHHHHHHHHCCHHHHHHHHHHHHHHHHHCCHHHCCCCCHHHHHHHHCCCCCCCHHHHHHHHHHCHHHHHHHHHHHHHHHHHHHHHHHHHHHHHCCCHHHHHHHCCCHHHHHHHHHHHHHHHHHHHHHHHHHCCCCCCCCCCCCCCCHHHHHHHHHHHHHHHHHHHHHCCCCCCCCCCEECCCCCCCCCCCCCCCCCCCCEEEEEEECCEEEEEEEEHHHHHHHHHHCCCCCCCCEEEEEHHHCCCCCCCCCEEECCHHHHHHCCCCHHHHHHHHCCCCCCCCCCCHHHHHHHHHHHHHHHHHCCHHHHHCCCCCCCCHHCCCHHHHHHHHHHCCEEEEEEECCHHHHHHHHHCCCEEEEEEEECCCCCCCCCCCCCHHHHHHHHHCCCCCCCCCCCCCCEEEEECHHCCCCCCCCCCCCCCCCCCCCCCCCCCCCCCCCCCCCCCCCCCEEEEEEEEEECCCCCCCCCCCCHHHHHCCCCCCCCEEEEECCCCCEEEEEEECCCCCEECCCCHHHHHCCCCHHHHHHHHHHHHHHHHCCCHHHHHHHHHHHHHHHHHHHHHHHHHHHHHHHHHHHCCEEEEECCCCCCCCHHHHHHHHHHHHHHHHHHHHHHHHCCCCCCCCCCCCCCHHHHHHCCHHHHHHHHHCCCEEEEECHHHCCCCCCCCCCCCCCCCCCCCHHHHHHHHHCCCCEEEECCCCEEEEEECHHHCCCCCCCCCCCEEEEECCCEEEEEECCCCCCCCCCEEECHHHHHHHHHHHCCCCCCCCCHHHHHHHCCCHHHHHHHHHHHHHHHHHHCCCCCCCCCCEEECCEECCCCCCCCCCCHHHHCCCCCCCCCCCCHHHHHHHHHHHHHHHHHHCCCCCCCCCCEEECHHHHHHHHHHHHCC
53,607,MSKLEKFTNCYSLSKTLRFKAIPVGKTQENIDNKRLLVEDEKRAEDYKGVKKLLDRYYLSFINDVLHSIKLKNLNNYISLFRKKTRTEKENKELENLEINLRKEIAKAFKGNEGYKSLFKKDIIETILPEFLDDKDEIALVNSFNGFTTAFTGFFDNRENMFSEEAKSTSIAFRCINENLTRYISNMDIFEKVDAIFDKHEVQEIKEKILNSDYDVEDFFEGEFFNFVLTQEGIDVYNAIIGGFVTESGEKIKGLNEYINLYNQKTKQKLPKFKPLYKQVLSDRESLSFYGEGYTSDEEVLEVFRNTLNKNSEIFSSIKKLEKLFKNFDEYSSAGIFVKNGPAISTISKDIFGEWNVIRDKWNAEYDDIHLKKKAVVTEKYEDDRRKSFKKIGSFSLEQLQEYADADLSVVEKLKEIIIQKVDEIYKVYGSSEKLFDADFVLEKSLKKNDAVVAIMKDLLDSVKSFENYIKAFFGEGKETNRDESFYGDFVLAYDILLKVDHIYDAIRNYVTQKPYSKDKFKLYFQNPQFMGGWDKDKETDYRATILRYGSKYYLAIMDKKYAKCLQKIDKDDVNGNYEKINYKLLPGPNKMLPKVFFSKKWMAYYNPSEDIQKIYKNGTFKKGDMFNLNDCHKLIDFFKDSISRYPKWSNAYDFNFSETEKYKDIAGFYREVEEQGYKVSFESASKKEVDKLVEEGKLYMFQIYNKDFSDKSHGTPNLHTMYFKLLFDENNHGQIRLSGGAELFMRRASLKKEELVVHPANSPIANKNPDNPKKTTTLSYDVYKDKRFSEDQYELHIPIAINKCPKNIFKINTEVRVLLKHDDNPYVIGIDRGERNLLYIVVVDGKGNIVEQYSLNEIINNFNGIRIKTDYHSLLDKKEKERFEARQNWTSIENIKELKAGYISQVVHKICELVEKYDAVIALEDLNSGFKNSRVKVEKQVYQKFEKMLIDKLNYMVDKKSNPCATGGALKGYQITNKFESFKSMSTQNGFIFYIPAWLTSKIDPSTGFVNLLKTKYTSIADSKKFISSFDRIMYVPEEDLFEFALDYKNFSRTDADYIKKWKLYSYGNRIRIFRNPKKNNVFDWEEVCLTSAYKELFNKYGINYQQGDIRALLCEQSDKAFYSSFMALMSLMLQMRNSITGRTDVDFLISPVKNSDGIFYDSRNYEAQENAILPKNADANGAYNIARKVLWAIGQFKKAEDEKLDKVKIAISNKEWLEYAQTSVKH,CCHHHHHCCCCCCCCEEEEEEEECCCHHHHHHHCCCCHHHHHHHHHHHHHHHHHHHHHHHHHHHHHHCCCCCCHHHHHHHHHHHCCCHHHHHHHHHHHHHHHHHHHHHHCCCCCCHHHCCHHHHHHHHHHCCCCHHHHHHHHHHCCCCHHHHHHHHHHHHCCCCCHHHHCHHHHHHHHHHHHHHHHHHHHHHHHHHCCHHHHHHHHHHHHCCCCCHHHHCCHHHHHHCCCHHCHHHHHHHHCCCCCCCCCCCCCHHHHHHHHHHHCCCCCCCCHHHHCCCCCCCCCCCCCCCCCCCHHHHHHHHHHHHHHHHHHHHHHHHHHHHHHHHHHCCCCCEEEECCHHHHHHHHHHHCCHHHHHHHHHHHHHHHHHCCHHHCCCCCHHHHHHHHCCCCCCCHHHHHHHHHHCHHHHHHHHHHHHHHHHHHHHHHHHHHHHHCCCHHHHHHHCCCHHHHHHHHHHHHHHHHHHHHHHHHHCCCCCCCCCCCCCCCHHHHHHHHHHHHHHHHHHHHHCCCCCCCCCCEECCCCCCCCCCCCCCCCCCCCEEEEEEECCEEEEEEEEHHHHHHHHHHCCCCCCCCEEEEEHHHCCCCCCCCCEEECCHHHHHHCCCCHHHHHHHHCCCCCCCCCCCHHHHHHHHHHHHHHHHHCCHHHHHCCCCCCCCHHCCCHHHHHHHHHHCCEEEEEEECCHHHHHHHHHCCCEEEEEEEECCCCCCCCCCCCCHHHHHHHHHCCCCCCCCCCCCCCEEEEECHHCCCCCCCCCCCCCCCCCCCCCCCCCCCCCCCCCCCCCCCCCCEEEEEEEEEECCCCCCCCCCCCHHHHHCCCCCCCCEEEEECCCCCEEEEEEECCCCCEECCCCHHHHHCCCCHHHHHHHHHHHHHHHHCCCHHHHHHHHHHHHHHHHHHHHHHHHHHHHHHHHHHHCCEEEEECCCCCCCCHHHHHHHHHHHHHHHHHHHHHHHHCCCCCCCCCCCCCCHHHHHHCCHHHHHHHHHCCCEEEEECHHHCCCCCCCCCCCCCCCCCCCCHHHHHHHHHCCCCEEEECCCCEEEEEECHHHCCCCCCCCCCCEEEEECCCEEEEEECCCCCCCCCCEEECHHHHHHHHHHHCCCCCCCCCHHHHHHHCCCHHHHHHHHHHHHHHHHHHCCCCCCCCCCEEECCEECCCCCCCCCCCHHHHCCCCCCCCCCCCHHHHHHHHHHHHHHHHHHCCCCCCCCCCEEECHHHHHHHHHHHHCC
