Split Site,Sequence,Secondary
157,MSKGEELFTGVVPILVELDGDVNGHKFSVSGEGEGDATYGKLTLKFICTTGKLPVPWPTLVTTFSYGVQCFSRYPDHMKQHDFFKSAMPEGYVQERTIFFKDDGNYKTRAEVKFEGDTLVNRIELKGIDFKEDGNILGHKLEYNYNSHNVYIMADKQKNGIKVNFKIRHNIEDGSVQLADHYQQNTPIGDGPVLLPDNHYLSTQSALSKDPNEKRDHMVLLEFVTAAGITHGMDELYK,CCCCHHHCCCCCEEEEEEEEEECCEEEEEEEEEEECCCCEEEEEEEEEECCCCCCCHHHHHHHCCCCCEECCCCCCCCCCCCHHHHHCCCCCEEEEEEEEECCCEEEEEEEEEEECCEEEEEEEEEEECCCCCCCCCCCCCCCCCCCCCEEEEECCCCCCEEEEEEEEEECCCCCEEEEEEECCCCCCCCCCCCCCCCEEEEEEEEECCCCCCCCCCEEEEEEHHHCCCCCCCCCCCC
158,MSKGEELFTGVVPILVELDGDVNGHKFSVSGEGEGDATYGKLTLKFICTTGKLPVPWPTLVTTFSYGVQCFSRYPDHMKQHDFFKSAMPEGYVQERTIFFKDDGNYKTRAEVKFEGDTLVNRIELKGIDFKEDGNILGHKLEYNYNSHNVYIMADKQKNGIKVNFKIRHNIEDGSVQLADHYQQNTPIGDGPVLLPDNHYLSTQSALSKDPNEKRDHMVLLEFVTAAGITHGMDELYK,CCCCHHHCCCCCEEEEEEEEEECCEEEEEEEEEEECCCCEEEEEEEEEECCCCCCCHHHHHHHCCCCCEECCCCCCCCCCCCHHHHHCCCCCEEEEEEEEECCCEEEEEEEEEEECCEEEEEEEEEEECCCCCCCCCCCCCCCCCCCCCEEEEECCCCCCEEEEEEEEEECCCCCEEEEEEECCCCCCCCCCCCCCCCEEEEEEEEECCCCCCCCCCEEEEEEHHHCCCCCCCCCCCC
193,MSKGEELFTGVVPILVELDGDVNGHKFSVSGEGEGDATYGKLTLKFICTTGKLPVPWPTLVTTFSYGVQCFSRYPDHMKQHDFFKSAMPEGYVQERTIFFKDDGNYKTRAEVKFEGDTLVNRIELKGIDFKEDGNILGHKLEYNYNSHNVYIMADKQKNGIKVNFKIRHNIEDGSVQLADHYQQNTPIGDGPVLLPDNHYLSTQSALSKDPNEKRDHMVLLEFVTAAGITHGMDELYK,CCCCHHHCCCCCEEEEEEEEEECCEEEEEEEEEEECCCCEEEEEEEEEECCCCCCCHHHHHHHCCCCCEECCCCCCCCCCCCHHHHHCCCCCEEEEEEEEECCCEEEEEEEEEEECCEEEEEEEEEEECCCCCCCCCCCCCCCCCCCCCEEEEECCCCCCEEEEEEEEEECCCCCEEEEEEECCCCCCCCCCCCCCCCEEEEEEEEECCCCCCCCCCEEEEEEHHHCCCCCCCCCCCC
194,MSKGEELFTGVVPILVELDGDVNGHKFSVSGEGEGDATYGKLTLKFICTTGKLPVPWPTLVTTFSYGVQCFSRYPDHMKQHDFFKSAMPEGYVQERTIFFKDDGNYKTRAEVKFEGDTLVNRIELKGIDFKEDGNILGHKLEYNYNSHNVYIMADKQKNGIKVNFKIRHNIEDGSVQLADHYQQNTPIGDGPVLLPDNHYLSTQSALSKDPNEKRDHMVLLEFVTAAGITHGMDELYK,CCCCHHHCCCCCEEEEEEEEEECCEEEEEEEEEEECCCCEEEEEEEEEECCCCCCCHHHHHHHCCCCCEECCCCCCCCCCCCHHHHHCCCCCEEEEEEEEECCCEEEEEEEEEEECCEEEEEEEEEEECCCCCCCCCCCCCCCCCCCCCEEEEECCCCCCEEEEEEEEEECCCCCEEEEEEECCCCCCCCCCCCCCCCEEEEEEEEECCCCCCCCCCEEEEEEHHHCCCCCCCCCCCC
212,MSKGEELFTGVVPILVELDGDVNGHKFSVSGEGEGDATYGKLTLKFICTTGKLPVPWPTLVTTFSYGVQCFSRYPDHMKQHDFFKSAMPEGYVQERTIFFKDDGNYKTRAEVKFEGDTLVNRIELKGIDFKEDGNILGHKLEYNYNSHNVYIMADKQKNGIKVNFKIRHNIEDGSVQLADHYQQNTPIGDGPVLLPDNHYLSTQSALSKDPNEKRDHMVLLEFVTAAGITHGMDELYK,CCCCHHHCCCCCEEEEEEEEEECCEEEEEEEEEEECCCCEEEEEEEEEECCCCCCCHHHHHHHCCCCCEECCCCCCCCCCCCHHHHHCCCCCEEEEEEEEECCCEEEEEEEEEEECCEEEEEEEEEEECCCCCCCCCCCCCCCCCCCCCEEEEECCCCCCEEEEEEEEEECCCCCEEEEEEECCCCCCCCCCCCCCCCEEEEEEEEECCCCCCCCCCEEEEEEHHHCCCCCCCCCCCC
213,MSKGEELFTGVVPILVELDGDVNGHKFSVSGEGEGDATYGKLTLKFICTTGKLPVPWPTLVTTFSYGVQCFSRYPDHMKQHDFFKSAMPEGYVQERTIFFKDDGNYKTRAEVKFEGDTLVNRIELKGIDFKEDGNILGHKLEYNYNSHNVYIMADKQKNGIKVNFKIRHNIEDGSVQLADHYQQNTPIGDGPVLLPDNHYLSTQSALSKDPNEKRDHMVLLEFVTAAGITHGMDELYK,CCCCHHHCCCCCEEEEEEEEEECCEEEEEEEEEEECCCCEEEEEEEEEECCCCCCCHHHHHHHCCCCCEECCCCCCCCCCCCHHHHHCCCCCEEEEEEEEECCCEEEEEEEEEEECCEEEEEEEEEEECCCCCCCCCCCCCCCCCCCCCEEEEECCCCCCEEEEEEEEEECCCCCEEEEEEECCCCCCCCCCCCCCCCEEEEEEEEECCCCCCCCCCEEEEEEHHHCCCCCCCCCCCC
214,MSKGEELFTGVVPILVELDGDVNGHKFSVSGEGEGDATYGKLTLKFICTTGKLPVPWPTLVTTFSYGVQCFSRYPDHMKQHDFFKSAMPEGYVQERTIFFKDDGNYKTRAEVKFEGDTLVNRIELKGIDFKEDGNILGHKLEYNYNSHNVYIMADKQKNGIKVNFKIRHNIEDGSVQLADHYQQNTPIGDGPVLLPDNHYLSTQSALSKDPNEKRDHMVLLEFVTAAGITHGMDELYK,CCCCHHHCCCCCEEEEEEEEEECCEEEEEEEEEEECCCCEEEEEEEEEECCCCCCCHHHHHHHCCCCCEECCCCCCCCCCCCHHHHHCCCCCEEEEEEEEECCCEEEEEEEEEEECCEEEEEEEEEEECCCCCCCCCCCCCCCCCCCCCEEEEECCCCCCEEEEEEEEEECCCCCEEEEEEECCCCCCCCCCCCCCCCEEEEEEEEECCCCCCCCCCEEEEEEHHHCCCCCCCCCCCC
215,MSKGEELFTGVVPILVELDGDVNGHKFSVSGEGEGDATYGKLTLKFICTTGKLPVPWPTLVTTFSYGVQCFSRYPDHMKQHDFFKSAMPEGYVQERTIFFKDDGNYKTRAEVKFEGDTLVNRIELKGIDFKEDGNILGHKLEYNYNSHNVYIMADKQKNGIKVNFKIRHNIEDGSVQLADHYQQNTPIGDGPVLLPDNHYLSTQSALSKDPNEKRDHMVLLEFVTAAGITHGMDELYK,CCCCHHHCCCCCEEEEEEEEEECCEEEEEEEEEEECCCCEEEEEEEEEECCCCCCCHHHHHHHCCCCCEECCCCCCCCCCCCHHHHHCCCCCEEEEEEEEECCCEEEEEEEEEEECCEEEEEEEEEEECCCCCCCCCCCCCCCCCCCCCEEEEECCCCCCEEEEEEEEEECCCCCEEEEEEECCCCCCCCCCCCCCCCEEEEEEEEECCCCCCCCCCEEEEEEHHHCCCCCCCCCCCC
485,MSKGEELFTGVVPILVELDGDVNGHKFSVSGEGEGDATYGKLTLKFICTTGKLPVPWPTLVTTFSYGVQCFSRYPDHMKQHDFFKSAMPEGYVQERTIFFKDDGNYKTRAEVKFEGDTLVNRIELKGIDFKEDGNILGHKLEYNYNSHNVYIMADKQKNGIKVNFKIRHNIEDGSVQLADHYQQNTPIGDGPVLLPDNHYLSTQSALSKDPNEKRDHMVLLEFVTAAGITHGMDELYK,CCCCHHHCCCCCEEEEEEEEEECCEEEEEEEEEEECCCCEEEEEEEEEECCCCCCCHHHHHHHCCCCCEECCCCCCCCCCCCHHHHHCCCCCEEEEEEEEECCCEEEEEEEEEEECCEEEEEEEEEEECCCCCCCCCCCCCCCCCCCCCEEEEECCCCCCEEEEEEEEEECCCCCEEEEEEECCCCCCCCCCCCCCCCEEEEEEEEECCCCCCCCCCEEEEEEHHHCCCCCCCCCCCC
507,MSKGEELFTGVVPILVELDGDVNGHKFSVSGEGEGDATYGKLTLKFICTTGKLPVPWPTLVTTFSYGVQCFSRYPDHMKQHDFFKSAMPEGYVQERTIFFKDDGNYKTRAEVKFEGDTLVNRIELKGIDFKEDGNILGHKLEYNYNSHNVYIMADKQKNGIKVNFKIRHNIEDGSVQLADHYQQNTPIGDGPVLLPDNHYLSTQSALSKDPNEKRDHMVLLEFVTAAGITHGMDELYK,CCCCHHHCCCCCEEEEEEEEEECCEEEEEEEEEEECCCCEEEEEEEEEECCCCCCCHHHHHHHCCCCCEECCCCCCCCCCCCHHHHHCCCCCEEEEEEEEECCCEEEEEEEEEEECCEEEEEEEEEEECCCCCCCCCCCCCCCCCCCCCEEEEECCCCCCEEEEEEEEEECCCCCEEEEEEECCCCCCCCCCCCCCCCEEEEEEEEECCCCCCCCCCEEEEEEHHHCCCCCCCCCCCC
214,MVSKGEELFTGVVPILVELDGDVNGHKFSVSGEGEGDATYGKLTLKFICTTGKLPVPWPTLVTTLTWGVQCFARYPDHMKQHDFFKSAMPEGYVQERTIFFKDDGNYKTRAEVKFEGDTLVNRIELKGIDFKEDGNILGHKLEYNYISHNVYITADKQKNGIKANFKIRHNIEDGGVQLADHYQQNTPIGDGPVLLPDNHYLSTQSKLSKDPNEKRDHMVLLEFVTAAGITLGMDELYK,CCCCHHHHCCCCCCEEEEEEEEECCEEEEEEEEEEECCCCEEEEEEEEEECCCCCCCHHHHHHHHCCCCCCCCCCCCCCCCCCHHHHHCCCCEEEEEEEEEECCCEEEEEEEEEEECCEEEEEEEEEEECCCCCCCCCCCCCCCCCCCCCEEEEECCCCCEEEEEEEEEEEECCCCEEEEEEEEEEEECCCCCCCCCCCEEEEEEEEECCCCCCCCCCEEEEEHHHHCCCCCCCCCCCC
155,MVSKGEELFTGVVPILVELDGDVNGHKFSVSGEGEGDATYGKLTLKFICTTGKLPVPWPTLVTTLTWGVQCFARYPDHMKQHDFFKSAMPEGYVQERTIFFKDDGNYKTRAEVKFEGDTLVNRIELKGIDFKEDGNILGHKLEYNYISHNVYITADKQKNGIKANFKIRHNIEDGGVQLADHYQQNTPIGDGPVLLPDNHYLSTQSKLSKDPNEKRDHMVLLEFVTAAGITLGMDELYK,CCCCHHHHCCCCCCEEEEEEEEECCEEEEEEEEEEECCCCEEEEEEEEEECCCCCCCHHHHHHHHCCCCCCCCCCCCCCCCCCHHHHHCCCCEEEEEEEEEECCCEEEEEEEEEEECCEEEEEEEEEEECCCCCCCCCCCCCCCCCCCCCEEEEECCCCCEEEEEEEEEEEECCCCEEEEEEEEEEEECCCCCCCCCCCEEEEEEEEECCCCCCCCCCEEEEEHHHHCCCCCCCCCCCC
156,MVSKGEELFTGVVPILVELDGDVNGHKFSVSGEGEGDATYGKLTLKFICTTGKLPVPWPTLVTTLTWGVQCFARYPDHMKQHDFFKSAMPEGYVQERTIFFKDDGNYKTRAEVKFEGDTLVNRIELKGIDFKEDGNILGHKLEYNYISHNVYITADKQKNGIKANFKIRHNIEDGGVQLADHYQQNTPIGDGPVLLPDNHYLSTQSKLSKDPNEKRDHMVLLEFVTAAGITLGMDELYK,CCCCHHHHCCCCCCEEEEEEEEECCEEEEEEEEEEECCCCEEEEEEEEEECCCCCCCHHHHHHHHCCCCCCCCCCCCCCCCCCHHHHHCCCCEEEEEEEEEECCCEEEEEEEEEEECCEEEEEEEEEEECCCCCCCCCCCCCCCCCCCCCEEEEECCCCCEEEEEEEEEEEECCCCEEEEEEEEEEEECCCCCCCCCCCEEEEEEEEECCCCCCCCCCEEEEEHHHHCCCCCCCCCCCC
172,MVSKGEELFTGVVPILVELDGDVNGHKFSVSGEGEGDATYGKLTLKFICTTGKLPVPWPTLVTTLTWGVQCFARYPDHMKQHDFFKSAMPEGYVQERTIFFKDDGNYKTRAEVKFEGDTLVNRIELKGIDFKEDGNILGHKLEYNYISHNVYITADKQKNGIKANFKIRHNIEDGGVQLADHYQQNTPIGDGPVLLPDNHYLSTQSKLSKDPNEKRDHMVLLEFVTAAGITLGMDELYK,CCCCHHHHCCCCCCEEEEEEEEECCEEEEEEEEEEECCCCEEEEEEEEEECCCCCCCHHHHHHHHCCCCCCCCCCCCCCCCCCHHHHHCCCCEEEEEEEEEECCCEEEEEEEEEEECCEEEEEEEEEEECCCCCCCCCCCCCCCCCCCCCEEEEECCCCCEEEEEEEEEEEECCCCEEEEEEEEEEEECCCCCCCCCCCEEEEEEEEECCCCCCCCCCEEEEEHHHHCCCCCCCCCCCC
172,MVSKGEELFTGVVPILVELDGDVNGHKFSVSGEGEGDATYGKLTLKFICTTGKLPVPWPTLVTTLTWGVQCFARYPDHMKQHDFFKSAMPEGYVQERTIFFKDDGNYKTRAEVKFEGDTLVNRIELKGIDFKEDGNILGHKLEYNYISHNVYITADKQKNGIKANFKIRHNIEDGGVQLADHYQQNTPIGDGPVLLPDNHYLSTQSKLSKDPNEKRDHMVLLEFVTAAGITLGMDELYK,CCCCHHHHCCCCCCEEEEEEEEECCEEEEEEEEEEECCCCEEEEEEEEEECCCCCCCHHHHHHHHCCCCCCCCCCCCCCCCCCHHHHHCCCCEEEEEEEEEECCCEEEEEEEEEEECCEEEEEEEEEEECCCCCCCCCCCCCCCCCCCCCEEEEECCCCCEEEEEEEEEEEECCCCEEEEEEEEEEEECCCCCCCCCCCEEEEEEEEECCCCCCCCCCEEEEEHHHHCCCCCCCCCCCC
154,MVSKGEELFTGVVPILVELDGDVNGHKFSVSGEGEGDATYGKLTLKFICTTGKLPVPWPTLVTTLTWGVQCFARYPDHMKQHDFFKSAMPEGYVQERTIFFKDDGNYKTRAEVKFEGDTLVNRIELKGIDFKEDGNILGHKLEYNYISHNVYITADKQKNGIKANFKIRHNIEDGGVQLADHYQQNTPIGDGPVLLPDNHYLSTQSKLSKDPNEKRDHMVLLEFVTAAGITLGMDELYK,CCCCHHHHCCCCCCEEEEEEEEECCEEEEEEEEEEECCCCEEEEEEEEEECCCCCCCHHHHHHHHCCCCCCCCCCCCCCCCCCHHHHHCCCCEEEEEEEEEECCCEEEEEEEEEEECCEEEEEEEEEEECCCCCCCCCCCCCCCCCCCCCEEEEECCCCCEEEEEEEEEEEECCCCEEEEEEEEEEEECCCCCCCCCCCEEEEEEEEECCCCCCCCCCEEEEEHHHHCCCCCCCCCCCC
156,MVSKGEELFTGVVPILVELDGDVNGHKFSVSGEGEGDATYGKLTLKFICTTGKLPVPWPTLVTTLTWGVQCFSRYPDHMKQHDFFKSAMPEGYVQERTIFFKDDGNYKTRAEVKFEGDTLVNRIELKGIDFKEDGNILGHKLEYNYISHNVYITADKQKNGIKANFKIRHNIEDGSVQLADHYQQNTPIGDGPVLLPDNHYLSTQSALSKDPNEKRDHMVLLEFVTAAGITLGMDELYK,CCCCHHHHCCCCCCEEEEEEEEECCEEEEEEEEEEECCCCEEEEEEEEEECCCCCCCHHHHHHHCCCCCCCCCCCCCCCCCCCHHHHHCCCCCEEEEEEEEECCCEEEEEEEEEEECCEEEEEEEEEEECCCCCCCCCCCCCCCCCCCCCEEEEECCCCCCEEEEEEEEEECCCCCEEEEEEECCCCCCCCCCCCCCCCEEEEEEEEECCCCCCCCCCEEEEEEHHHCCCCCCCCCCCC
172,MVSKGEELFTGVVPILVELDGDVNGHKFSVSGEGEGDATYGKLTLKFICTTGKLPVPWPTLVTTLTWGVQCFSRYPDHMKQHDFFKSAMPEGYVQERTIFFKDDGNYKTRAEVKFEGDTLVNRIELKGIDFKEDGNILGHKLEYNYISHNVYITADKQKNGIKANFKIRHNIEDGSVQLADHYQQNTPIGDGPVLLPDNHYLSTQSALSKDPNEKRDHMVLLEFVTAAGITLGMDELYK,CCCCHHHHCCCCCCEEEEEEEEECCEEEEEEEEEEECCCCEEEEEEEEEECCCCCCCHHHHHHHCCCCCCCCCCCCCCCCCCCHHHHHCCCCCEEEEEEEEECCCEEEEEEEEEEECCEEEEEEEEEEECCCCCCCCCCCCCCCCCCCCCEEEEECCCCCCEEEEEEEEEECCCCCEEEEEEECCCCCCCCCCCCCCCCEEEEEEEEECCCCCCCCCCEEEEEEHHHCCCCCCCCCCCC
156,MSKGEELFTGVVPILVELDGDVNGHKFSVSGEGEGDATYGKLTLKFICTTGKLPVPWPTLVTTFSHGVQCFSRYPDHMKRHDFFKSAMPEGYVQERTIFFKDDGNYKTRAEVKFEGDTLVNRIELKGIDFKEDGNILGHKLEYNFNSHNVYIMADKQKNGIKVNFKIRHNIEDGSVQLADHYQQNTPIGDGPVLLPDNHYLSTQSALSKDPNEKRDHMVLLEFVTAAGITHGMDELYK,CCCCHHHCCCCCEEEEEEEEEECCEEEEEEEEEEECCCCEEEEEEEEEECCCCCCCHHHHHCCCCCCCEECCCCCCCCCCCCHHHHHCCCCCEEEEEEEEECCCEEEEEEEEEEECCEEEEEEEEEEECCCCCCCCCCCCCCCCCCCCCEEEECCCCCCCEEEEEEEEEECCCCCEEEEEEECCCCCCCCCCCCCCCCEEEEEEEEECCCCCCCCCEEEEEEEEHHCCCCCCCCCCCC
172,MSKGEELFTGVVPILVELDGDVNGHKFSVSGEGEGDATYGKLTLKFICTTGKLPVPWPTLVTTFSHGVQCFSRYPDHMKRHDFFKSAMPEGYVQERTIFFKDDGNYKTRAEVKFEGDTLVNRIELKGIDFKEDGNILGHKLEYNFNSHNVYIMADKQKNGIKVNFKIRHNIEDGSVQLADHYQQNTPIGDGPVLLPDNHYLSTQSALSKDPNEKRDHMVLLEFVTAAGITHGMDELYK,CCCCHHHCCCCCEEEEEEEEEECCEEEEEEEEEEECCCCEEEEEEEEEECCCCCCCHHHHHCCCCCCCEECCCCCCCCCCCCHHHHHCCCCCEEEEEEEEECCCEEEEEEEEEEECCEEEEEEEEEEECCCCCCCCCCCCCCCCCCCCCEEEECCCCCCCEEEEEEEEEECCCCCEEEEEEECCCCCCCCCCCCCCCCEEEEEEEEECCCCCCCCCEEEEEEEEHHCCCCCCCCCCCC
156,MVSKGEELFTGVVPILVELDGDVNGHKFSVSGEGEGDATYGKLTLKFICTTGKLPVPWPTLVTTFGYGLQCFARYPDHMKQHDFFKSAMPEGYVQERTIFFKDDGNYKTRAEVKFEGDTLVNRIELKGIDFKEDGNILGHKLEYNYNSHNVYIMADKQKNGIKVNFKIRHNIEDGSVQLADHYQQNTPIGDGPVLLPDNHYLSYQSALSKDPNEKRDHMVLLEFVTAAGITLGMDELYK,CCCCHHHHCCCCCCEEEEEEEEECCEEEEEEEEEEECCCCEEEEEEEEEECCCCCCCHHHHHCCCCCCCEEECCCCCCCCCCCHHHHHCCCCCEEEEEEEEECCCEEEEEEEEEEECCEEEEEEEEEEECCCCCCCCCCCEEEECCCCCCEEEECCCCCCCEEEEEEEEEECCCCCEEEEEEECCCCCCCCCCCCCCCCEEEEEEEEECCCCCCCCCCEEEEEEHHHCCCCCCCCCCCC
172,MVSKGEELFTGVVPILVELDGDVNGHKFSVSGEGEGDATYGKLTLKFICTTGKLPVPWPTLVTTFGYGLQCFARYPDHMKQHDFFKSAMPEGYVQERTIFFKDDGNYKTRAEVKFEGDTLVNRIELKGIDFKEDGNILGHKLEYNYNSHNVYIMADKQKNGIKVNFKIRHNIEDGSVQLADHYQQNTPIGDGPVLLPDNHYLSYQSALSKDPNEKRDHMVLLEFVTAAGITLGMDELYK,CCCCHHHHCCCCCCEEEEEEEEECCEEEEEEEEEEECCCCEEEEEEEEEECCCCCCCHHHHHCCCCCCCEEECCCCCCCCCCCHHHHHCCCCCEEEEEEEEECCCEEEEEEEEEEECCEEEEEEEEEEECCCCCCCCCCCEEEECCCCCCEEEECCCCCCCEEEEEEEEEECCCCCEEEEEEECCCCCCCCCCCCCCCCEEEEEEEEECCCCCCCCCCEEEEEEHHHCCCCCCCCCCCC
155,MVSKGEELFTGVVPILVELDGDVNGHKFSVSGEGEGDATYGKLTLKFICTTGKLPVPWPTLVTTFGYGLQCFARYPDHMKQHDFFKSAMPEGYVQERTIFFKDDGNYKTRAEVKFEGDTLVNRIELKGIDFKEDGNILGHKLEYNYNSHNVYIMADKQKNGIKVNFKIRHNIEDGSVQLADHYQQNTPIGDGPVLLPDNHYLSYQSALSKDPNEKRDHMVLLEFVTAAGITLGMDELYK,CCCCHHHHCCCCCCEEEEEEEEECCEEEEEEEEEEECCCCEEEEEEEEEECCCCCCCHHHHHCCCCCCCEEECCCCCCCCCCCHHHHHCCCCCEEEEEEEEECCCEEEEEEEEEEECCEEEEEEEEEEECCCCCCCCCCCEEEECCCCCCEEEECCCCCCCEEEEEEEEEECCCCCEEEEEEECCCCCCCCCCCCCCCCEEEEEEEEECCCCCCCCCCEEEEEEHHHCCCCCCCCCCCC
122,MVAGHASGSPAFGTASHSNCEHEEIHLAGSIQPHGALLVVSEHDHRVIQASANAAEFLNLGSVLGVPLAEIDGDLLIKILPHLDPTAEGMPVAVRCRIGNPSTEYCGLMHRPPEGGLIIELERAGPSIDLSGTLAPALERIRTAGSLRALCDDTVLLFQQCTGYDRVMVYRFDEQGHGLVFSECHVPGLESYFGNRYPSSTVPQMARQLYVRQRVRVLVDVTYQPVPLEPRLSPLTGRDLDMSGCFLRSMSPCHLQFLKDMGVRATLAVSLVVGGKLWGLVVCHHYLPRFIRFELRAICKRLAERIATRITALES,CCCCCCCCCCCCCCCCCCHHHCCCCCCCCCCCCCEEEEEEECCCCEEEEEECCHHHHCCCHHHCCCCHHHHCCHHHHHHHHCCCCCCCCCCCEEEEEECCCCCEEEEEEEECCCCEEEEEEEECCCCCCHHHHHHHHHHHHHHCCCHHHHHHHHHHHHHHHHCCCCEEEEEECCCCCEEEEEEEECCCCCCCCCCCCCCCCCCHHHHHHHHHCCCEEECCCCCCCCCCCCCCCCCCCCCCCCCCCCCCCCCHHHHHHHHHCCCCCEEEEEEEECCEEEEEEECCCCCCCCCCHHHHHHHHHHHHHHHHHHHHHHC
213,MVSKGEEDNMASLPATHELHIFGSINGVDFDMVGQGTGNPNDGYEELNLKSTKGDLQFSPWILVPHIGYGFHQYLPYPDGMSPFQAAMVDGSGYQVHRTMQFEDGASLTVNYRYTYEGSHIKGEAQVKGTGFPADGPVMTNSLTAADWCRSKKTYPNDKTIISTFKWSYTTGNGKRYRSTARTTYTFAKPMAANYLKNQPMYVFRKTELKHSKTELNFKEWQKAFTDVMGMDELYK,CCCCCCHHCCCCCCEEEEEEEEEEECCEEEEEEEEEEECCCCCEEEEEEEECCCCCCCCHHHHHCHHCCCCCCCCCCCCCCCHHHHHHCCCCCCEEEEEEEECCCCEEEEEEEEEEECCEEEEEEEEEEECCCCCCCCCCCCCCCCCCCCCEEEECCCCEEEEEEEEEEEECCCCEEEEEEEEEEEECCCCCCHHHCCCCCCEEEEEEEEEECCCCCCEEEEEHHCCCCCCCCCCC
213,MHHHHHHGSLLPATHELHIFGSINSLEFDLVGRGTGNPKEGYEELHLKSTKSALQFSPWILVPQIGYGFYQYLPFPDGAMSPFQAAMNDGSGYQVHRTMQFEDGATLTGIYRYTYEGTHIKGEFQVIGTGFPADGPVMTNSLTAADWCVTKIVYPNENTIIDKFDWTYTTTSGKRYQSNVRSNFTFAKPIAANILQKQPMFVFRKTELKHSKTELNFKEWQTAFSDVM,CCCCCCCCCCCCCCEEEEEEEEECCEEEEEEEEEEECCCCCEEEEEEEECCCCCCCCHHHHHHHHCCCCCCCCCCCCCCCCHHHHHHCCCCCEEEEEEEEECCCCEEEEEEEEEEECCEEEEEEEEEEECCCCCCCCCCCCCCCCCCCEEEEEECCCCEEEEEEEEEEEECCCCEEEEEEEEEEEECCCCCCHHCCCCCCCEEEEEEEEEEECCCCCEEEEEHHCCCC
168,MVSVIKPEMKMRYYMDGSVNGHEFTIEGEGTGRPYEGHQEMTLRVTMAEGGPMPFAFDLVSHVFAYGHRVFTKYPEEIPDYFKQAFPEGLSWERSLEFEDGGSASVSAHISLRGNTFYHKSKFTGVNFPADGPIMQNQSVDWEPSTEKITASDGVLKGDVTMYLKLEGGGNHKCQFKTTYKAAKEILEMPGDHYIGHRLVRKTEGNITELVEDAVAHS,CCCCCCCCCEEEEEEEEEECCEEEEEEEEEEECCCCEEEEEEEEEEECCCCCCCCCHHHHHHHHHHCCCCCCCCCCCCCCHHHHHCCCCCEEEEEEEECCCCEEEEEEEEEEECCEEEEEEEEEEECCCCCCCCCCCCCCCCCCCEEEEECCCCEEEEEEEEEEEECCCCEEEEEEEEEEECCCCHHHCCCCCCCEEEEEEECCCCEEEEEEEEEECC
169,MVSVIKPEMKMRYYMDGSVNGHEFTIEGEGTGRPYEGHQEMTLRVTMAEGGPMPFAFDLVSHVFCYGHRVFTKYPEEIPDYFKQAFPEGLSWERSLEFEDGGSASVSAHISLRGNTFYHKSKFTGVNFPADGPIMQNQSVDWEPSTEKITASDGVLKGDVTMYLKLEGGGNHKCQMKTTYKAAKEILEMPGDHYIGHRLVRKTEGNITEQVEDAVAHS,CCCCCCCCCEEEEEEEEEECCEEEEEEEEEEECCCCEEEEEEEEEEECCCCCCCCCHHHHHHHHHHCCCCCCCCCCCCCCHHHHHCCCCCEEEEEEEECCCCEEEEEEEEEEECCEEEEEEEEEEECCCCCCCCCCCCCCCCCCCEEEEECCCCEEEEEEEEEEEECCCCEEEEEEEEEEECCCCHHHCCCCCCCEEEEEEECCCCEEEEEEEEEECC
164,MSVIKPDMKIKLRMEGAVNGHPFAIEGVGLGKPFEGKQSMDLKVKEGGPLPFAYDILTTVFCYGNRVFAKYPENIVDYFKQSFPEGYSWERSMNYEDGGICNATNDITLDGDCYIYEIRFDGVNFPANGPVMQKRTVKWEPSTEKLYVRDGVLKGDVNMALSLEGGGHYRCDFKTTYKAKKVVQLPDYHFVDHHIEIKSHDKDYSNVNLHEHAEAHSELPRQAK,CCCCCCCCEEEEEEEEEECCEEEEEEEEEEECCCCCEEEEEEEEECCCCCCCCHHHHHCHHCCCCEECCCCCCCCCCHHHHHCCCCEEEEEEEEECCCCEEEEEEEEEEECCEEEEEEEEEEECCCCCCCCCCCCCCCCCCCEEEEEECCCEEEEEEEEEEEECCCCEEEEEEECEEECCCCCCCCCCEEEEEEEEEEEECCCCCEEEEEEEEEEECCCCCCCC
181,MSVIKPDMKIKLRMEGAVNGHPFAIEGVGLGKPFEGKQSMDLKVKEGGPLPFAYDILTTVFCYGNRVFAKYPENIVDYFKQSFPEGYSWERSMNYEDGGICNATNDITLDGDCYIYEIRFDGVNFPANGPVMQKRTVKWEPSTEKLYVRDGVLKGDVNMALSLEGGGHYRCDFKTTYKAKKVVQLPDYHFVDHHIEIKSHDKDYSNVNLHEHAEAHSELPRQAK,CCCCCCCCEEEEEEEEEECCEEEEEEEEEEECCCCCEEEEEEEEECCCCCCCCHHHHHCHHCCCCEECCCCCCCCCCHHHHHCCCCEEEEEEEEECCCCEEEEEEEEEEECCEEEEEEEEEEECCCCCCCCCCCCCCCCCCCEEEEEECCCEEEEEEEEEEEECCCCEEEEEEECEEECCCCCCCCCCEEEEEEEEEEEECCCCCEEEEEEEEEEECCCCCCCC
84,MVEKFVGTWKIADSHNFGEYLKAIGAPKELSDGGDATTPTLYISQKDGDKMTVKIENGPPTFLDTQVKFKLGEEFDEFPSDRRKGVKSVVNLVGEKLVYVQKWDGKETTYVREIKDGKLVVTLTMGDVVAVRSYRRATE,CCCCCCEEEEECEECCHHHHHHHCCCCHHHHHHHHHCCCEEEEEEECCCEEEEEEEECCCCEEEEEEEEECCCEEEEECCCCCCEEEEEEEEECCEEEEEEECCCCEEEEEEEEECCEEEEEEEECCEEEEEEEEECCC
159,MVSKGEEDNMAIIKEFMRFKVHMEGSVNGHEFEIEGEGEGRPYEGTQTAKLKVTKGGPLPFAWDILSPQFMYGSKAYVKHPADIPDYLKLSFPEGFKWERVMNFEDGGVVTVTQDSSLQDGEFIYKVKLRGTNFPSDGPVMQKKTMGWEASSERMYPEDGALKGEIKQRLKLKDGGHYDAEVKTTYKAKKPVQLPGAYNVNIKLDITSHNEDYTIVEQYERAEGRHSTGGMDELYK,CCCCCCCCCCCCCCCCCEEEEEEEEEECCEEEEEEEEEEECCCCEEEEEEEEEECCCCCCCCHHHHHCCCCCCCEECCCCCCCCCHHHHHHCCCCCEEEEEEEECCCCEEEEEEEEEEECCEEEEEEEEEEECCCCCCCCCCCCCCCCCCCEEEEECCCCEEEEEEEEEEEECCCCEEEEEEEEEEECCCCCCCCCCEEEEEEEEECCCCCCEEEEEEEEEEEECCCCCCHHHHCC
160,MVSKGEEDNMAIIKEFMRFKVHMEGSVNGHEFEIEGEGEGRPYEGTQTAKLKVTKGGPLPFAWDILSPQFMYGSKAYVKHPADIPDYLKLSFPEGFKWERVMNFEDGGVVTVTQDSSLQDGEFIYKVKLRGTNFPSDGPVMQKKTMGWEASSERMYPEDGALKGEIKQRLKLKDGGHYDAEVKTTYKAKKPVQLPGAYNVNIKLDITSHNEDYTIVEQYERAEGRHSTGGMDELYK,CCCCCCCCCCCCCCCCCEEEEEEEEEECCEEEEEEEEEEECCCCEEEEEEEEEECCCCCCCCHHHHHCCCCCCCEECCCCCCCCCHHHHHHCCCCCEEEEEEEECCCCEEEEEEEEEEECCEEEEEEEEEEECCCCCCCCCCCCCCCCCCCEEEEECCCCEEEEEEEEEEEECCCCEEEEEEEEEEECCCCCCCCCCEEEEEEEEECCCCCCEEEEEEEEEEEECCCCCCHHHHCC
208,EEDNNAIIKEFMRFKVHMEGSVNGHEFEIEGEGEGHPYEGTQTAKLKVTKGGPLPFAWDILSPQFMYGSKAYVKHPADIPDYLKLSFPEGFTWERVMNFEDGGVVTVTQDSSLQDGEFIYKVKLLGTNFPSDGPVMQKKTNGWEASTERMYPEDGALKGEINQRLKLKDGGHYDAEVKTTYKAKKPVQLPGAYNVDIKLDITSHNEDYTIVEQYERAEGRHSTGG,CCCCCCCCCCCCEEEEEEEEEECCEEEEEEEEEEECCCCEEEEEEEEEECCCCCCCCHHHHHCHHCCCCEECCCCCCCCCHHHHHHCCCCEEEEEEEEECCCCEEEEEEEEEEECCEEEEEEEEEEECCCCCCCCCCCCCCCCCCCEEEEECCCCEEEEEEEEEEEECCCCEEEEEEEEEEECCCCCCCCCCEEEEEEEEECCCCCCCEEEEEEEEEEEEECCCC
209,EEDNNAIIKEFMRFKVHMEGSVNGHEFEIEGEGEGHPYEGTQTAKLKVTKGGPLPFAWDILSPQFMYGSKAYVKHPADIPDYLKLSFPEGFTWERVMNFEDGGVVTVTQDSSLQDGEFIYKVKLLGTNFPSDGPVMQKKTNGWEASTERMYPEDGALKGEINQRLKLKDGGHYDAEVKTTYKAKKPVQLPGAYNVDIKLDITSHNEDYTIVEQYERAEGRHSTGG,CCCCCCCCCCCCEEEEEEEEEECCEEEEEEEEEEECCCCEEEEEEEEEECCCCCCCCHHHHHCHHCCCCEECCCCCCCCCHHHHHHCCCCEEEEEEEEECCCCEEEEEEEEEEECCEEEEEEEEEEECCCCCCCCCCCCCCCCCCCEEEEECCCCEEEEEEEEEEEECCCCEEEEEEEEEEECCCCCCCCCCEEEEEEEEECCCCCCCEEEEEEEEEEEEECCCC
58,EEDNNAIIKEFMRFKVHMEGSVNGHEFEIEGEGEGHPYEGTQTAKLKVTKGGPLPFAWDILSPQFMYGSKAYVKHPADIPDYLKLSFPEGFTWERVMNFEDGGVVTVTQDSSLQDGEFIYKVKLLGTNFPSDGPVMQKKTNGWEASTERMYPEDGALKGEINQRLKLKDGGHYDAEVKTTYKAKKPVQLPGAYNVDIKLDITSHNEDYTIVEQYERAEGRHSTGG,CCCCCCCCCCCCEEEEEEEEEECCEEEEEEEEEEECCCCEEEEEEEEEECCCCCCCCHHHHHCHHCCCCEECCCCCCCCCHHHHHHCCCCEEEEEEEEECCCCEEEEEEEEEEECCEEEEEEEEEEECCCCCCCCCCCCCCCCCCCEEEEECCCCEEEEEEEEEEEECCCCEEEEEEEEEEECCCCCCCCCCEEEEEEEEECCCCCCCEEEEEEEEEEEEECCCC
59,EEDNNAIIKEFMRFKVHMEGSVNGHEFEIEGEGEGHPYEGTQTAKLKVTKGGPLPFAWDILSPQFMYGSKAYVKHPADIPDYLKLSFPEGFTWERVMNFEDGGVVTVTQDSSLQDGEFIYKVKLLGTNFPSDGPVMQKKTNGWEASTERMYPEDGALKGEINQRLKLKDGGHYDAEVKTTYKAKKPVQLPGAYNVDIKLDITSHNEDYTIVEQYERAEGRHSTGG,CCCCCCCCCCCCEEEEEEEEEECCEEEEEEEEEEECCCCEEEEEEEEEECCCCCCCCHHHHHCHHCCCCEECCCCCCCCCHHHHHHCCCCEEEEEEEEECCCCEEEEEEEEEEECCEEEEEEEEEEECCCCCCCCCCCCCCCCCCCEEEEECCCCEEEEEEEEEEEECCCCEEEEEEEEEEECCCCCCCCCCEEEEEEEEECCCCCCCEEEEEEEEEEEEECCCC
91,EEDNNAIIKEFMRFKVHMEGSVNGHEFEIEGEGEGHPYEGTQTAKLKVTKGGPLPFAWDILSPQFMYGSKAYVKHPADIPDYLKLSFPEGFTWERVMNFEDGGVVTVTQDSSLQDGEFIYKVKLLGTNFPSDGPVMQKKTNGWEASTERMYPEDGALKGEINQRLKLKDGGHYDAEVKTTYKAKKPVQLPGAYNVDIKLDITSHNEDYTIVEQYERAEGRHSTGG,CCCCCCCCCCCCEEEEEEEEEECCEEEEEEEEEEECCCCEEEEEEEEEECCCCCCCCHHHHHCHHCCCCEECCCCCCCCCHHHHHHCCCCEEEEEEEEECCCCEEEEEEEEEEECCEEEEEEEEEEECCCCCCCCCCCCCCCCCCCEEEEECCCCEEEEEEEEEEEECCCCEEEEEEEEEEECCCCCCCCCCEEEEEEEEECCCCCCCEEEEEEEEEEEEECCCC
92,EEDNNAIIKEFMRFKVHMEGSVNGHEFEIEGEGEGHPYEGTQTAKLKVTKGGPLPFAWDILSPQFMYGSKAYVKHPADIPDYLKLSFPEGFTWERVMNFEDGGVVTVTQDSSLQDGEFIYKVKLLGTNFPSDGPVMQKKTNGWEASTERMYPEDGALKGEINQRLKLKDGGHYDAEVKTTYKAKKPVQLPGAYNVDIKLDITSHNEDYTIVEQYERAEGRHSTGG,CCCCCCCCCCCCEEEEEEEEEECCEEEEEEEEEEECCCCEEEEEEEEEECCCCCCCCHHHHHCHHCCCCEECCCCCCCCCHHHHHHCCCCEEEEEEEEECCCCEEEEEEEEEEECCEEEEEEEEEEECCCCCCCCCCCCCCCCCCCEEEEECCCCEEEEEEEEEEEECCCCEEEEEEEEEEECCCCCCCCCCEEEEEEEEECCCCCCCEEEEEEEEEEEEECCCC
94,EEDNNAIIKEFMRFKVHMEGSVNGHEFEIEGEGEGHPYEGTQTAKLKVTKGGPLPFAWDILSPQFMYGSKAYVKHPADIPDYLKLSFPEGFTWERVMNFEDGGVVTVTQDSSLQDGEFIYKVKLLGTNFPSDGPVMQKKTNGWEASTERMYPEDGALKGEINQRLKLKDGGHYDAEVKTTYKAKKPVQLPGAYNVDIKLDITSHNEDYTIVEQYERAEGRHSTGG,CCCCCCCCCCCCEEEEEEEEEECCEEEEEEEEEEECCCCEEEEEEEEEECCCCCCCCHHHHHCHHCCCCEECCCCCCCCCHHHHHHCCCCEEEEEEEEECCCCEEEEEEEEEEECCEEEEEEEEEEECCCCCCCCCCCCCCCCCCCEEEEECCCCEEEEEEEEEEEECCCCEEEEEEEEEEECCCCCCCCCCEEEEEEEEECCCCCCCEEEEEEEEEEEEECCCC
95,EEDNNAIIKEFMRFKVHMEGSVNGHEFEIEGEGEGHPYEGTQTAKLKVTKGGPLPFAWDILSPQFMYGSKAYVKHPADIPDYLKLSFPEGFTWERVMNFEDGGVVTVTQDSSLQDGEFIYKVKLLGTNFPSDGPVMQKKTNGWEASTERMYPEDGALKGEINQRLKLKDGGHYDAEVKTTYKAKKPVQLPGAYNVDIKLDITSHNEDYTIVEQYERAEGRHSTGG,CCCCCCCCCCCCEEEEEEEEEECCEEEEEEEEEEECCCCEEEEEEEEEECCCCCCCCHHHHHCHHCCCCEECCCCCCCCCHHHHHHCCCCEEEEEEEEECCCCEEEEEEEEEEECCEEEEEEEEEEECCCCCCCCCCCCCCCCCCCEEEEECCCCEEEEEEEEEEEECCCCEEEEEEEEEEECCCCCCCCCCEEEEEEEEECCCCCCCEEEEEEEEEEEEECCCC
137,EEDNNAIIKEFMRFKVHMEGSVNGHEFEIEGEGEGHPYEGTQTAKLKVTKGGPLPFAWDILSPQFMYGSKAYVKHPADIPDYLKLSFPEGFTWERVMNFEDGGVVTVTQDSSLQDGEFIYKVKLLGTNFPSDGPVMQKKTNGWEASTERMYPEDGALKGEINQRLKLKDGGHYDAEVKTTYKAKKPVQLPGAYNVDIKLDITSHNEDYTIVEQYERAEGRHSTGG,CCCCCCCCCCCCEEEEEEEEEECCEEEEEEEEEEECCCCEEEEEEEEEECCCCCCCCHHHHHCHHCCCCEECCCCCCCCCHHHHHHCCCCEEEEEEEEECCCCEEEEEEEEEEECCEEEEEEEEEEECCCCCCCCCCCCCCCCCCCEEEEECCCCEEEEEEEEEEEECCCCEEEEEEEEEEECCCCCCCCCCEEEEEEEEECCCCCCCEEEEEEEEEEEEECCCC
138,EEDNNAIIKEFMRFKVHMEGSVNGHEFEIEGEGEGHPYEGTQTAKLKVTKGGPLPFAWDILSPQFMYGSKAYVKHPADIPDYLKLSFPEGFTWERVMNFEDGGVVTVTQDSSLQDGEFIYKVKLLGTNFPSDGPVMQKKTNGWEASTERMYPEDGALKGEINQRLKLKDGGHYDAEVKTTYKAKKPVQLPGAYNVDIKLDITSHNEDYTIVEQYERAEGRHSTGG,CCCCCCCCCCCCEEEEEEEEEECCEEEEEEEEEEECCCCEEEEEEEEEECCCCCCCCHHHHHCHHCCCCEECCCCCCCCCHHHHHHCCCCEEEEEEEEECCCCEEEEEEEEEEECCEEEEEEEEEEECCCCCCCCCCCCCCCCCCCEEEEECCCCEEEEEEEEEEEECCCCEEEEEEEEEEECCCCCCCCCCEEEEEEEEECCCCCCCEEEEEEEEEEEEECCCC
188,MVSELIKENMPMKLYMEGTVNNHHFKCTSEGEGKPYEGTQTMRIKVVEGGPLPFAFDILATSFMYGSRTFIKHPPGIPDFFKQSFPEGFTWERVTTYEDGGVLTATQDTSLQDGCLIYNVKVRGVNFPANGPVMQKKTLGWEASTETMYPADGGLEGACDMALKLVGGGHLICNLETTYRSKKPATNLKMPGVYNVDHRLERIKEADDETYVEQHEVAVARYSTGGAGDGGK,CCCCCCCCCCCEEEEEEEEECCEEEEEEEEEEECCCCCEEEEEEEEECCCCCCCCHHHHHCHHCCCCCCCCCCCCCCCCHHHHHCCCCCEEEEEEEECCCCEEEEEEEEEEECCEEEEEEEEEEECCCCCCCCCCCCCCCCCCCEEEEECCCCEEEEEEEEEEEECCCCEEEEEEEEEEEECCCCCCCCCCCCCEEEEEEEEEECCCCCCEEEEEEEEEEECCCCCCCCCCC
189,MVSELIKENMPMKLYMEGTVNNHHFKCTSEGEGKPYEGTQTMRIKVVEGGPLPFAFDILATSFMYGSRTFIKHPPGIPDFFKQSFPEGFTWERVTTYEDGGVLTATQDTSLQDGCLIYNVKVRGVNFPANGPVMQKKTLGWEASTETMYPADGGLEGACDMALKLVGGGHLICNLETTYRSKKPATNLKMPGVYNVDHRLERIKEADDETYVEQHEVAVARYSTGGAGDGGK,CCCCCCCCCCCEEEEEEEEECCEEEEEEEEEEECCCCCEEEEEEEEECCCCCCCCHHHHHCHHCCCCCCCCCCCCCCCCHHHHHCCCCCEEEEEEEECCCCEEEEEEEEEEECCEEEEEEEEEEECCCCCCCCCCCCCCCCCCCEEEEECCCCEEEEEEEEEEEECCCCEEEEEEEEEEEECCCCCCCCCCCCCEEEEEEEEEECCCCCCEEEEEEEEEEECCCCCCCCCCC
507,IEKKKSFAKGMGVKSTLVSGSKVYMTTFAEGSDARLEKIVEGDSIRSVNEGEAFSAEMADKNAGYKIGNAKFSHPKGYAVVANNPLYTGPVQQDMLGLKETLEKRYFGESADGNDNICIQVIHNILDIEKILAEYITNAAYAVNNISGLDKDIIGFGKFSTVYTYDEFKDPEHHRAAFNNNDKLINAIKAQYDEFDNFLDNPRLGYFGQAFFSKEGRNYIINYGNECYDILALLSGLRHWVVHNNEEESRISRTWLYNLDKNLDNEYISTLNYLYDRITNELTNSFSKNSAANVNYIAETLGINPAEFAEQYFRFSIMKEQKNLGFNITKLREVMLDRKDMSEIRKNHKVFDSIRTKVYTMMDFVIYRYYIEEDAKVAAANKSLPDNEKSLSEKDIFVINLRGSFNDDQKDALYYDEANRIWRKLENIMHNIKEFRGNKTREYKKKDAPRLPRILPAGRDVSAFSKLMYALTMFLDGKEINDLLTTLINKFDNIQSFLKVMPLIGVNAKFVEEYAFFKDSAKIADELRLIKSFARMGEPIADARRAMYIDAIRILGTNLSYDELKALADTFSLDENGNKLKKGKHGMRNFIINNVISNKRFHYLIRYGDPAHLHEIAKNEAVVKFVLGRIADIQKKQGQNGKNQIDRYYETCIGKDKGKSVSEKVDALTKIITGMNYDQFDKKRSVIEDTGRENAEREKFKKIISLYLTVIYHILKNIVNINARYVIGFHCVERDAQLYKEKGYDINLKKLEEKGFSSVTKLCAGIDETAPDKRKDVEKEMAERAKESIDSLESANPKLYANYIKYSDEKKAEEFTRQINREKAKTALNAYLRNTKWNVIIREDLLRIDNKTCTLFRNKAVHLEVARYVHAYINDIAEVNSYFQLYHYIMQRIIMNERYEKSSGKVSEYFDAVNDEKKYNDRLLKLLCVPFGYCIPRFKNLSIEALFDRNEAAKFDKEKKKVSGNS,CCHHHHHHHHCCCEEEEEECCEEEEEEECCCCCCEEEEEECCCCCCCCCCCCHHHHHHHHHHCCCCCCCCCCCCCCCEEEECCCCCCCCCCCCCCCCCHHHHHHHHHCCCCCCCCCEEEEHHHHHHCHHHHHHHHHHHHHHHHHCCCCCCCCCCHHCCCEEEECCCCCCCHHHHHCCCCCCHHHHHHHHHHHHHHHHHHCCCCCCHHHHHEEECCCCCCEECCCCHHHHHHHHHHCCCEEEECCCCCCCCCCHHHHHHCCCCCCHHHHHHHHHHHHHHHHHHHHHHHHCCHHHHHHHHHHHCCCHHHHHHHHHHHHHHHHHCCCCCCHHHHHHHHHHCCCCCHHHHHHHCHHHHHHHHHHHHHHHHHHHHHHHHHHHHHHCCCCCCCCCCCCHHHHHHHHHHHCCCHHHCCHHHHHHHHHHHHHHHHHHHHHHHHCCHHHHHHHHHCCCCCCCCCCCCCCHHHHHHHHHHHHHHHCCHHHHHHHHHHHHHHHCHHHHHHHHHHHCCCEEEECCHHHCCCHHHHHHHHHHHHHHHHCCCCCHHHHHHHHHHHHHHHCCCCCHHHHHHHHHHCCCCCCCCCCCCCCCCCCCHHHHCEECCCCEEEEEECCCHHHHHHHHCCCHHHHHHHCCCCHHHHHCCCCCCCHHHHHHHHHCCCCCCCCHHHHHHHHHHHHHCCCHHHHCCCCCHHHCCCCHHHHHHHHHHHHHHHHHHHHHHHHHHHCCCCCEEEEEEEHHHCHHHHHHHCHHHHHHHHHHCCCCHHHHHHHHCCCCCCCCCHHHHHHHHHHHHHCHHCHHHCCHHHHHCCCCCCCHHHHHHHHHHHCHHHHHHHHHHHHHHCCCCEEHHHHHHHCCCHHHHHHHHHHHHHHHHHHHHHHHHHHHHHHHHHHHHHHHHHHHHHHHCHHHHCCCHHHHHHHHHHHCCHHHHHHHHHCCCCCCCCCCCCCCCHHHHCCCCCCCCCCHHHHCCCCCC
508,IEKKKSFAKGMGVKSTLVSGSKVYMTTFAEGSDARLEKIVEGDSIRSVNEGEAFSAEMADKNAGYKIGNAKFSHPKGYAVVANNPLYTGPVQQDMLGLKETLEKRYFGESADGNDNICIQVIHNILDIEKILAEYITNAAYAVNNISGLDKDIIGFGKFSTVYTYDEFKDPEHHRAAFNNNDKLINAIKAQYDEFDNFLDNPRLGYFGQAFFSKEGRNYIINYGNECYDILALLSGLRHWVVHNNEEESRISRTWLYNLDKNLDNEYISTLNYLYDRITNELTNSFSKNSAANVNYIAETLGINPAEFAEQYFRFSIMKEQKNLGFNITKLREVMLDRKDMSEIRKNHKVFDSIRTKVYTMMDFVIYRYYIEEDAKVAAANKSLPDNEKSLSEKDIFVINLRGSFNDDQKDALYYDEANRIWRKLENIMHNIKEFRGNKTREYKKKDAPRLPRILPAGRDVSAFSKLMYALTMFLDGKEINDLLTTLINKFDNIQSFLKVMPLIGVNAKFVEEYAFFKDSAKIADELRLIKSFARMGEPIADARRAMYIDAIRILGTNLSYDELKALADTFSLDENGNKLKKGKHGMRNFIINNVISNKRFHYLIRYGDPAHLHEIAKNEAVVKFVLGRIADIQKKQGQNGKNQIDRYYETCIGKDKGKSVSEKVDALTKIITGMNYDQFDKKRSVIEDTGRENAEREKFKKIISLYLTVIYHILKNIVNINARYVIGFHCVERDAQLYKEKGYDINLKKLEEKGFSSVTKLCAGIDETAPDKRKDVEKEMAERAKESIDSLESANPKLYANYIKYSDEKKAEEFTRQINREKAKTALNAYLRNTKWNVIIREDLLRIDNKTCTLFRNKAVHLEVARYVHAYINDIAEVNSYFQLYHYIMQRIIMNERYEKSSGKVSEYFDAVNDEKKYNDRLLKLLCVPFGYCIPRFKNLSIEALFDRNEAAKFDKEKKKVSGNS,CCHHHHHHHHCCCEEEEEECCEEEEEEECCCCCCEEEEEECCCCCCCCCCCCHHHHHHHHHHCCCCCCCCCCCCCCCEEEECCCCCCCCCCCCCCCCCHHHHHHHHHCCCCCCCCCEEEEHHHHHHCHHHHHHHHHHHHHHHHHCCCCCCCCCCHHCCCEEEECCCCCCCHHHHHCCCCCCHHHHHHHHHHHHHHHHHHCCCCCCHHHHHEEECCCCCCEECCCCHHHHHHHHHHCCCEEEECCCCCCCCCCHHHHHHCCCCCCHHHHHHHHHHHHHHHHHHHHHHHHCCHHHHHHHHHHHCCCHHHHHHHHHHHHHHHHHCCCCCCHHHHHHHHHHCCCCCHHHHHHHCHHHHHHHHHHHHHHHHHHHHHHHHHHHHHHCCCCCCCCCCCCHHHHHHHHHHHCCCHHHCCHHHHHHHHHHHHHHHHHHHHHHHHCCHHHHHHHHHCCCCCCCCCCCCCCHHHHHHHHHHHHHHHCCHHHHHHHHHHHHHHHCHHHHHHHHHHHCCCEEEECCHHHCCCHHHHHHHHHHHHHHHHCCCCCHHHHHHHHHHHHHHHCCCCCHHHHHHHHHHCCCCCCCCCCCCCCCCCCCHHHHCEECCCCEEEEEECCCHHHHHHHHCCCHHHHHHHCCCCHHHHHCCCCCCCHHHHHHHHHCCCCCCCCHHHHHHHHHHHHHCCCHHHHCCCCCHHHCCCCHHHHHHHHHHHHHHHHHHHHHHHHHHHCCCCCEEEEEEEHHHCHHHHHHHCHHHHHHHHHHCCCCHHHHHHHHCCCCCCCCCHHHHHHHHHHHHHCHHCHHHCCHHHHHCCCCCCCHHHHHHHHHHHCHHHHHHHHHHHHHHCCCCEEHHHHHHHCCCHHHHHHHHHHHHHHHHHHHHHHHHHHHHHHHHHHHHHHHHHHHHHHHCHHHHCCCHHHHHHHHHHHCCHHHHHHHHHCCCCCCCCCCCCCCCHHHHCCCCCCCCCCHHHHCCCCCC
406,MSKLEKFTNCYSLSKTLRFKAIPVGKTQENIDNKRLLVEDEKRAEDYKGVKKLLDRYYLSFINDVLHSIKLKNLNNYISLFRKKTRTEKENKELENLEINLRKEIAKAFKGNEGYKSLFKKDIIETILPEFLDDKDEIALVNSFNGFTTAFTGFFDNRENMFSEEAKSTSIAFRCINENLTRYISNMDIFEKVDAIFDKHEVQEIKEKILNSDYDVEDFFEGEFFNFVLTQEGIDVYNAIIGGFVTESGEKIKGLNEYINLYNQKTKQKLPKFKPLYKQVLSDRESLSFYGEGYTSDEEVLEVFRNTLNKNSEIFSSIKKLEKLFKNFDEYSSAGIFVKNGPAISTISKDIFGEWNVIRDKWNAEYDDIHLKKKAVVTEKYEDDRRKSFKKIGSFSLEQLQEYADADLSVVEKLKEIIIQKVDEIYKVYGSSEKLFDADFVLEKSLKKNDAVVAIMKDLLDSVKSFENYIKAFFGEGKETNRDESFYGDFVLAYDILLKVDHIYDAIRNYVTQKPYSKDKFKLYFQNPQFMGGWDKDKETDYRATILRYGSKYYLAIMDKKYAKCLQKIDKDDVNGNYEKINYKLLPGPNKMLPKVFFSKKWMAYYNPSEDIQKIYKNGTFKKGDMFNLNDCHKLIDFFKDSISRYPKWSNAYDFNFSETEKYKDIAGFYREVEEQGYKVSFESASKKEVDKLVEEGKLYMFQIYNKDFSDKSHGTPNLHTMYFKLLFDENNHGQIRLSGGAELFMRRASLKKEELVVHPANSPIANKNPDNPKKTTTLSYDVYKDKRFSEDQYELHIPIAINKCPKNIFKINTEVRVLLKHDDNPYVIGIDRGERNLLYIVVVDGKGNIVEQYSLNEIINNFNGIRIKTDYHSLLDKKEKERFEARQNWTSIENIKELKAGYISQVVHKICELVEKYDAVIALEDLNSGFKNSRVKVEKQVYQKFEKMLIDKLNYMVDKKSNPCATGGALKGYQITNKFESFKSMSTQNGFIFYIPAWLTSKIDPSTGFVNLLKTKYTSIADSKKFISSFDRIMYVPEEDLFEFALDYKNFSRTDADYIKKWKLYSYGNRIRIFRNPKKNNVFDWEEVCLTSAYKELFNKYGINYQQGDIRALLCEQSDKAFYSSFMALMSLMLQMRNSITGRTDVDFLISPVKNSDGIFYDSRNYEAQENAILPKNADANGAYNIARKVLWAIGQFKKAEDEKLDKVKIAISNKEWLEYAQTSVKH,CCHHHHHCCCCCCCCEEEEEEEECCCHHHHHHHCCCCHHHHHHHHHHHHHHHHHHHHHHHHHHHHHHCCCCCCHHHHHHHHHHHCCCHHHHHHHHHHHHHHHHHHHHHHCCCCCCHHHCCHHHHHHHHHHCCCCHHHHHHHHHHCCCCHHHHHHHHHHHHCCCCCHHHHCHHHHHHHHHHHHHHHHHHHHHHHHHHCCHHHHHHHHHHHHCCCCCHHHHCCHHHHHHCCCHHCHHHHHHHHCCCCCCCCCCCCCHHHHHHHHHHHCCCCCCCCHHHHCCCCCCCCCCCCCCCCCCCHHHHHHHHHHHHHHHHHHHHHHHHHHHHHHHHHHCCCCCEEEECCHHHHHHHHHHHCCHHHHHHHHHHHHHHHHHCCHHHCCCCCHHHHHHHHCCCCCCCHHHHHHHHHHCHHHHHHHHHHHHHHHHHHHHHHHHHHHHHCCCHHHHHHHCCCHHHHHHHHHHHHHHHHHHHHHHHHHCCCCCCCCCCCCCCCHHHHHHHHHHHHHHHHHHHHHCCCCCCCCCCEECCCCCCCCCCCCCCCCCCCCEEEEEEECCEEEEEEEEHHHHHHHHHHCCCCCCCCEEEEEHHHCCCCCCCCCEEECCHHHHHHCCCCHHHHHHHHCCCCCCCCCCCHHHHHHHHHHHHHHHHHCCHHHHHCCCCCCCCHHCCCHHHHHHHHHHCCEEEEEEECCHHHHHHHHHCCCEEEEEEEECCCCCCCCCCCCCHHHHHHHHHCCCCCCCCCCCCCCEEEEECHHCCCCCCCCCCCCCCCCCCCCCCCCCCCCCCCCCCCCCCCCCCEEEEEEEEEECCCCCCCCCCCCHHHHHCCCCCCCCEEEEECCCCCEEEEEEECCCCCEECCCCHHHHHCCCCHHHHHHHHHHHHHHHHCCCHHHHHHHHHHHHHHHHHHHHHHHHHHHHHHHHHHHCCEEEEECCCCCCCCHHHHHHHHHHHHHHHHHHHHHHHHCCCCCCCCCCCCCCHHHHHHCCHHHHHHHHHCCCEEEEECHHHCCCCCCCCCCCCCCCCCCCCHHHHHHHHHCCCCEEEECCCCEEEEEECHHHCCCCCCCCCCCEEEEECCCEEEEEECCCCCCCCCCEEECHHHHHHHHHHHCCCCCCCCCHHHHHHHCCCHHHHHHHHHHHHHHHHHHCCCCCCCCCCEEECCEECCCCCCCCCCCHHHHCCCCCCCCCCCCHHHHHHHHHHHHHHHHHHCCCCCCCCCCEEECHHHHHHHHHHHHCC
373,MSKLEKFTNCYSLSKTLRFKAIPVGKTQENIDNKRLLVEDEKRAEDYKGVKKLLDRYYLSFINDVLHSIKLKNLNNYISLFRKKTRTEKENKELENLEINLRKEIAKAFKGNEGYKSLFKKDIIETILPEFLDDKDEIALVNSFNGFTTAFTGFFDNRENMFSEEAKSTSIAFRCINENLTRYISNMDIFEKVDAIFDKHEVQEIKEKILNSDYDVEDFFEGEFFNFVLTQEGIDVYNAIIGGFVTESGEKIKGLNEYINLYNQKTKQKLPKFKPLYKQVLSDRESLSFYGEGYTSDEEVLEVFRNTLNKNSEIFSSIKKLEKLFKNFDEYSSAGIFVKNGPAISTISKDIFGEWNVIRDKWNAEYDDIHLKKKAVVTEKYEDDRRKSFKKIGSFSLEQLQEYADADLSVVEKLKEIIIQKVDEIYKVYGSSEKLFDADFVLEKSLKKNDAVVAIMKDLLDSVKSFENYIKAFFGEGKETNRDESFYGDFVLAYDILLKVDHIYDAIRNYVTQKPYSKDKFKLYFQNPQFMGGWDKDKETDYRATILRYGSKYYLAIMDKKYAKCLQKIDKDDVNGNYEKINYKLLPGPNKMLPKVFFSKKWMAYYNPSEDIQKIYKNGTFKKGDMFNLNDCHKLIDFFKDSISRYPKWSNAYDFNFSETEKYKDIAGFYREVEEQGYKVSFESASKKEVDKLVEEGKLYMFQIYNKDFSDKSHGTPNLHTMYFKLLFDENNHGQIRLSGGAELFMRRASLKKEELVVHPANSPIANKNPDNPKKTTTLSYDVYKDKRFSEDQYELHIPIAINKCPKNIFKINTEVRVLLKHDDNPYVIGIDRGERNLLYIVVVDGKGNIVEQYSLNEIINNFNGIRIKTDYHSLLDKKEKERFEARQNWTSIENIKELKAGYISQVVHKICELVEKYDAVIALEDLNSGFKNSRVKVEKQVYQKFEKMLIDKLNYMVDKKSNPCATGGALKGYQITNKFESFKSMSTQNGFIFYIPAWLTSKIDPSTGFVNLLKTKYTSIADSKKFISSFDRIMYVPEEDLFEFALDYKNFSRTDADYIKKWKLYSYGNRIRIFRNPKKNNVFDWEEVCLTSAYKELFNKYGINYQQGDIRALLCEQSDKAFYSSFMALMSLMLQMRNSITGRTDVDFLISPVKNSDGIFYDSRNYEAQENAILPKNADANGAYNIARKVLWAIGQFKKAEDEKLDKVKIAISNKEWLEYAQTSVKH,CCHHHHHCCCCCCCCEEEEEEEECCCHHHHHHHCCCCHHHHHHHHHHHHHHHHHHHHHHHHHHHHHHCCCCCCHHHHHHHHHHHCCCHHHHHHHHHHHHHHHHHHHHHHCCCCCCHHHCCHHHHHHHHHHCCCCHHHHHHHHHHCCCCHHHHHHHHHHHHCCCCCHHHHCHHHHHHHHHHHHHHHHHHHHHHHHHHCCHHHHHHHHHHHHCCCCCHHHHCCHHHHHHCCCHHCHHHHHHHHCCCCCCCCCCCCCHHHHHHHHHHHCCCCCCCCHHHHCCCCCCCCCCCCCCCCCCCHHHHHHHHHHHHHHHHHHHHHHHHHHHHHHHHHHCCCCCEEEECCHHHHHHHHHHHCCHHHHHHHHHHHHHHHHHCCHHHCCCCCHHHHHHHHCCCCCCCHHHHHHHHHHCHHHHHHHHHHHHHHHHHHHHHHHHHHHHHCCCHHHHHHHCCCHHHHHHHHHHHHHHHHHHHHHHHHHCCCCCCCCCCCCCCCHHHHHHHHHHHHHHHHHHHHHCCCCCCCCCCEECCCCCCCCCCCCCCCCCCCCEEEEEEECCEEEEEEEEHHHHHHHHHHCCCCCCCCEEEEEHHHCCCCCCCCCEEECCHHHHHHCCCCHHHHHHHHCCCCCCCCCCCHHHHHHHHHHHHHHHHHCCHHHHHCCCCCCCCHHCCCHHHHHHHHHHCCEEEEEEECCHHHHHHHHHCCCEEEEEEEECCCCCCCCCCCCCHHHHHHHHHCCCCCCCCCCCCCCEEEEECHHCCCCCCCCCCCCCCCCCCCCCCCCCCCCCCCCCCCCCCCCCCEEEEEEEEEECCCCCCCCCCCCHHHHHCCCCCCCCEEEEECCCCCEEEEEEECCCCCEECCCCHHHHHCCCCHHHHHHHHHHHHHHHHCCCHHHHHHHHHHHHHHHHHHHHHHHHHHHHHHHHHHHCCEEEEECCCCCCCCHHHHHHHHHHHHHHHHHHHHHHHHCCCCCCCCCCCCCCHHHHHHCCHHHHHHHHHCCCEEEEECHHHCCCCCCCCCCCCCCCCCCCCHHHHHHHHHCCCCEEEECCCCEEEEEECHHHCCCCCCCCCCCEEEEECCCEEEEEECCCCCCCCCCEEECHHHHHHHHHHHCCCCCCCCCHHHHHHHCCCHHHHHHHHHHHHHHHHHHCCCCCCCCCCEEECCEECCCCCCCCCCCHHHHCCCCCCCCCCCCHHHHHHHHHHHHHHHHHHCCCCCCCCCCEEECHHHHHHHHHHHHCC
443,MSKLEKFTNCYSLSKTLRFKAIPVGKTQENIDNKRLLVEDEKRAEDYKGVKKLLDRYYLSFINDVLHSIKLKNLNNYISLFRKKTRTEKENKELENLEINLRKEIAKAFKGNEGYKSLFKKDIIETILPEFLDDKDEIALVNSFNGFTTAFTGFFDNRENMFSEEAKSTSIAFRCINENLTRYISNMDIFEKVDAIFDKHEVQEIKEKILNSDYDVEDFFEGEFFNFVLTQEGIDVYNAIIGGFVTESGEKIKGLNEYINLYNQKTKQKLPKFKPLYKQVLSDRESLSFYGEGYTSDEEVLEVFRNTLNKNSEIFSSIKKLEKLFKNFDEYSSAGIFVKNGPAISTISKDIFGEWNVIRDKWNAEYDDIHLKKKAVVTEKYEDDRRKSFKKIGSFSLEQLQEYADADLSVVEKLKEIIIQKVDEIYKVYGSSEKLFDADFVLEKSLKKNDAVVAIMKDLLDSVKSFENYIKAFFGEGKETNRDESFYGDFVLAYDILLKVDHIYDAIRNYVTQKPYSKDKFKLYFQNPQFMGGWDKDKETDYRATILRYGSKYYLAIMDKKYAKCLQKIDKDDVNGNYEKINYKLLPGPNKMLPKVFFSKKWMAYYNPSEDIQKIYKNGTFKKGDMFNLNDCHKLIDFFKDSISRYPKWSNAYDFNFSETEKYKDIAGFYREVEEQGYKVSFESASKKEVDKLVEEGKLYMFQIYNKDFSDKSHGTPNLHTMYFKLLFDENNHGQIRLSGGAELFMRRASLKKEELVVHPANSPIANKNPDNPKKTTTLSYDVYKDKRFSEDQYELHIPIAINKCPKNIFKINTEVRVLLKHDDNPYVIGIDRGERNLLYIVVVDGKGNIVEQYSLNEIINNFNGIRIKTDYHSLLDKKEKERFEARQNWTSIENIKELKAGYISQVVHKICELVEKYDAVIALEDLNSGFKNSRVKVEKQVYQKFEKMLIDKLNYMVDKKSNPCATGGALKGYQITNKFESFKSMSTQNGFIFYIPAWLTSKIDPSTGFVNLLKTKYTSIADSKKFISSFDRIMYVPEEDLFEFALDYKNFSRTDADYIKKWKLYSYGNRIRIFRNPKKNNVFDWEEVCLTSAYKELFNKYGINYQQGDIRALLCEQSDKAFYSSFMALMSLMLQMRNSITGRTDVDFLISPVKNSDGIFYDSRNYEAQENAILPKNADANGAYNIARKVLWAIGQFKKAEDEKLDKVKIAISNKEWLEYAQTSVKH,CCHHHHHCCCCCCCCEEEEEEEECCCHHHHHHHCCCCHHHHHHHHHHHHHHHHHHHHHHHHHHHHHHCCCCCCHHHHHHHHHHHCCCHHHHHHHHHHHHHHHHHHHHHHCCCCCCHHHCCHHHHHHHHHHCCCCHHHHHHHHHHCCCCHHHHHHHHHHHHCCCCCHHHHCHHHHHHHHHHHHHHHHHHHHHHHHHHCCHHHHHHHHHHHHCCCCCHHHHCCHHHHHHCCCHHCHHHHHHHHCCCCCCCCCCCCCHHHHHHHHHHHCCCCCCCCHHHHCCCCCCCCCCCCCCCCCCCHHHHHHHHHHHHHHHHHHHHHHHHHHHHHHHHHHCCCCCEEEECCHHHHHHHHHHHCCHHHHHHHHHHHHHHHHHCCHHHCCCCCHHHHHHHHCCCCCCCHHHHHHHHHHCHHHHHHHHHHHHHHHHHHHHHHHHHHHHHCCCHHHHHHHCCCHHHHHHHHHHHHHHHHHHHHHHHHHCCCCCCCCCCCCCCCHHHHHHHHHHHHHHHHHHHHHCCCCCCCCCCEECCCCCCCCCCCCCCCCCCCCEEEEEEECCEEEEEEEEHHHHHHHHHHCCCCCCCCEEEEEHHHCCCCCCCCCEEECCHHHHHHCCCCHHHHHHHHCCCCCCCCCCCHHHHHHHHHHHHHHHHHCCHHHHHCCCCCCCCHHCCCHHHHHHHHHHCCEEEEEEECCHHHHHHHHHCCCEEEEEEEECCCCCCCCCCCCCHHHHHHHHHCCCCCCCCCCCCCCEEEEECHHCCCCCCCCCCCCCCCCCCCCCCCCCCCCCCCCCCCCCCCCCCEEEEEEEEEECCCCCCCCCCCCHHHHHCCCCCCCCEEEEECCCCCEEEEEEECCCCCEECCCCHHHHHCCCCHHHHHHHHHHHHHHHHCCCHHHHHHHHHHHHHHHHHHHHHHHHHHHHHHHHHHHCCEEEEECCCCCCCCHHHHHHHHHHHHHHHHHHHHHHHHCCCCCCCCCCCCCCHHHHHHCCHHHHHHHHHCCCEEEEECHHHCCCCCCCCCCCCCCCCCCCCHHHHHHHHHCCCCEEEECCCCEEEEEECHHHCCCCCCCCCCCEEEEECCCEEEEEECCCCCCCCCCEEECHHHHHHHHHHHCCCCCCCCCHHHHHHHCCCHHHHHHHHHHHHHHHHHHCCCCCCCCCCEEECCEECCCCCCCCCCCHHHHCCCCCCCCCCCCHHHHHHHHHHHHHHHHHHCCCCCCCCCCEEECHHHHHHHHHHHHCC
550,MSKLEKFTNCYSLSKTLRFKAIPVGKTQENIDNKRLLVEDEKRAEDYKGVKKLLDRYYLSFINDVLHSIKLKNLNNYISLFRKKTRTEKENKELENLEINLRKEIAKAFKGNEGYKSLFKKDIIETILPEFLDDKDEIALVNSFNGFTTAFTGFFDNRENMFSEEAKSTSIAFRCINENLTRYISNMDIFEKVDAIFDKHEVQEIKEKILNSDYDVEDFFEGEFFNFVLTQEGIDVYNAIIGGFVTESGEKIKGLNEYINLYNQKTKQKLPKFKPLYKQVLSDRESLSFYGEGYTSDEEVLEVFRNTLNKNSEIFSSIKKLEKLFKNFDEYSSAGIFVKNGPAISTISKDIFGEWNVIRDKWNAEYDDIHLKKKAVVTEKYEDDRRKSFKKIGSFSLEQLQEYADADLSVVEKLKEIIIQKVDEIYKVYGSSEKLFDADFVLEKSLKKNDAVVAIMKDLLDSVKSFENYIKAFFGEGKETNRDESFYGDFVLAYDILLKVDHIYDAIRNYVTQKPYSKDKFKLYFQNPQFMGGWDKDKETDYRATILRYGSKYYLAIMDKKYAKCLQKIDKDDVNGNYEKINYKLLPGPNKMLPKVFFSKKWMAYYNPSEDIQKIYKNGTFKKGDMFNLNDCHKLIDFFKDSISRYPKWSNAYDFNFSETEKYKDIAGFYREVEEQGYKVSFESASKKEVDKLVEEGKLYMFQIYNKDFSDKSHGTPNLHTMYFKLLFDENNHGQIRLSGGAELFMRRASLKKEELVVHPANSPIANKNPDNPKKTTTLSYDVYKDKRFSEDQYELHIPIAINKCPKNIFKINTEVRVLLKHDDNPYVIGIDRGERNLLYIVVVDGKGNIVEQYSLNEIINNFNGIRIKTDYHSLLDKKEKERFEARQNWTSIENIKELKAGYISQVVHKICELVEKYDAVIALEDLNSGFKNSRVKVEKQVYQKFEKMLIDKLNYMVDKKSNPCATGGALKGYQITNKFESFKSMSTQNGFIFYIPAWLTSKIDPSTGFVNLLKTKYTSIADSKKFISSFDRIMYVPEEDLFEFALDYKNFSRTDADYIKKWKLYSYGNRIRIFRNPKKNNVFDWEEVCLTSAYKELFNKYGINYQQGDIRALLCEQSDKAFYSSFMALMSLMLQMRNSITGRTDVDFLISPVKNSDGIFYDSRNYEAQENAILPKNADANGAYNIARKVLWAIGQFKKAEDEKLDKVKIAISNKEWLEYAQTSVKH,CCHHHHHCCCCCCCCEEEEEEEECCCHHHHHHHCCCCHHHHHHHHHHHHHHHHHHHHHHHHHHHHHHCCCCCCHHHHHHHHHHHCCCHHHHHHHHHHHHHHHHHHHHHHCCCCCCHHHCCHHHHHHHHHHCCCCHHHHHHHHHHCCCCHHHHHHHHHHHHCCCCCHHHHCHHHHHHHHHHHHHHHHHHHHHHHHHHCCHHHHHHHHHHHHCCCCCHHHHCCHHHHHHCCCHHCHHHHHHHHCCCCCCCCCCCCCHHHHHHHHHHHCCCCCCCCHHHHCCCCCCCCCCCCCCCCCCCHHHHHHHHHHHHHHHHHHHHHHHHHHHHHHHHHHCCCCCEEEECCHHHHHHHHHHHCCHHHHHHHHHHHHHHHHHCCHHHCCCCCHHHHHHHHCCCCCCCHHHHHHHHHHCHHHHHHHHHHHHHHHHHHHHHHHHHHHHHCCCHHHHHHHCCCHHHHHHHHHHHHHHHHHHHHHHHHHCCCCCCCCCCCCCCCHHHHHHHHHHHHHHHHHHHHHCCCCCCCCCCEECCCCCCCCCCCCCCCCCCCCEEEEEEECCEEEEEEEEHHHHHHHHHHCCCCCCCCEEEEEHHHCCCCCCCCCEEECCHHHHHHCCCCHHHHHHHHCCCCCCCCCCCHHHHHHHHHHHHHHHHHCCHHHHHCCCCCCCCHHCCCHHHHHHHHHHCCEEEEEEECCHHHHHHHHHCCCEEEEEEEECCCCCCCCCCCCCHHHHHHHHHCCCCCCCCCCCCCCEEEEECHHCCCCCCCCCCCCCCCCCCCCCCCCCCCCCCCCCCCCCCCCCCEEEEEEEEEECCCCCCCCCCCCHHHHHCCCCCCCCEEEEECCCCCEEEEEEECCCCCEECCCCHHHHHCCCCHHHHHHHHHHHHHHHHCCCHHHHHHHHHHHHHHHHHHHHHHHHHHHHHHHHHHHCCEEEEECCCCCCCCHHHHHHHHHHHHHHHHHHHHHHHHCCCCCCCCCCCCCCHHHHHHCCHHHHHHHHHCCCEEEEECHHHCCCCCCCCCCCCCCCCCCCCHHHHHHHHHCCCCEEEECCCCEEEEEECHHHCCCCCCCCCCCEEEEECCCEEEEEECCCCCCCCCCEEECHHHHHHHHHHHCCCCCCCCCHHHHHHHCCCHHHHHHHHHHHHHHHHHHCCCCCCCCCCEEECCEECCCCCCCCCCCHHHHCCCCCCCCCCCCHHHHHHHHHHHHHHHHHHCCCCCCCCCCEEECHHHHHHHHHHHHCC
574,MSKLEKFTNCYSLSKTLRFKAIPVGKTQENIDNKRLLVEDEKRAEDYKGVKKLLDRYYLSFINDVLHSIKLKNLNNYISLFRKKTRTEKENKELENLEINLRKEIAKAFKGNEGYKSLFKKDIIETILPEFLDDKDEIALVNSFNGFTTAFTGFFDNRENMFSEEAKSTSIAFRCINENLTRYISNMDIFEKVDAIFDKHEVQEIKEKILNSDYDVEDFFEGEFFNFVLTQEGIDVYNAIIGGFVTESGEKIKGLNEYINLYNQKTKQKLPKFKPLYKQVLSDRESLSFYGEGYTSDEEVLEVFRNTLNKNSEIFSSIKKLEKLFKNFDEYSSAGIFVKNGPAISTISKDIFGEWNVIRDKWNAEYDDIHLKKKAVVTEKYEDDRRKSFKKIGSFSLEQLQEYADADLSVVEKLKEIIIQKVDEIYKVYGSSEKLFDADFVLEKSLKKNDAVVAIMKDLLDSVKSFENYIKAFFGEGKETNRDESFYGDFVLAYDILLKVDHIYDAIRNYVTQKPYSKDKFKLYFQNPQFMGGWDKDKETDYRATILRYGSKYYLAIMDKKYAKCLQKIDKDDVNGNYEKINYKLLPGPNKMLPKVFFSKKWMAYYNPSEDIQKIYKNGTFKKGDMFNLNDCHKLIDFFKDSISRYPKWSNAYDFNFSETEKYKDIAGFYREVEEQGYKVSFESASKKEVDKLVEEGKLYMFQIYNKDFSDKSHGTPNLHTMYFKLLFDENNHGQIRLSGGAELFMRRASLKKEELVVHPANSPIANKNPDNPKKTTTLSYDVYKDKRFSEDQYELHIPIAINKCPKNIFKINTEVRVLLKHDDNPYVIGIDRGERNLLYIVVVDGKGNIVEQYSLNEIINNFNGIRIKTDYHSLLDKKEKERFEARQNWTSIENIKELKAGYISQVVHKICELVEKYDAVIALEDLNSGFKNSRVKVEKQVYQKFEKMLIDKLNYMVDKKSNPCATGGALKGYQITNKFESFKSMSTQNGFIFYIPAWLTSKIDPSTGFVNLLKTKYTSIADSKKFISSFDRIMYVPEEDLFEFALDYKNFSRTDADYIKKWKLYSYGNRIRIFRNPKKNNVFDWEEVCLTSAYKELFNKYGINYQQGDIRALLCEQSDKAFYSSFMALMSLMLQMRNSITGRTDVDFLISPVKNSDGIFYDSRNYEAQENAILPKNADANGAYNIARKVLWAIGQFKKAEDEKLDKVKIAISNKEWLEYAQTSVKH,CCHHHHHCCCCCCCCEEEEEEEECCCHHHHHHHCCCCHHHHHHHHHHHHHHHHHHHHHHHHHHHHHHCCCCCCHHHHHHHHHHHCCCHHHHHHHHHHHHHHHHHHHHHHCCCCCCHHHCCHHHHHHHHHHCCCCHHHHHHHHHHCCCCHHHHHHHHHHHHCCCCCHHHHCHHHHHHHHHHHHHHHHHHHHHHHHHHCCHHHHHHHHHHHHCCCCCHHHHCCHHHHHHCCCHHCHHHHHHHHCCCCCCCCCCCCCHHHHHHHHHHHCCCCCCCCHHHHCCCCCCCCCCCCCCCCCCCHHHHHHHHHHHHHHHHHHHHHHHHHHHHHHHHHHCCCCCEEEECCHHHHHHHHHHHCCHHHHHHHHHHHHHHHHHCCHHHCCCCCHHHHHHHHCCCCCCCHHHHHHHHHHCHHHHHHHHHHHHHHHHHHHHHHHHHHHHHCCCHHHHHHHCCCHHHHHHHHHHHHHHHHHHHHHHHHHCCCCCCCCCCCCCCCHHHHHHHHHHHHHHHHHHHHHCCCCCCCCCCEECCCCCCCCCCCCCCCCCCCCEEEEEEECCEEEEEEEEHHHHHHHHHHCCCCCCCCEEEEEHHHCCCCCCCCCEEECCHHHHHHCCCCHHHHHHHHCCCCCCCCCCCHHHHHHHHHHHHHHHHHCCHHHHHCCCCCCCCHHCCCHHHHHHHHHHCCEEEEEEECCHHHHHHHHHCCCEEEEEEEECCCCCCCCCCCCCHHHHHHHHHCCCCCCCCCCCCCCEEEEECHHCCCCCCCCCCCCCCCCCCCCCCCCCCCCCCCCCCCCCCCCCCEEEEEEEEEECCCCCCCCCCCCHHHHHCCCCCCCCEEEEECCCCCEEEEEEECCCCCEECCCCHHHHHCCCCHHHHHHHHHHHHHHHHCCCHHHHHHHHHHHHHHHHHHHHHHHHHHHHHHHHHHHCCEEEEECCCCCCCCHHHHHHHHHHHHHHHHHHHHHHHHCCCCCCCCCCCCCCHHHHHHCCHHHHHHHHHCCCEEEEECHHHCCCCCCCCCCCCCCCCCCCCHHHHHHHHHCCCCEEEECCCCEEEEEECHHHCCCCCCCCCCCEEEEECCCEEEEEECCCCCCCCCCEEECHHHHHHHHHHHCCCCCCCCCHHHHHHHCCCHHHHHHHHHHHHHHHHHHCCCCCCCCCCEEECCEECCCCCCCCCCCHHHHCCCCCCCCCCCCHHHHHHHHHHHHHHHHHHCCCCCCCCCCEEECHHHHHHHHHHHHCC
607,MSKLEKFTNCYSLSKTLRFKAIPVGKTQENIDNKRLLVEDEKRAEDYKGVKKLLDRYYLSFINDVLHSIKLKNLNNYISLFRKKTRTEKENKELENLEINLRKEIAKAFKGNEGYKSLFKKDIIETILPEFLDDKDEIALVNSFNGFTTAFTGFFDNRENMFSEEAKSTSIAFRCINENLTRYISNMDIFEKVDAIFDKHEVQEIKEKILNSDYDVEDFFEGEFFNFVLTQEGIDVYNAIIGGFVTESGEKIKGLNEYINLYNQKTKQKLPKFKPLYKQVLSDRESLSFYGEGYTSDEEVLEVFRNTLNKNSEIFSSIKKLEKLFKNFDEYSSAGIFVKNGPAISTISKDIFGEWNVIRDKWNAEYDDIHLKKKAVVTEKYEDDRRKSFKKIGSFSLEQLQEYADADLSVVEKLKEIIIQKVDEIYKVYGSSEKLFDADFVLEKSLKKNDAVVAIMKDLLDSVKSFENYIKAFFGEGKETNRDESFYGDFVLAYDILLKVDHIYDAIRNYVTQKPYSKDKFKLYFQNPQFMGGWDKDKETDYRATILRYGSKYYLAIMDKKYAKCLQKIDKDDVNGNYEKINYKLLPGPNKMLPKVFFSKKWMAYYNPSEDIQKIYKNGTFKKGDMFNLNDCHKLIDFFKDSISRYPKWSNAYDFNFSETEKYKDIAGFYREVEEQGYKVSFESASKKEVDKLVEEGKLYMFQIYNKDFSDKSHGTPNLHTMYFKLLFDENNHGQIRLSGGAELFMRRASLKKEELVVHPANSPIANKNPDNPKKTTTLSYDVYKDKRFSEDQYELHIPIAINKCPKNIFKINTEVRVLLKHDDNPYVIGIDRGERNLLYIVVVDGKGNIVEQYSLNEIINNFNGIRIKTDYHSLLDKKEKERFEARQNWTSIENIKELKAGYISQVVHKICELVEKYDAVIALEDLNSGFKNSRVKVEKQVYQKFEKMLIDKLNYMVDKKSNPCATGGALKGYQITNKFESFKSMSTQNGFIFYIPAWLTSKIDPSTGFVNLLKTKYTSIADSKKFISSFDRIMYVPEEDLFEFALDYKNFSRTDADYIKKWKLYSYGNRIRIFRNPKKNNVFDWEEVCLTSAYKELFNKYGINYQQGDIRALLCEQSDKAFYSSFMALMSLMLQMRNSITGRTDVDFLISPVKNSDGIFYDSRNYEAQENAILPKNADANGAYNIARKVLWAIGQFKKAEDEKLDKVKIAISNKEWLEYAQTSVKH,CCHHHHHCCCCCCCCEEEEEEEECCCHHHHHHHCCCCHHHHHHHHHHHHHHHHHHHHHHHHHHHHHHCCCCCCHHHHHHHHHHHCCCHHHHHHHHHHHHHHHHHHHHHHCCCCCCHHHCCHHHHHHHHHHCCCCHHHHHHHHHHCCCCHHHHHHHHHHHHCCCCCHHHHCHHHHHHHHHHHHHHHHHHHHHHHHHHCCHHHHHHHHHHHHCCCCCHHHHCCHHHHHHCCCHHCHHHHHHHHCCCCCCCCCCCCCHHHHHHHHHHHCCCCCCCCHHHHCCCCCCCCCCCCCCCCCCCHHHHHHHHHHHHHHHHHHHHHHHHHHHHHHHHHHCCCCCEEEECCHHHHHHHHHHHCCHHHHHHHHHHHHHHHHHCCHHHCCCCCHHHHHHHHCCCCCCCHHHHHHHHHHCHHHHHHHHHHHHHHHHHHHHHHHHHHHHHCCCHHHHHHHCCCHHHHHHHHHHHHHHHHHHHHHHHHHCCCCCCCCCCCCCCCHHHHHHHHHHHHHHHHHHHHHCCCCCCCCCCEECCCCCCCCCCCCCCCCCCCCEEEEEEECCEEEEEEEEHHHHHHHHHHCCCCCCCCEEEEEHHHCCCCCCCCCEEECCHHHHHHCCCCHHHHHHHHCCCCCCCCCCCHHHHHHHHHHHHHHHHHCCHHHHHCCCCCCCCHHCCCHHHHHHHHHHCCEEEEEEECCHHHHHHHHHCCCEEEEEEEECCCCCCCCCCCCCHHHHHHHHHCCCCCCCCCCCCCCEEEEECHHCCCCCCCCCCCCCCCCCCCCCCCCCCCCCCCCCCCCCCCCCCEEEEEEEEEECCCCCCCCCCCCHHHHHCCCCCCCCEEEEECCCCCEEEEEEECCCCCEECCCCHHHHHCCCCHHHHHHHHHHHHHHHHCCCHHHHHHHHHHHHHHHHHHHHHHHHHHHHHHHHHHHCCEEEEECCCCCCCCHHHHHHHHHHHHHHHHHHHHHHHHCCCCCCCCCCCCCCHHHHHHCCHHHHHHHHHCCCEEEEECHHHCCCCCCCCCCCCCCCCCCCCHHHHHHHHHCCCCEEEECCCCEEEEEECHHHCCCCCCCCCCCEEEEECCCEEEEEECCCCCCCCCCEEECHHHHHHHHHHHCCCCCCCCCHHHHHHHCCCHHHHHHHHHHHHHHHHHHCCCCCCCCCCEEECCEECCCCCCCCCCCHHHHCCCCCCCCCCCCHHHHHHHHHHHHHHHHHHCCCCCCCCCCEEECHHHHHHHHHHHHCC